{
  "arch": "hc",
  "alpha": 1.0,
  "seed": 2,
  "nll": 7.876295983791351,
  "n_attn_layers": 12,
  "mean_v_norm": 489.6808829307556,
  "wallclock_s": 2.5422730445861816
}