{
  "arch": "hc",
  "alpha": 10.0,
  "seed": 2,
  "nll": 11.50207644701004,
  "n_attn_layers": 12,
  "mean_v_norm": 540.5270440578461,
  "wallclock_s": 2.5430142879486084
}