{
  "arch": "hc",
  "alpha": 1.5,
  "seed": 2,
  "nll": 9.08014677464962,
  "n_attn_layers": 12,
  "mean_v_norm": 499.42627239227295,
  "wallclock_s": 2.8193490505218506,
  "per_layer_norms_per_seg": [
    [
      73.24779510498047,
      1119.6053466796875,
      1246.8975830078125,
      2747.269775390625,
      2847.7998046875,
      2906.4697265625,
      3009.062255859375,
      3147.702392578125,
      3622.421630859375,
      3954.330078125,
      4466.455078125,
      5654.51416015625,
      11029.2529296875
    ],
    [
      70.76223754882812,
      1095.2137451171875,
      1217.99169921875,
      3328.943359375,
      3328.0615234375,
      3300.89013671875,
      3273.021484375,
      3394.825927734375,
      3553.2958984375,
      3832.605224609375,
      4209.8818359375,
      5168.23583984375,
      11236.2431640625
    ],
    [
      70.58892822265625,
      1098.8826904296875,
      1218.3941650390625,
      3050.869384765625,
      3166.821044921875,
      3209.62109375,
      3285.648193359375,
      3403.608154296875,
      3564.967041015625,
      3844.440185546875,
      4253.9072265625,
      5199.9375,
      9183.7060546875
    ],
    [
      72.2454605102539,
      1122.9295654296875,
      1244.086181640625,
      3228.318115234375,
      3254.983154296875,
      3262.805419921875,
      3301.77587890625,
      3329.624267578125,
      3487.7939453125,
      3778.75439453125,
      4266.16552734375,
      5355.18798828125,
      10039.3525390625
    ],
    [
      72.68002319335938,
      1111.40771484375,
      1234.1844482421875,
      2922.520263671875,
      2939.09033203125,
      3035.94970703125,
      3087.627197265625,
      3194.911376953125,
      3369.908935546875,
      3634.79150390625,
      4072.36279296875,
      5415.79345703125,
      10669.0849609375
    ],
    [
      72.47300720214844,
      1105.149658203125,
      1249.0880126953125,
      3786.96875,
      3740.81640625,
      3701.3017578125,
      3703.295654296875,
      3800.456787109375,
      3940.764404296875,
      4030.477783203125,
      4402.5078125,
      5240.09326171875,
      9748.3740234375
    ],
    [
      72.6986083984375,
      1123.1595458984375,
      1237.6202392578125,
      3737.794189453125,
      3703.868896484375,
      3623.747314453125,
      3594.70556640625,
      3633.734619140625,
      3773.71435546875,
      3911.604736328125,
      4278.10693359375,
      5350.583984375,
      9252.6318359375
    ],
    [
      72.3822021484375,
      1121.2491455078125,
      1248.643798828125,
      2694.65087890625,
      2771.15478515625,
      2868.994384765625,
      2984.48828125,
      3221.332275390625,
      3645.37353515625,
      3956.3203125,
      4808.73291015625,
      6405.63623046875,
      12938.046875
    ],
    [
      72.20132446289062,
      1088.7552490234375,
      1201.9337158203125,
      2726.863525390625,
      2783.626708984375,
      2814.703857421875,
      2912.799560546875,
      3115.81494140625,
      3438.7685546875,
      3561.13818359375,
      4023.991943359375,
      5331.81396484375,
      9659.1220703125
    ],
    [
      73.9547348022461,
      1129.9864501953125,
      1255.1624755859375,
      3058.345458984375,
      3066.671142578125,
      3136.8505859375,
      3187.99755859375,
      3282.046630859375,
      3500.900390625,
      3727.37548828125,
      4253.4580078125,
      5373.01318359375,
      9397.96484375
    ],
    [
      72.18881225585938,
      1124.53076171875,
      1253.285888671875,
      3644.518310546875,
      3572.843505859375,
      3513.63720703125,
      3475.114013671875,
      3543.69140625,
      3733.158203125,
      3899.384033203125,
      4279.66845703125,
      5485.8642578125,
      11102.7880859375
    ],
    [
      72.08097076416016,
      1100.590087890625,
      1213.2442626953125,
      3905.088134765625,
      3872.871826171875,
      3777.310791015625,
      3749.181396484375,
      3788.802978515625,
      3877.7939453125,
      4012.568115234375,
      4326.9853515625,
      5298.46337890625,
      9564.55078125
    ],
    [
      71.5580825805664,
      1100.037841796875,
      1241.3629150390625,
      3665.783447265625,
      3651.602783203125,
      3577.3564453125,
      3597.273193359375,
      3662.9384765625,
      3833.027587890625,
      4011.196533203125,
      4392.7529296875,
      5374.42529296875,
      10009.3916015625
    ],
    [
      71.60842895507812,
      1109.6749267578125,
      1228.7911376953125,
      3992.942138671875,
      3971.910888671875,
      3915.449462890625,
      3878.543701171875,
      3948.01025390625,
      4072.409423828125,
      4268.60693359375,
      4736.759765625,
      5904.72509765625,
      10476.48828125
    ],
    [
      71.75801849365234,
      1096.3282470703125,
      1195.0360107421875,
      2893.67041015625,
      2956.25537109375,
      2965.304443359375,
      2974.617919921875,
      3201.224853515625,
      3512.90087890625,
      3806.342041015625,
      4499.3466796875,
      5772.943359375,
      12582.9921875
    ],
    [
      69.96076965332031,
      1072.550048828125,
      1199.5782470703125,
      2883.74560546875,
      2940.08203125,
      2976.048095703125,
      3099.171630859375,
      3156.603515625,
      3390.755126953125,
      3604.191162109375,
      4086.8095703125,
      5485.2333984375,
      11186.9423828125
    ],
    [
      70.75146484375,
      1111.5760498046875,
      1221.6873779296875,
      3050.65869140625,
      3052.679443359375,
      3076.283203125,
      3033.3486328125,
      3183.068603515625,
      3497.638916015625,
      3619.837646484375,
      4184.84130859375,
      5443.92333984375,
      9105.0615234375
    ],
    [
      71.9738998413086,
      1097.1207275390625,
      1213.9044189453125,
      2733.295166015625,
      2791.439453125,
      2863.474365234375,
      2901.274169921875,
      3128.470947265625,
      3528.77880859375,
      3905.21337890625,
      4496.5859375,
      5907.689453125,
      11869.3046875
    ],
    [
      71.5245132446289,
      1111.5218505859375,
      1248.35107421875,
      3600.213134765625,
      3587.771240234375,
      3556.15966796875,
      3532.751953125,
      3551.122802734375,
      3778.443115234375,
      3838.56298828125,
      4259.3642578125,
      5241.75244140625,
      8207.6328125
    ],
    [
      71.89740753173828,
      1099.4041748046875,
      1216.805908203125,
      2707.0673828125,
      2801.013916015625,
      2871.68603515625,
      3030.19482421875,
      3332.06591796875,
      3795.26611328125,
      3972.072265625,
      4551.1064453125,
      6570.310546875,
      12969.859375
    ],
    [
      70.76575469970703,
      1098.4912109375,
      1246.533447265625,
      2884.12158203125,
      2938.177001953125,
      2998.15966796875,
      3051.330322265625,
      3261.843017578125,
      3635.255126953125,
      3962.020263671875,
      4493.54248046875,
      5604.41162109375,
      10656.9501953125
    ],
    [
      70.81363677978516,
      1106.690673828125,
      1221.3734130859375,
      2698.809326171875,
      2778.658203125,
      2829.12841796875,
      2899.086181640625,
      3120.508544921875,
      3372.083740234375,
      3561.822021484375,
      4040.5009765625,
      5356.19189453125,
      9951.359375
    ],
    [
      72.58641815185547,
      1120.7296142578125,
      1242.6773681640625,
      3798.043701171875,
      3729.15576171875,
      3644.68212890625,
      3642.791259765625,
      3721.343017578125,
      3846.3916015625,
      3957.964599609375,
      4170.5556640625,
      5152.7958984375,
      8019.75634765625
    ],
    [
      73.29633331298828,
      1119.17919921875,
      1240.771484375,
      2953.463623046875,
      2984.14892578125,
      3010.91259765625,
      3082.480712890625,
      3212.011474609375,
      3538.740234375,
      3740.647216796875,
      4201.51513671875,
      5858.40673828125,
