{
  "arch": "hc",
  "alpha": 0.05,
  "seed": 2,
  "nll": 6.547473028302193,
  "n_attn_layers": 12,
  "mean_v_norm": 474.88880491256714,
  "wallclock_s": 2.540809154510498
}