{
  "arch": "hc",
  "alpha": 2.0,
  "seed": 2,
  "nll": 10.168900907039642,
  "n_attn_layers": 12,
  "mean_v_norm": 512.998494942983,
  "wallclock_s": 2.53407621383667
}