{
  "experiment": "e18_2hop_chain",
  "seed": 1,
  "model": "Qwen/Qwen3-4B-Instruct-2507",
  "diagnostics": {
    "n_natural_chains": 120,
    "n_synthetic_chains": 0,
    "n_train_chains": 60,
    "n_eval_chains": 60
  },
  "hyperparams": {
    "bank_layer": 9,
    "rank": 64,
    "lr": 0.0002,
    "steps": 200,
    "synthetic_ok": true
  },
  "pre_train": {
    "None_single_hop_A": 9.776373024781545,
    "None_single_hop_B": 10.13954661687215,
    "None_two_hop": 12.575365463892618,
    "A_only_single_hop_A": 9.757932420571645,
    "A_only_single_hop_B": 10.127126558621724,
    "A_only_two_hop": 12.580768871307374,
    "B_only_single_hop_A": 9.770123342672983,
    "B_only_single_hop_B": 10.135486062367757,
    "B_only_two_hop": 12.575746870040893,
    "AB_both_single_hop_A": 9.759575833876928,
    "AB_both_single_hop_B": 10.129649408658345,
    "AB_both_two_hop": 12.577656809488932
  },
  "post_train": {
    "None_single_hop_A": 9.776373024781545,
    "None_single_hop_B": 10.13954661687215,
    "None_two_hop": 12.575365463892618,
    "A_only_single_hop_A": 9.762382546067238,
    "A_only_single_hop_B": 10.138576495647431,
    "A_only_two_hop": 12.580528084437052,
    "B_only_single_hop_A": 9.780079638957977,
    "B_only_single_hop_B": 10.1209082365036,
    "B_only_two_hop": 12.5857453028361,
    "AB_both_single_hop_A": 9.762108386556308,
    "AB_both_single_hop_B": 10.1482705672582,
    "AB_both_two_hop": 12.577754179636637
  },
  "deltas": {
    "AB_vs_None": 0.0023887157440185547,
    "AB_vs_A_only": -0.0027739048004153943,
    "AB_vs_B_only": -0.007991123199463601
  },
  "pass_criterion": {
    "rule": "delta_AB_vs_A <= -0.8 AND delta_AB_vs_B <= -0.8",
    "pass": false
  },
  "loss_first25": [
    8.700163841247559,
    10.554728507995605,
    9.279828071594238,
    10.09139633178711,
    10.079854965209961,
    10.795514106750488,
    9.544386863708496,
    10.785664558410645,
    11.62925910949707,
    11.543566703796387,
    9.566324234008789,
    11.177573204040527,
    4.10788106918335,
    12.149958610534668,
    10.109350204467773,
    13.290736198425293,
    7.91813850402832,
    13.191422462463379,
    9.773279190063477,
    13.495271682739258,
    12.065265655517578,
    8.542699813842773,
    9.677282333374023,
    9.6204833984375,
    10.588379859924316
  ],
  "loss_last25": [
    7.358023166656494,
    8.182204246520996,
    4.151036262512207,
    2.077723979949951,
    6.599726676940918,
    6.448236465454102,
    8.65729808807373,
    6.086645603179932,
    4.529327869415283,
    7.759328365325928,
    6.292454719543457,
    8.78725814819336,
    7.067811965942383,
    8.579139709472656,
    9.098260879516602,
    9.813272476196289,
    9.104159355163574,
    12.872621536254883,
    10.341588973999023,
    3.4962410926818848,
    6.381959915161133,
    6.156979560852051,
    6.924930572509766,
    4.065763473510742,
    6.696935653686523
  ]
}