{
  "experiment": "e18_2hop_chain",
  "seed": 2,
  "model": "Qwen/Qwen3-4B-Instruct-2507",
  "diagnostics": {
    "n_natural_chains": 120,
    "n_synthetic_chains": 0,
    "n_train_chains": 60,
    "n_eval_chains": 60
  },
  "hyperparams": {
    "bank_layer": 9,
    "rank": 64,
    "lr": 0.0002,
    "steps": 200,
    "synthetic_ok": true
  },
  "pre_train": {
    "None_single_hop_A": 10.066612537701925,
    "None_single_hop_B": 10.446264823277792,
    "None_two_hop": 12.529717032114664,
    "A_only_single_hop_A": 10.05504629611969,
    "A_only_single_hop_B": 10.431342053413392,
    "A_only_two_hop": 12.532548252741496,
    "B_only_single_hop_A": 10.067722185452778,
    "B_only_single_hop_B": 10.430627592404683,
    "B_only_two_hop": 12.540989859898884,
    "AB_both_single_hop_A": 10.057480637232462,
    "AB_both_single_hop_B": 10.424130368232728,
    "AB_both_two_hop": 12.536457061767578
  },
  "post_train": {
    "None_single_hop_A": 10.066612537701925,
    "None_single_hop_B": 10.446264823277792,
    "None_two_hop": 12.529717032114664,
    "A_only_single_hop_A": 10.053040019671123,
    "A_only_single_hop_B": 10.426903812090556,
    "A_only_two_hop": 12.528298155466716,
    "B_only_single_hop_A": 10.066067838668824,
    "B_only_single_hop_B": 10.425730323791504,
    "B_only_two_hop": 12.544243780771891,
    "AB_both_single_hop_A": 10.060375857353211,
    "AB_both_single_hop_B": 10.42733527024587,
    "AB_both_two_hop": 12.542040220896403
  },
  "deltas": {
    "AB_vs_None": 0.012323188781738992,
    "AB_vs_A_only": 0.013742065429687145,
    "AB_vs_B_only": -0.002203559875487926
  },
  "pass_criterion": {
    "rule": "delta_AB_vs_A <= -0.8 AND delta_AB_vs_B <= -0.8",
    "pass": false
  },
  "loss_first25": [
    0.44593214988708496,
    12.014342308044434,
    11.38058853149414,
    11.24608039855957,
    6.854034900665283,
    9.96639347076416,
    9.876023292541504,
    9.317911148071289,
    9.122672080993652,
    13.010799407958984,
    12.206962585449219,
    9.018726348876953,
    12.002579689025879,
    10.282807350158691,
    6.936493396759033,
    9.898347854614258,
    10.737628936767578,
    11.843255996704102,
    11.46324634552002,
    10.294341087341309,
    11.42348575592041,
    11.322221755981445,
    12.627092361450195,
    12.989278793334961,
    7.2369842529296875
  ],
  "loss_last25": [
    5.048435211181641,
    1.1630445718765259,
    9.626581192016602,
    8.32149600982666,
    3.8890273571014404,
    8.485898971557617,
    4.1090288162231445,
    9.781484603881836,
    3.0094025135040283,
    3.5084400177001953,
    5.571714401245117,
    8.22599983215332,
    8.18722915649414,
    10.750402450561523,
    10.641617774963379,
    2.0094475746154785,
    5.25434684753418,
    7.5792083740234375,
    7.708086967468262,
    5.90054178237915,
    7.557424068450928,
    5.55601167678833,
    3.261026382446289,
    5.795931339263916,
    5.4610443115234375
  ]
}