{
  "experiment": "e18_2hop_chain",
  "seed": 0,
  "model": "Qwen/Qwen3-4B-Instruct-2507",
  "diagnostics": {
    "n_natural_chains": 120,
    "n_synthetic_chains": 0,
    "n_train_chains": 60,
    "n_eval_chains": 60
  },
  "hyperparams": {
    "bank_layer": 9,
    "rank": 64,
    "lr": 0.0002,
    "steps": 200,
    "synthetic_ok": true
  },
  "pre_train": {
    "None_single_hop_A": 9.624152716000875,
    "None_single_hop_B": 10.131191062927247,
    "None_two_hop": 12.185032121340434,
    "A_only_single_hop_A": 9.62560308376948,
    "A_only_single_hop_B": 10.127846133708953,
    "A_only_two_hop": 12.188173015912374,
    "B_only_single_hop_A": 9.633558791875839,
    "B_only_single_hop_B": 10.121771264076234,
    "B_only_two_hop": 12.18619672457377,
    "AB_both_single_hop_A": 9.623110810915628,
    "AB_both_single_hop_B": 10.126401090621949,
    "AB_both_two_hop": 12.181618022918702
  },
  "post_train": {
    "None_single_hop_A": 9.624152716000875,
    "None_single_hop_B": 10.131191062927247,
    "None_two_hop": 12.185032121340434,
    "A_only_single_hop_A": 9.625600494941075,
    "A_only_single_hop_B": 10.130190563201904,
    "A_only_two_hop": 12.178781243165334,
    "B_only_single_hop_A": 9.625529086589813,
    "B_only_single_hop_B": 10.118319539229075,
    "B_only_two_hop": 12.19432407617569,
    "AB_both_single_hop_A": 9.61292791167895,
    "AB_both_single_hop_B": 10.12390233675639,
    "AB_both_two_hop": 12.184427007039387
  },
  "deltas": {
    "AB_vs_None": -0.0006051143010470383,
    "AB_vs_A_only": 0.0056457638740532445,
    "AB_vs_B_only": -0.009897069136302505
  },
  "pass_criterion": {
    "rule": "delta_AB_vs_A <= -0.8 AND delta_AB_vs_B <= -0.8",
    "pass": false
  },
  "loss_first25": [
    12.258508682250977,
    9.394769668579102,
    14.424893379211426,
    10.825233459472656,
    8.967462539672852,
    11.887297630310059,
    9.783376693725586,
    8.331296920776367,
    9.967373847961426,
    12.248956680297852,
    11.379671096801758,
    11.926817893981934,
    8.538686752319336,
    12.485854148864746,
    12.212272644042969,
    9.618985176086426,
    10.553146362304688,
    8.613926887512207,
    8.124110221862793,
    6.189437389373779,
    11.427720069885254,
    11.499732971191406,
    11.918176651000977,
    10.077533721923828,
    10.530301094055176
  ],
  "loss_last25": [
    6.312601566314697,
    6.3840789794921875,
    10.3345308303833,
    8.56446647644043,
    10.27347469329834,
    3.4701199531555176,
    4.5793609619140625,
    6.2955322265625,
    5.395830154418945,
    7.794890880584717,
    4.996537685394287,
    7.982924461364746,
    5.2872161865234375,
    8.492246627807617,
    7.856563091278076,
    6.158355712890625,
    5.975108623504639,
    1.681968092918396,
    8.118860244750977,
    6.865414619445801,
    6.075958728790283,
    4.919036388397217,
    5.686030387878418,
    6.367051124572754,
    5.5864176750183105
  ],
  "_note_sign_repatch": "deltas re-signed to AB_both - X_only (post - reference; negative = AB helps)"
}