{
  "n_total_cells": 7200,
  "alphas": [
    0.005
  ],
  "bank_size": 400,
  "per_alpha": {
    "0.0050": {
      "variants": {
        "base": {
          "n": 1200,
          "mean_margin": -4.786695991717304,
          "sem_margin": 0.14209101643454355
        },
        "full_bank_concat": {
          "n": 1200,
          "mean_margin": -0.4909481084346771,
          "sem_margin": 0.10035052542078716
        },
        "full_bank_topk1": {
          "n": 1200,
          "mean_margin": -0.3782096318528056,
          "sem_margin": 0.0847065991963565,
          "retrieval_accuracy": 0.0025,
          "retrieval_se": 0.0014415703243338496,
          "chance": 0.0025,
          "accuracy_above_chance_3se": false,
          "n_retrieval": 1200,
          "mean_bank_mass": 0.40540445151997523,
          "mean_max_bank_prob": 0.09030500684864819,
          "mean_top1_top2_gap": 0.04798787847626954
        },
        "full_bank_topk1_meanV": {
          "n": 1200,
          "mean_margin": -0.34181746389716866,
          "sem_margin": 0.08394175135550919,
          "retrieval_accuracy": 0.0025,
          "retrieval_se": 0.0014415703243338496,
          "chance": 0.0025,
          "accuracy_above_chance_3se": false,
          "n_retrieval": 1200,
          "mean_bank_mass": 0.40598335932862634,
          "mean_max_bank_prob": 0.09033108153820245,
          "mean_top1_top2_gap": 0.04798350435228915
        },
        "full_bank_topk1_minus_correct": {
          "n": 1200,
          "mean_margin": -0.33511503422632816,
          "sem_margin": 0.08442243063407749,
          "mean_bank_mass": 0.4048338775037943,
          "mean_max_bank_prob": 0.0901195715339337,
          "mean_top1_top2_gap": 0.04784219807453661
        },
        "full_bank_topk1_shuffled_factids": {
          "n": 1200,
          "mean_margin": -0.4109843423931549,
          "sem_margin": 0.08469833530265078,
          "retrieval_accuracy": 0.0025,
          "retrieval_se": 0.0014415703243338496,
          "chance": 0.0025,
          "accuracy_above_chance_3se": false,
          "n_retrieval": 1200,
          "mean_bank_mass": 0.4051188143503128,
          "mean_max_bank_prob": 0.0901104974818709,
          "mean_top1_top2_gap": 0.047758584002968514
        }
      },
      "contrasts": [
        {
          "gate": "A",
          "hi": "full_bank_topk1",
          "lo": "full_bank_topk1_minus_correct",
          "n": 1200,
          "diff_mean": -0.04309459762647748,
          "ci_lo": -0.08433818003411094,
          "ci_hi": -0.0024596779756248066,
          "passes": false
        },
        {
          "gate": "C",
          "hi": "full_bank_topk1",
          "lo": "full_bank_topk1_meanV",
          "n": 1200,
          "diff_mean": -0.036392167955636975,
          "ci_lo": -0.07755726318527013,
          "ci_hi": 0.005957701633684322,
          "passes": false
        },
        {
          "gate": "D",
          "hi": "full_bank_topk1",
          "lo": "full_bank_topk1_shuffled_factids",
          "n": 1200,
          "diff_mean": 0.032774710540349285,
          "ci_lo": -0.01074461645966706,
          "ci_hi": 0.07701356374930277,
          "passes": false
        }
      ],
      "n_pairs": 1200
    }
  },
  "gates": {
    "A_strict_passes_count": 0,
    "A_ci_pos_count": 0,
    "B_any_alpha": false,
    "C_any_alpha": false,
    "D_any_alpha": false
  },
  "verdict": "EXP25_FAIL"
}