{
  "stage": "13C",
  "model": "google/gemma-4-E2B",
  "device": "mps",
  "dtype": "bfloat16",
  "N": 94,
  "relations": [
    "P101",
    "P140",
    "P19",
    "P36",
    "P39",
    "P641",
    "P937"
  ],
  "holdout_relations": [
    "P140",
    "P937",
    "P39"
  ],
  "K_probe": 20,
  "r_values": [
    0,
    2,
    4,
    8
  ],
  "non_shared_layers": [
    0,
    1,
    2,
    3,
    4,
    5,
    6,
    7,
    8,
    9,
    10,
    11,
    12,
    13,
    14
  ],
  "sweep": [
    {
      "r": 0,
      "recall@1_all": 0.0,
      "recall@1_train": 0.0,
      "recall@1_holdout": 0.0,
      "by_relation": {
        "P36": 0.0,
        "P641": 0.0,
        "P937": 0.0,
        "P140": 0.0,
        "P101": 0.0,
        "P19": 0.0,
        "P39": 0.0
      }
    },
    {
      "r": 2,
      "recall@1_all": 0.05319148936170213,
      "recall@1_train": 0.0,
      "recall@1_holdout": 0.13157894736842105,
      "by_relation": {
        "P36": 0.0,
        "P641": 0.0,
        "P937": 0.0,
        "P140": 0.0,
        "P101": 0.0,
        "P19": 0.0,
        "P39": 0.35714285714285715
      }
    },
    {
      "r": 4,
      "recall@1_all": 0.07446808510638298,
      "recall@1_train": 0.0,
      "recall@1_holdout": 0.18421052631578946,
      "by_relation": {
        "P36": 0.0,
        "P641": 0.0,
        "P937": 0.0,
        "P140": 0.0,
        "P101": 0.0,
        "P19": 0.0,
        "P39": 0.5
      }
    },
    {
      "r": 8,
      "recall@1_all": 0.06382978723404255,
      "recall@1_train": 0.0,
      "recall@1_holdout": 0.15789473684210525,
      "by_relation": {
        "P36": 0.0,
        "P641": 0.0,
        "P937": 0.0,
        "P140": 0.0,
        "P101": 0.0,
        "P19": 0.0,
        "P39": 0.42857142857142855
      }
    }
  ],
  "best_holdout_recall@1": 0.18421052631578946,
  "best_holdout_r": 4,
  "pass_criterion": "holdout recall@1 >= 0.55 at some r",
  "passed": false,
  "spectrum_summary": {
    "0": {
      "S_top10": [
        154.95413208007812,
        1.6722957925114496e-14,
        1.5483027051210393e-14,
        1.5483027051210393e-14,
        1.5483027051210393e-14,
        1.5483027051210393e-14,
        1.5483027051210393e-14,
        1.5483027051210393e-14,
        1.5483027051210393e-14,
        1.5483027051210393e-14
      ],
      "S_total": 154.95413208007812,
      "probe_acc_top10": [
        0.25,
        0.25,
        0.25,
        0.25,
        0.25,
        0.25,
        0.25,
        0.25,
        0.25,
        0.25
      ],
      "best_dir_idx": 0,
      "best_dir_acc": 0.25
    },
    "1": {
      "S_top10": [
        153.56857299804688,
        15.571756362915039,
        6.922414302825928,
        5.922222137451172,
        5.338994026184082,
        4.303890705108643,
        3.466432809829712,
        3.117262601852417,
        2.770817756652832,
        2.7184643745422363
      ],
      "S_total": 264.36175537109375,
      "probe_acc_top10": [
        0.3214285671710968,
        0.6607142686843872,
        0.5892857313156128,
        0.6071428656578064,
        0.875,
        0.4821428656578064,
        0.4642857015132904,
        0.5714285969734192,
        0.5357142686843872,
        0.3214285671710968
      ],
      "best_dir_idx": 4,
      "best_dir_acc": 0.875
    },
    "2": {
      "S_top10": [
        153.02896118164062,
        13.428564071655273,
        9.968111991882324,
        8.844745635986328,
        7.5271453857421875,
        6.143071174621582,
        5.4127092361450195,
        4.523244380950928,
        3.7027833461761475,
        3.388305902481079
      ],
      "S_total": 298.9164733886719,
      "probe_acc_top10": [
        0.6071428656578064,
        0.6964285969734192,
        0.9285714030265808,
        0.6785714030265808,
        0.8571428656578064,
        0.5714285969734192,
        0.4464285671710968,
        0.7678571343421936,
        0.3392857015132904,
        0.25
      ],
      "best_dir_idx": 2,
      "best_dir_acc": 0.9285714030265808
    },
    "3": {
      "S_top10": [
        146.2772674560547,
        31.59552574157715,
        20.512895584106445,
        16.65461540222168,
        13.913445472717285,
        10.921623229980469,
        10.327373504638672,
        9.993738174438477,
        7.595678806304932,
        6.8349289894104
      ],
      "S_total": 412.7843933105469,
      "probe_acc_top10": [
        0.6964285969734192,
        0.9821428656578064,
        0.8571428656578064,
        0.9821428656578064,
        0.625,
        0.5,
        0.2678571343421936,
        0.625,
        0.4464285671710968,
        0.2857142984867096
      ],
      "best_dir_idx": 1,
      "best_dir_acc": 0.9821428656578064
    },
    "4": {
      "S_top10": [
        199.9931640625,
        50.25620651245117,
        40.67578887939453,
        27.4376220703125,
        23.445579528808594,
        20.010231018066406,
        18.88981819152832,
        18.14878273010254,
        13.496675491333008,
        12.386563301086426
      ],
      "S_total": 689.0341796875,
      "probe_acc_top10": [
        0.8035714030265808,
        0.8392857313156128,
        0.8392857313156128,
        0.75,
        0.8035714030265808,
        0.5535714030265808,
        0.5892857313156128,
        0.5178571343421936,
        0.375,
        0.2321428507566452
      ],
      "best_dir_idx": 1,
      "best_dir_acc": 0.8392857313156128
    },
    "5": {
      "S_top10": [
        137.34295654296875,
        33.215206146240234,
        31.492324829101562,
        25.16998863220215,
        20.874242782592773,
        16.527868270874023,
        14.15859603881836,
        13.61086654663086,
        12.144216537475586,
        11.180915832519531
      ],
      "S_total": 557.7100830078125,
      "probe_acc_top10": [
        0.5535714030265808,
        0.9821428656578064,
        0.8928571343421936,
        0.8392857313156128,
        0.7678571343421936,
        0.3214285671710968,
        0.3571428656578064,
        0.5357142686843872,
        0.3392857015132904,
        0.4107142984867096
      ],
      "best_dir_idx": 1,
      "best_dir_acc": 0.9821428656578064
    },
    "6": {
      "S_top10": [
        149.9619598388672,
        20.863525390625,
        17.041154861450195,
        12.43697452545166,
        10.702193260192871,
        10.084839820861816,
        7.714603424072266,
        7.06416130065918,
        6.3054046630859375,
        6.146995544433594
      ],
      "S_total": 377.65576171875,
      "probe_acc_top10": [
        0.6607142686843872,
        0.9107142686843872,
        0.9285714030265808,
        1.0,
        0.875,
        0.625,
        0.5535714030265808,
        0.3392857015132904,
        0.4464285671710968,
        0.3571428656578064
      ],
      "best_dir_idx": 3,
      "best_dir_acc": 1.0
    },
    "7": {
      "S_top10": [
        137.15342712402344,
        37.4954833984375,
        30.91277313232422,
        24.094701766967773,
        20.756872177124023,
        19.573810577392578,
        15.136584281921387,
        12.795514106750488,
        11.283332824707031,
        10.135027885437012
      ],
      "S_total": 537.7813110351562,
      "probe_acc_top10": [
        0.7678571343421936,
        0.6071428656578064,
        1.0,
        0.9464285969734192,
        0.625,
        0.7857142686843872,
        0.5892857313156128,
        0.4107142984867096,
        0.4285714328289032,
        0.2678571343421936
      ],
      "best_dir_idx": 2,
      "best_dir_acc": 1.0
    },
    "8": {
      "S_top10": [
        129.1255645751953,
        44.086265563964844,
        37.60211944580078,
        28.405887603759766,
        24.645538330078125,
        21.54823875427246,
        18.37325668334961,
        15.058175086975098,
        14.131244659423828,
        13.034353256225586
      ],
      "S_total": 607.1177368164062,