{
  "arch": "residual",
  "alpha": 1.5,
  "seed": 0,
  "nll": 10.510783582925797,
  "n_attn_layers": 12,
  "mean_v_norm": 521.7062817414602,
  "wallclock_s": 2.1579668521881104,
  "per_layer_norms_per_seg": [
    [
      73.24779510498047,
      1257.552490234375,
      1483.5423583984375,
      2921.3388671875,
      3204.075927734375,
      3420.198486328125,
      3710.712890625,
      4004.36181640625,
      4257.5947265625,
      4563.7958984375,
      5332.6884765625,
      6910.62939453125,
      12791.373046875
    ],
    [
      70.76223754882812,
      1233.1671142578125,
      1445.148681640625,
      2720.360107421875,
      2843.036865234375,
      3020.154541015625,
      3387.124267578125,
      3670.82861328125,
      3978.150146484375,
      4775.6337890625,
      5349.10009765625,
      7256.82763671875,
      13324.029296875
    ],
    [
      70.58892822265625,
      1245.72802734375,
      1464.9447021484375,
      2885.887939453125,
      3021.652099609375,
      3329.209228515625,
      3548.917236328125,
      4248.2685546875,
      4620.15478515625,
      5034.31298828125,
      5637.421875,
      7428.09130859375,
      14858.220703125
    ],
    [
      72.2454605102539,
      1254.051025390625,
      1437.1346435546875,
      2835.11083984375,
      2970.648681640625,
      3086.236572265625,
      3374.512451171875,
      3585.83447265625,
      4126.3115234375,
      4297.552734375,
      4870.09521484375,
      6685.30126953125,
      12227.169921875
    ],
    [
      72.68002319335938,
      1247.1456298828125,
      1441.4552001953125,
      2845.439208984375,
      3044.8955078125,
      3305.18017578125,
      3673.9404296875,
      4184.67724609375,
      4525.78125,
      4822.24267578125,
      5462.11181640625,
      6444.41064453125,
      11352.2021484375
    ],
    [
      72.47300720214844,
      1235.367919921875,
      1429.3878173828125,
      2832.1513671875,
      3005.908447265625,
      3206.888427734375,
      3614.802490234375,
      3773.906005859375,
      4421.86865234375,
      4848.40185546875,
      5234.61328125,
      6756.6689453125,
      16427.158203125
    ],
    [
      72.6986083984375,
      1243.681640625,
      1451.2850341796875,
      2869.705810546875,
      3006.54541015625,
      3237.3447265625,
      3681.902587890625,
      4282.60595703125,
      4852.5498046875,
      5181.93994140625,
      5881.25439453125,
      7055.92529296875,
      12661.7392578125
    ],
    [
      72.3822021484375,
      1252.9886474609375,
      1448.9996337890625,
      2729.278076171875,
      2894.83935546875,
      3004.159912109375,
      3397.890869140625,
      3878.826171875,
      4622.95703125,
      5081.17431640625,
      5659.72998046875,
      7259.73583984375,
      15065.8564453125
    ],
    [
      72.20132446289062,
      1241.4127197265625,
      1460.205322265625,
      2845.629150390625,
      2996.183837890625,
      3247.95361328125,
      3434.09521484375,
      3845.729736328125,
      4416.06787109375,
      4791.28515625,
      5725.5869140625,
      7124.30078125,
      14041.6943359375
    ],
    [
      73.9547348022461,
      1257.089599609375,
      1474.5655517578125,
      2858.403076171875,
      3012.230224609375,
      3246.1513671875,
      3568.910888671875,
      3842.125,
      4232.86767578125,
      4443.10400390625,
      5096.23486328125,
      6828.2255859375,
      12412.669921875
    ],
    [
      72.18881225585938,
      1237.8961181640625,
      1427.414794921875,
      2778.989990234375,
      2953.0732421875,
      3069.573486328125,
      3437.53515625,
      3897.72021484375,
      4315.76953125,
      4608.8466796875,
      5405.9990234375,
      7058.04052734375,
      15054.5029296875
    ],
    [
      72.08097076416016,
      1256.0777587890625,
      1435.3109130859375,
      2836.1943359375,
      3009.87451171875,
      3146.93359375,
      3617.59033203125,
      4022.910888671875,
      4405.50244140625,
      4986.021484375,
      5449.23046875,
      7405.56982421875,
      14881.3759765625
    ],
    [
      71.5580825805664,
      1229.472900390625,
      1480.820068359375,
      2928.11279296875,
      3129.088134765625,
      3418.8271484375,
      3866.802734375,
      4106.30126953125,
      4531.6123046875,
      4499.35595703125,
      5323.44482421875,
      6617.60546875,
      12331.306640625
    ],
    [
      71.60842895507812,
      1248.2451171875,
      1487.134765625,
      2899.30810546875,
      3090.98974609375,
      3337.088134765625,
      3714.21533203125,
      3977.314453125,
      4540.56494140625,
      4769.77587890625,
      5324.0791015625,
      6808.5126953125,
      15011.193359375
    ],
    [
      71.75801849365234,
      1235.6202392578125,
      1438.1229248046875,
      2784.100830078125,
      2971.96826171875,
      3210.1611328125,
      3471.513671875,
      3851.631103515625,
      4483.34765625,
      4700.2958984375,
      5447.7314453125,
      7191.87548828125,
      12203.5703125
    ],
    [
      69.96076965332031,
      1210.0753173828125,
      1467.5338134765625,
      2944.043701171875,
      3262.73486328125,
      3505.969970703125,
      3724.853515625,
      4163.76953125,
      4708.35205078125,
      4929.8359375,
      5792.75537109375,
      7599.46337890625,
      13839.2412109375
    ],
    [
      70.75146484375,
      1234.8177490234375,
      1395.1082763671875,
      2596.308349609375,
      2762.571533203125,
      2918.1943359375,
      3296.017822265625,
      3678.070068359375,
      4281.08447265625,
      4695.65869140625,
      5486.43505859375,
      7266.654296875,
      11801.5595703125
    ],
    [
      71.9738998413086,
      1240.5350341796875,
      1500.0040283203125,
      2983.633056640625,
      3227.89990234375,
      3459.95458984375,
      3755.35595703125,
      3945.994873046875,
      4344.04296875,
      4425.2294921875,
      5103.8017578125,
      6744.4853515625,
      12309.03515625
    ],
    [
      71.5245132446289,
      1239.7130126953125,
      1464.310791015625,
      2882.934326171875,
      3025.689453125,
      3388.421875,
      3743.8544921875,
      4187.5810546875,
      4798.0390625,
      4869.5283203125,
      5797.62939453125,
      7773.74853515625,
      13658.0634765625
    ],
    [
      71.89740753173828,
      1242.5966796875,
      1433.3441162109375,
      2749.735595703125,
      2914.35205078125,
      3162.63427734375,
      3489.21240234375,
      4203.02392578125,
      4803.115234375,
      4950.7578125,
      5572.54248046875,
      6528.58203125,
      12773.66796875
    ],
    [
      70.76575469970703,
      1246.5228271484375,
      1483.9625244140625,
      3077.6708984375,
      3277.407470703125,
      3482.89111328125,
      3721.721435546875,
      3953.798828125,
      4197.26123046875,
      4500.00048828125,
      5013.44091796875,
      6339.1162109375,
      10070.689453125
    ],
    [
      70.81363677978516,
      1252.6739501953125,
      1476.6553955078125,
      2928.064208984375,
      3117.058349609375,
      3305.473388671875,
      3470.86279296875,
      3817.86181640625,
      4403.51123046875,
      5187.3369140625,
      5643.80810546875,
      6923.4443359375,
      12088.1083984375
    ],
    [
      72.58641815185547,
      1251.07763671875,
      1468.4798583984375,
      2924.476318359375,
      3102.615478515625,
      3325.86572265625,
      3563.662841796875,
      4048.9052734375,
      4321.3623046875,
      4548.56591796875,
      5566.50830078125,
      7052.43310546875,
      13849.9013671875
    ],
    [
      73.29633331298828,
      1256.6317138671875,
      1505.5125732421875,
      3112.4208984375,
      3284.115966796875,
      3496.31787109375,
      3674.598388671875,
      3779.1005859375,
      4048.47314453125,
      4453.4853515625,
      4896.236328125,
      6128.43994140625,
      9886.8955078125
    ],
    [
      70.76681518554688,
