phase,variant,n,mean_margin,ci_lo,ci_hi,median_margin,recall_at_1,mean_target_rank,js_drift,kl_drift,mean_bank_attention_mass,mode,beta
A1_mode_sep_beta_mhc_beta_0_05,correct_bank,300,-4.561762918642877,-5.096121855084008,-4.051302823055691,-3.8820548057556152,0.0,3127.8966666666665,0.0002839487962774001,0.0011358566547278314,nan,sep_beta_mhc,0.05
A1_mode_sep_beta_mhc_beta_0_05,random_kv,300,-4.549728152465929,-5.085224697891778,-4.0377462425152775,-3.7878949642181396,0.0,3166.4366666666665,0.0003425077981470774,0.0013734893382449324,nan,sep_beta_mhc,0.05
A1_mode_sep_beta_mhc_beta_0_05,random_K_correct_V,300,-4.5528872925764885,-5.0889756246524245,-4.04136445366273,-3.8375446796417236,0.0,3150.1233333333334,0.0003218565052763248,0.0012876463320571929,nan,sep_beta_mhc,0.05
