phase,variant,n,mean_margin,ci_lo,ci_hi,median_margin,recall_at_1,mean_target_rank,js_drift,kl_drift,mean_bank_attention_mass,mode,beta
A1_mode_sep_beta_mhc_beta_0_20,correct_bank,300,-4.543597757613364,-5.082451067283206,-4.029611793525983,-3.7884325981140137,0.0,3169.46,0.0002879186144855339,0.0011519842856796457,nan,sep_beta_mhc,0.2
A1_mode_sep_beta_mhc_beta_0_20,random_kv,300,-4.555487455977127,-5.092489496333291,-4.043791723375907,-3.827896475791931,0.0,3180.31,0.00035066941803961525,0.0014032511135640864,nan,sep_beta_mhc,0.2
A1_mode_sep_beta_mhc_beta_0_20,random_K_correct_V,300,-4.554368510354543,-5.091389043368399,-4.040948523291542,-3.721224546432495,0.0,3166.153333333333,0.00028831271440139973,0.0011546153689657027,nan,sep_beta_mhc,0.2
