phase,variant,n,mean_margin,ci_lo,ci_hi,median_margin,recall_at_1,mean_target_rank,js_drift,kl_drift,mean_bank_attention_mass,mode,beta
A1_mode_merged_beta_mhc_beta_1_00,correct_bank,300,-0.7290673160552978,-1.0927293173472086,-0.36325462818145754,-0.7392275333404541,0.0,32700.32,0.5062272402644158,5.052545104026795,nan,merged_beta_mhc,1.0
A1_mode_merged_beta_mhc_beta_1_00,random_kv,300,-0.6259431823094685,-0.9762597894668579,-0.293746927579244,-0.256070613861084,0.0,19932.486666666668,0.39465585301319756,2.9301368172963462,nan,merged_beta_mhc,1.0
A1_mode_merged_beta_mhc_beta_1_00,random_K_correct_V,300,-0.7953962182998657,-1.1623062245051066,-0.445132794380188,-0.6464457511901855,0.0,19400.416666666668,0.3726660377283891,2.624817719658216,nan,merged_beta_mhc,1.0
