{
  "arch": "mhc",
  "alpha": 0.05,
  "seed": 0,
  "nll": 6.540040150284767,
  "n_attn_layers": 12,
  "mean_v_norm": 474.68096017837524,
  "wallclock_s": 3.948664903640747
}