{
  "arch": "mhc",
  "alpha": 10.0,
  "seed": 0,
  "nll": 11.487160801887512,
  "n_attn_layers": 12,
  "mean_v_norm": 519.0746817588806,
  "wallclock_s": 3.9858920574188232
}