experiment,phase,variant,n,recall_at_1,mean_margin,ci_lo,ci_hi,median_margin,js_drift,kl_drift,mean_target_rank
exp8_mhc_smoothed_pre_rope,phase_c_alpha_0_50,correct_bank,600,0.0,-0.5079336152474085,-0.7357502633333206,-0.2838267129659653,-0.5738959312438965,0.36239748131483795,3.202853157967329,13489.676666666666
exp8_mhc_smoothed_pre_rope,phase_c_alpha_0_50,random_kv,600,0.0,-0.11851579586664836,-0.33949662526448565,0.0975673778851827,-0.19940567016601562,0.3285424046590924,2.2349253578980766,10323.59
exp8_mhc_smoothed_pre_rope,phase_c_alpha_0_50,random_K_correct_V,600,0.0,-0.4280154999097188,-0.6832051134109497,-0.17829880793889363,-0.25885581970214844,0.31822648343940574,2.1866465824842454,11484.726666666667
