{
  "base_nll_avg": 2.621058698495229,
  "compare_k": 10,
  "seeds": [
    0,
    1,
    2
  ],
  "per_seed": [
    {
      "seed": 0,
      "patched_nll": 2.6094484706719716,
      "drift_pct": -0.4429594739683928,
      "patch_ids": [
        "cf_0509",
        "cf_0717",
        "cf_0114",
        "cf_0558",
        "cf_0069",
        "cf_0753",
        "cf_0564",
        "cf_0955",
        "cf_0088",
        "cf_0070"
      ]
    },
    {
      "seed": 1,
      "patched_nll": 2.59992401599884,
      "drift_pct": -0.8063414416671522,
      "patch_ids": [
        "cf_0067",
        "cf_0015",
        "cf_0616",
        "cf_0507",
        "cf_0140",
        "cf_0527",
        "cf_0055",
        "cf_0544",
        "cf_0301",
        "cf_0329"
      ]
    },
    {
      "seed": 2,
      "patched_nll": 2.6059020857016244,
      "drift_pct": -0.5782630050332718,
      "patch_ids": [
        "cf_0929",
        "cf_0352",
        "cf_0848",
        "cf_0266",
        "cf_0609",
        "cf_0939",
        "cf_0602",
        "cf_0063",
        "cf_0805",
        "cf_0747"
      ]
    }
  ],
  "mean_drift_pct": -0.6091879735562723,
  "pre_registered_max_drift_pct": 5.0,
  "capability_pass": true
}