{
  "experiment": "exp19_paraphrase",
  "n_seeds": 3,
  "n_facts": 21,
  "mean_margin": {
    "base": -3.8251487641107467,
    "Kc_Vc": -3.3206845096179416,
    "Kc_Vr": -3.3377976237781466,
    "Kr_Vc": -3.448412706927648,
    "Kr_Vr": -3.4799107426688787
  },
  "contrasts": {
    "Kc_Vc_vs_base": {
      "mean": 0.5044642544928051,
      "ci_lo": 0.18154754714360313,
      "ci_hi": 0.8390377182809133,
      "n": 63
    },
    "V_causality": {
      "mean": 0.017113114160204692,
      "ci_lo": -0.02455350993171571,
      "ci_hi": 0.06944444633665539,
      "n": 63
    },
    "K_causality": {
      "mean": 0.12772819730970594,
      "ci_lo": -0.02132938305536906,
      "ci_hi": 0.2720734467582097,
      "n": 63
    },
    "Kc_Vc_vs_Kr_Vr": {
      "mean": 0.15922623305093675,
      "ci_lo": -0.05009910795423719,
      "ci_hi": 0.3702876965204875,
      "n": 63
    }
  },
  "verdict": "BINDING_WEAK_DIRECTIONAL"
}