{
  "ask": {
    "answer_expected": "tulip-91",
    "comparisons": {
      "delta_qv": {
        "answer": "1",
        "metrics": {
          "answer_logprob": -46.9842643737793,
          "answer_nll": 11.746066093444824,
          "answer_rank": 37810.25,
          "top10": 0.5
        },
        "qkv_trace": {
          "gate_k": 0.26953125,
          "gate_q": 0.26953125,
          "gate_v": 0.26953125,
          "k_delta_norm": 0.0,
          "k_relative_delta_norm": 0.0,
          "q_delta_norm": 1.5409690141677856,
          "q_relative_delta_norm": 0.0009260837105102837,
          "v_delta_norm": 0.5392284393310547,
          "v_relative_delta_norm": 0.0015455660177394748
        }
      },
      "delta_qv_force_gate": {
        "answer": "1",
        "metrics": {
          "answer_logprob": -47.18677520751953,
          "answer_nll": 11.796693801879883,
          "answer_rank": 38872.25,
          "top10": 0.5
        },
        "qkv_trace": {
          "gate_k": 1.0,
          "gate_q": 1.0,
          "gate_v": 1.0,
          "k_delta_norm": 0.0,
          "k_relative_delta_norm": 0.0,
          "q_delta_norm": 5.7188615798950195,
          "q_relative_delta_norm": 0.003436892293393612,
          "v_delta_norm": 2.0006556510925293,
          "v_relative_delta_norm": 0.005734388250857592
        }
      },
      "delta_qv_random": {
        "answer": "1",
        "metrics": {
          "answer_logprob": -46.96859550476074,
          "answer_nll": 11.742148876190186,
          "answer_rank": 36901.5,
          "top10": 0.5
        },
        "qkv_trace": {
          "gate_k": 0.26953125,
          "gate_q": 0.26953125,
          "gate_v": 0.26953125,
          "k_delta_norm": 0.0,
          "k_relative_delta_norm": 0.0,
          "q_delta_norm": 1.565779685974121,
          "q_relative_delta_norm": 0.0009409943013451993,
          "v_delta_norm": 0.5455523133277893,
          "v_relative_delta_norm": 0.0015636918833479285
        }
      },
      "delta_qv_shuffled": {
        "answer": "1",
        "metrics": {
          "answer_logprob": -46.949556827545166,
          "answer_nll": 11.737389206886292,
          "answer_rank": 37932.5,
          "top10": 0.5
        },
        "qkv_trace": {
          "gate_k": 0.26953125,
          "gate_q": 0.26953125,
          "gate_v": 0.26953125,
          "k_delta_norm": 0.0,
          "k_relative_delta_norm": 0.0,
          "q_delta_norm": 1.5444012880325317,
          "q_relative_delta_norm": 0.0009281464153900743,
          "v_delta_norm": 0.5171911716461182,
          "v_relative_delta_norm": 0.0014824016252532601
        }
      },
      "delta_qv_zero": {
        "answer": "1",
        "metrics": {
          "answer_logprob": -46.88455533981323,
          "answer_nll": 11.721138834953308,
          "answer_rank": 37901.0,
          "top10": 0.5
        },
        "qkv_trace": {
          "gate_k": 0.26953125,
          "gate_q": 0.26953125,
          "gate_v": 0.26953125,
          "k_delta_norm": 0.0,
          "k_relative_delta_norm": 0.0,
          "q_delta_norm": 0.0,
          "q_relative_delta_norm": 0.0,
          "v_delta_norm": 0.0,
          "v_relative_delta_norm": 0.0
        }
      },
      "no_memory": {
        "answer": "1",
        "metrics": {
          "answer_logprob": -46.88455533981323,
          "answer_nll": 11.721138834953308,
          "answer_rank": 37901.0,
          "top10": 0.5
        },
        "qkv_trace": {}
      },
      "raw_memory": {
        "answer": "1",
        "metrics": {
          "answer_logprob": -61.801642417907715,
          "answer_nll": 15.450410604476929,
          "answer_rank": 37232.5,
          "top10": 0.5
        },
        "qkv_trace": {
          "hidden_delta_norm": 4.486148834228516
        }
      }
    },
    "prompt_used": "Question: What is the secret code for unit XJQ-482?\nAnswer: tulip-91",
    "question": "What is the secret code for unit XJQ-482?",
    "retrieved_memory": [
      {
        "block_id": 0,
        "layer_id": 14,
        "memory_id": 0,
        "score": 0.229445219039917,
        "source_snippet_debug_only": "The secret code for unit XJQ-482 is tulip-91.\n\nThe secret code for unit XJQ-483 is tulip-19.\nThe secret code for unit XJQ-428 is violet-91.\nThe secret code for unit XJQ-824 is amber-17.\n\nOperational notes continue for several unrelated para",
        "token_range": [
          0,
          128
        ],
        "usage_mass": 19.917530059814453
      },
      {
        "block_id": 1,
        "layer_id": 14,
        "memory_id": 1,
        "score": 0.1821959763765335,
        "source_snippet_debug_only": "482 was later selected for emergency access verification.\nThe verifier repeatedly checked unit XJQ-482 before the final query.\n\nThe final operator note names the unit again but deliberately does not repeat\nthe code value.\n",
        "token_range": [
          128,
          177
        ],
        "usage_mass": 0.0
      }
    ],
    "source_text_used_in_prompt": false,
    "system_stats": {
      "device": "cpu",
      "dtype": "bfloat16",
      "local_window": 1024,
      "memory_blocks": 2,
      "storage_bytes": 21528,
      "top_k": 2,
      "total_tokens_ingested": 177,
      "trainable_base_params": 0
    }
  },
  "claim_boundary": "real_model_prototype_controls_required_for_scientific_claim",
  "config": {
    "alpha_scale": 0.2,
    "answer": "tulip-91",
    "block_size": 128,
    "device": "auto",
    "dtype": "bfloat16",
    "gate_bias": -1.0,
    "input_path": "examples/delta_attention_demo.txt",
    "layers": "max_exposed",
    "memory_dim": 512,
    "model": "google/gemma-4-E2B",
    "modes": [
      "no_memory",
      "raw_memory",
      "delta_qv",
      "delta_qv_zero",
      "delta_qv_random",
      "delta_qv_shuffled",
      "delta_qv_force_gate"
    ],
    "question": "What is the secret code for unit XJQ-482?",
    "report_dir": "reports/cleanroom/gemma4_real",
    "store_path": "runs/gemma4_attention_store",
    "top_k": 2
  },
  "diagnosis": {
    "delta_beats_shuffled": false,
    "delta_beats_zero_random": false,
    "delta_qv_q_nonzero": true,
    "delta_qv_v_nonzero": true,
    "force_gate_stronger": false,
    "signal_status": "wiring_signal_only"
  },
  "ingest": {
    "enabled_layers": [
      14
    ],
    "memory_blocks": 2,
    "storage_bytes": 21528,
    "total_tokens_ingested": 177,
    "trainable_base_params": 0
  },
  "path": "external_attention_memory_to_gemma_qkv",
  "prompt_insertion_used": false,
  "source_text_debug_only": true
}