{
  "label": "run_mps_exp26b_gemma_N200",
  "bank_size": 200,
  "chance": 0.005,
  "cells_total": 9600,
  "alphas": [
    {
      "alpha": 0.0003,
      "n_facts": 600,
      "n_retrieval": 1800,
      "A_mean": 0.011675223745405673,
      "A_lo": 0.004424104318022728,
      "A_hi": 0.018235648175080617,
      "C_mean": 0.006502743903547525,
      "C_lo": -0.0008739519740144411,
      "C_hi": 0.014257432464510202,
      "D_mean": 0.0024007927129666012,
      "D_lo": -0.006023496085156997,
      "D_hi": 0.011837950050830841,
      "retrieval_accuracy": 0.025
    },
    {
      "alpha": 0.001,
      "n_facts": 600,
      "n_retrieval": 1800,
      "A_mean": 0.004223765060305596,
      "A_lo": -0.0036570258686939873,
      "A_hi": 0.012283658944070339,
      "C_mean": 0.00012492194771766664,
      "C_lo": -0.009070493429899216,
      "C_hi": 0.009011649476985137,
      "D_mean": -0.0013124636684854825,
      "D_lo": -0.011423919660349688,
      "D_hi": 0.007518515251576901,
      "retrieval_accuracy": 0.025555555555555557
    },
    {
      "alpha": 0.003,
      "n_facts": 600,
      "n_retrieval": 1800,
      "A_mean": -0.0014494402520358564,
      "A_lo": -0.008435136297096808,
      "A_hi": 0.0055454906759162745,
      "C_mean": 0.00665510818362236,
      "C_lo": -0.0019955217093229295,
      "C_hi": 0.015416417097051938,
      "D_mean": -0.00499657604843378,
      "D_lo": -0.012589613404124976,
      "D_hi": 0.003053383467098077,
      "retrieval_accuracy": 0.025
    }
  ]
}