{
  "experiment": "exp20_bank_size_scaling",
  "n_seeds": 3,
  "n_facts": 21,
  "base_mean_margin": -4.287946417218163,
  "per_k": {
    "1": {
      "mean_Kc_Vc": -1.5097655795869374,
      "mean_Kr_Vc": -2.3315507003239224,
      "Kc_Vc_vs_base": {
        "mean": 2.7781808376312256,
        "ci_lo": 1.9675409339723133,
        "ci_hi": 3.659071188124399,
        "n": 63
      },
      "K_causality": {
        "mean": 0.821785120736985,
        "ci_lo": 0.09883437459430998,
        "ci_hi": 1.643446199477665,
        "n": 63
      }
    },
    "3": {
      "mean_Kc_Vc": -1.4116830825805664,
      "mean_Kr_Vc": -0.5321761312938872,
      "Kc_Vc_vs_base": {
        "mean": 2.8762633346375965,
        "ci_lo": 2.074955141733563,
        "ci_hi": 3.7685546875,
        "n": 63
      },
      "K_causality": {
        "mean": -0.8795069512866792,
        "ci_lo": -1.613021691640218,
        "ci_hi": -0.18920128307645284,
        "n": 63
      }
    },
    "7": {
      "mean_Kc_Vc": -0.6661706500583224,
      "mean_Kr_Vc": -1.3451082517230322,
      "Kc_Vc_vs_base": {
        "mean": 3.6217757671598405,
        "ci_lo": 2.7144562668270535,
        "ci_hi": 4.509161093878368,
        "n": 63
      },
      "K_causality": {
        "mean": 0.6789376016647096,
        "ci_lo": 0.0846431293184795,
        "ci_hi": 1.3477743920825778,
        "n": 63
      }
    }
  },
  "verdict": "SCALE_K_PARTIAL"
}