variant,n,mean_margin,ci_lo,ci_hi,recall_at_1,activation_rate,max_score,mean_score,min_score,score_std,top_minus_mean,top_memory_hit
base_model,42,-4.287946417218163,-5.149925532795134,-3.4315476474307833,0.0,nan,nan,nan,nan,nan,nan,0.0
correct_memory,42,-2.629510760307312,-3.268275561786833,-2.007928694997515,0.0,0.7392290309071541,0.6183574284826007,0.5399979721932184,0.45073938227835153,0.04680675711660158,0.0783594562893822,0.14285714285714285
gate_off,42,-2.032040516535441,-2.5275762421744212,-1.5395042555672782,0.0,1.0,0.6183574284826007,0.5399979721932184,0.45073938227835153,0.04680675711660158,0.0783594562893822,0.14285714285714285
gate_uniform,42,-1.7230282511029924,-2.1195126374562583,-1.311197905313401,0.0,1.0,0.6183574284826007,0.5399979721932184,0.45073938227835153,0.04680675711660158,0.0783594562893822,0.14285714285714285
random_memory,42,-2.7288992007573447,-3.391543303217207,-2.084612108412243,0.0,0.7309523829746813,0.6112288804281325,0.5384267483438764,0.45073938227835153,0.04590945052249091,0.07280213208425612,0.0
shuffled_layers,42,-4.2938987754640126,-5.157366014662243,-3.4393600793111894,0.0,0.0,0.21475207362146603,0.10836564820437204,0.06660973890462801,0.03663490286895207,0.106386425417094,0.40476190476190477
