{
  "alpha": 0.0,
  "seed": 2,
  "mu_arch": 5,
  "eta_sigma": 1.0,
  "mu_base": [
    19.783504486083984,
    1408.765380859375,
    3001.74267578125,
    3065.835693359375,
    3104.89453125,
    3148.7978515625,
    3151.970458984375,
    3153.537109375,
    3154.662841796875,
    3157.252197265625,
    3159.220458984375,
    3158.44189453125,
    3158.196044921875,
    3158.917236328125,
    3160.009765625,
    3163.072509765625,
    3161.843505859375,
    3162.789306640625,
    3165.71484375,
    3171.80517578125,
    3177.113525390625,
    3186.822509765625,
    3202.0927734375,
    3222.351318359375,
    3239.73876953125,
    3258.3916015625,
    276.81378173828125,
    143.44395446777344
  ],
  "sigma_base": [
    4.803563594818115,
    2307.978759765625,
    4864.24560546875,
    4955.4013671875,
    5006.8408203125,
    5071.0546875,
    5068.9521484375,
    5067.896484375,
    5067.09375,
    5065.06591796875,
    5063.37548828125,
    5063.07958984375,
    5062.7333984375,
    5061.79345703125,
    5060.64697265625,
    5058.1005859375,
    5058.20361328125,
    5057.00732421875,
    5054.7255859375,
    5050.3447265625,
    5046.47021484375,
    5039.6552734375,
    5027.87353515625,
    5013.01123046875,
    4969.490234375,
    4951.35693359375,
    39.511085510253906,
    28.808555603027344
  ],
  "profile_corpus_sha": "a84cd30069732834",
  "static_nll_list": [
    2.219939708709717,
    0.6909714341163635,
    2.186004638671875,
    0.7124440670013428,
    1.6654372215270996,
    1.5675444602966309,
    1.9996079206466675,
    1.493548035621643
  ],
  "auto_nll_list": [
    2.219939708709717,
    0.6909714341163635,
    2.186004638671875,
    0.7124440670013428,
    1.6654372215270996,
    1.5675444602966309,
    1.9996079206466675,
    1.493548035621643
  ],
  "static_nll": 1.5669371858239174,
  "auto_nll": 1.5669371858239174,
  "alpha0_max_abs_diff": 0.0,
  "base_nll": 1.5669371858239174,
  "base_nll_list": [
    2.219939708709717,
    0.6909714341163635,
    2.186004638671875,
    0.7124440670013428,
    1.6654372215270996,
    1.5675444602966309,
    1.9996079206466675,
    1.493548035621643
  ],
  "model": "Qwen/Qwen2.5-1.5B"
}