{
  "n_cells": 108,
  "n_ok": 108,
  "cells": {
    "100|0|lru|0.0": {
      "N": 100,
      "capacity": 0,
      "policy": "lru",
      "alpha": 0.0,
      "mean": -5.0,
      "stdev": 0.0,
      "n": 3,
      "resident_rate": 1.0,
      "samples": [
        -5.0,
        -5.0,
        -5.0
      ]
    },
    "100|0|lru|1.0": {
      "N": 100,
      "capacity": 0,
      "policy": "lru",
      "alpha": 1.0,
      "mean": -1.40625,
      "stdev": 0.38926847793864156,
      "n": 3,
      "resident_rate": 1.0,
      "samples": [
        -0.875,
        -1.796875,
        -1.546875
      ]
    },
    "100|16|lru|0.0": {
      "N": 100,
      "capacity": 16,
      "policy": "lru",
      "alpha": 0.0,
      "mean": -5.0,
      "stdev": 0.0,
      "n": 3,
      "resident_rate": 0.0,
      "samples": [
        -5.0,
        -5.0,
        -5.0
      ]
    },
    "100|16|lru|1.0": {
      "N": 100,
      "capacity": 16,
      "policy": "lru",
      "alpha": 1.0,
      "mean": -2.8958333333333335,
      "stdev": 0.3897559777889522,
      "n": 3,
      "resident_rate": 0.0,
      "samples": [
        -3.0,
        -2.375,
        -3.3125
      ]
    },
    "100|16|fifo|0.0": {
      "N": 100,
      "capacity": 16,
      "policy": "fifo",
      "alpha": 0.0,
      "mean": -5.0,
      "stdev": 0.0,
      "n": 3,
      "resident_rate": 0.0,
      "samples": [
        -5.0,
        -5.0,
        -5.0
      ]
    },
    "100|16|fifo|1.0": {
      "N": 100,
      "capacity": 16,
      "policy": "fifo",
      "alpha": 1.0,
      "mean": -2.96875,
      "stdev": 0.3135399363185919,
      "n": 3,
      "resident_rate": 0.0,
      "samples": [
        -3.125,
        -2.53125,
        -3.25
      ]
    },
    "100|64|lru|0.0": {
      "N": 100,
      "capacity": 64,
      "policy": "lru",
      "alpha": 0.0,
      "mean": -5.0,
      "stdev": 0.0,
      "n": 3,
      "resident_rate": 0.0,
      "samples": [
        -5.0,
        -5.0,
        -5.0
      ]
    },
    "100|64|lru|1.0": {
      "N": 100,
      "capacity": 64,
      "policy": "lru",
      "alpha": 1.0,
      "mean": -1.3854166666666667,
      "stdev": 0.3665127517866496,
      "n": 3,
      "resident_rate": 1.0,
      "samples": [
        -0.875,
        -1.5625,
        -1.71875
      ]
    },
    "100|64|fifo|0.0": {
      "N": 100,
      "capacity": 64,
      "policy": "fifo",
      "alpha": 0.0,
      "mean": -5.0,
      "stdev": 0.0,
      "n": 3,
      "resident_rate": 0.0,
      "samples": [
        -5.0,
        -5.0,
        -5.0
      ]
    },
    "100|64|fifo|1.0": {
      "N": 100,
      "capacity": 64,
      "policy": "fifo",
      "alpha": 1.0,
      "mean": -1.59375,
      "stdev": 0.1926379375927805,
      "n": 3,
      "resident_rate": 0.0,
      "samples": [
        -1.34375,
        -1.625,
        -1.8125
      ]
    },
    "100|256|lru|0.0": {
      "N": 100,
      "capacity": 256,
      "policy": "lru",
      "alpha": 0.0,
      "mean": -5.0,
      "stdev": 0.0,
      "n": 3,
      "resident_rate": 1.0,
      "samples": [
        -5.0,
        -5.0,
        -5.0
      ]
    },
    "100|256|lru|1.0": {
      "N": 100,
      "capacity": 256,
      "policy": "lru",
      "alpha": 1.0,
      "mean": -1.40625,
      "stdev": 0.38926847793864156,
      "n": 3,
      "resident_rate": 1.0,
      "samples": [
        -0.875,
        -1.796875,
        -1.546875
      ]
    },
    "100|256|fifo|0.0": {
      "N": 100,
      "capacity": 256,
      "policy": "fifo",
      "alpha": 0.0,
      "mean": -5.0,
      "stdev": 0.0,
      "n": 3,
      "resident_rate": 1.0,
      "samples": [
        -5.0,
        -5.0,
        -5.0
      ]
    },
    "100|256|fifo|1.0": {
      "N": 100,
      "capacity": 256,
      "policy": "fifo",
      "alpha": 1.0,
      "mean": -1.40625,
      "stdev": 0.38926847793864156,
      "n": 3,
      "resident_rate": 1.0,
      "samples": [
        -0.875,
        -1.796875,
        -1.546875
      ]
    },
    "100|1024|lru|0.0": {
      "N": 100,
      "capacity": 1024,
      "policy": "lru",
      "alpha": 0.0,
      "mean": -5.0,
      "stdev": 0.0,
      "n": 3,
      "resident_rate": 1.0,
      "samples": [
        -5.0,
        -5.0,
        -5.0
      ]
    },
    "100|1024|lru|1.0": {
      "N": 100,
      "capacity": 1024,
      "policy": "lru",
      "alpha": 1.0,
      "mean": -1.40625,
      "stdev": 0.38926847793864156,
      "n": 3,
      "resident_rate": 1.0,
      "samples": [
        -0.875,
        -1.796875,
        -1.546875
      ]
    },
    "100|1024|fifo|0.0": {
      "N": 100,
      "capacity": 1024,
      "policy": "fifo",
      "alpha": 0.0,
      "mean": -5.0,
      "stdev": 0.0,
      "n": 3,
      "resident_rate": 1.0,
      "samples": [
        -5.0,
        -5.0,
        -5.0
      ]
    },
    "100|1024|fifo|1.0": {
      "N": 100,
      "capacity": 1024,
      "policy": "fifo",
      "alpha": 1.0,
      "mean": -1.40625,
      "stdev": 0.38926847793864156,
      "n": 3,
      "resident_rate": 1.0,
      "samples": [
        -0.875,
        -1.796875,
        -1.546875
      ]
    },
    "1000|0|lru|0.0": {
      "N": 1000,
      "capacity": 0,
      "policy": "lru",
      "alpha": 0.0,
      "mean": -5.0,
      "stdev": 0.0,
      "n": 3,
      "resident_rate": 1.0,
      "samples": [
        -5.0,
        -5.0,
        -5.0
      ]
    },
    "1000|0|lru|1.0": {
      "N": 1000,
      "capacity": 0,
      "policy": "lru",
      "alpha": 1.0,
      "mean": 0.24739583333333334,
      "stdev": 0.19140182109388498,
      "n": 3,
      "resident_rate": 1.0,
      "samples": [
        0.015625,
        0.484375,
        0.2421875
      ]
    },
    "1000|16|lru|0.0": {
      "N": 1000,
      "capacity": 16,
      "policy": "lru",
      "alpha": 0.0,
      "mean": -5.0,
      "stdev": 0.0,
      "n": 3,
      "resident_rate": 0.0,
      "samples": [
        -5.0,
        -5.0,
        -5.0
      ]
    },
    "1000|16|lru|1.0": {
      "N": 1000,
      "capacity": 16,
      "policy": "lru",
      "alpha": 1.0,
      "mean": -2.5625,
      "stdev": 0.284128785353872,
      "n": 3,
      "resident_rate": 0.0,
      "samples": [
        -2.5,
        -2.25,
        -2.9375
      ]
    },
    "1000|16|fifo|0.0": {
      "N": 1000,
      "capacity": 16,
      "policy": "fifo",
      "alpha": 0.0,
      "mean": -5.0,
      "stdev": 0.0,
      "n": 3,
      "resident_rate": 0.0,
      "samples": [
        -5.0,
        -5.0,
        -5.0
      ]
    },
    "1000|16|fifo|1.0": {
      "N": 1000,
      "capacity": 16,
      "policy": "fifo",
      "alpha": 1.0,
      "mean": -2.71875,
      "stdev": 0.46561451330472936,
      "n": 3,
      "resident_rate": 0.0,
      "samples": [
        -2.4375,
        -2.34375,
        -3.375
      ]
    },
    "1000|64|lru|0.0": {
      "N": 1000,
      "capacity": 64,
      "policy": "lru",
      "alpha": 0.0,
      "mean": -5.0,
      "stdev": 0.0,
      "n": 3,
      "resident_rate": 0.0,
      "samples": [
        -5.0,
        -5.0,
        -5.0
      ]
    },
    "1000|64|lru|1.0": {
      "N": 1000,
      "capacity": 64,
      "policy": "lru",
      "alpha": 1.0,
      "mean": -1.8020833333333333,
      "stdev": 0.1473139127471974,
      "n": 3,
      "resident_rate": 1.0,
      "samples": [
        -1.90625,
        -1.59375,
        -1.90625
      ]
    },
    "1000|64|fifo|0.0": {
      "N": 1000,
      "capacity": 64,
      "policy": "fifo",
      "alpha": 0.0,
      "mean": -5.0,
      "stdev": 0.0,
      "n": 3,
      "resident_rate": 0.0,
      "samples": [
        -5.0,
        -5.0,
        -5.0
      ]
    },
    "1000|64|fifo|1.0": {
      "N": 1000,
      "capacity": 64,
      "policy": "fifo",
      "alpha": 1.0,
      "mean": -1.8229166666666667,
      "stdev": 0.2170069443333298,
      "n": 3,
      "resident_rate": 0.0,
      "samples": [
        -2.125,
        -1.625,
        -1.71875
      ]
    },
    "1000|256|lru|0.0": {
      "N": 1000,
      "capacity": 256,
      "policy": "lru",