{
  "arch": "residual",
  "alpha": 5.0,
  "seed": 0,
  "nll": 11.539232015609741,
  "n_attn_layers": 12,
  "mean_v_norm": 360.9577275117238,
  "wallclock_s": 0.28554391860961914
}