{
  "arch": "residual",
  "alpha": 0.1,
  "seed": 0,
  "nll": 3.889442950487137,
  "n_attn_layers": 12,
  "mean_v_norm": 329.21414430936176,
  "wallclock_s": 0.289520263671875
}