{
  "aggregate": {
    "all_beat_random": true,
    "all_beat_shuffled": true,
    "all_beat_zero": true,
    "mean_delta_nll": 8.327865468959013,
    "mean_delta_rank": 13084.625,
    "mean_eval_delta_nll_drop": 4.010735027492046,
    "mean_gate_v": 0.7271321614583334,
    "mean_no_memory_nll": 12.318779995044073,
    "mean_no_memory_rank": 40113.65625,
    "mean_q_delta_norm": 17.919139683246613,
    "mean_random_nll": 12.311171506841978,
    "mean_random_rank": 40217.604166666664,
    "mean_shuffled_nll": 10.35426084448894,
    "mean_shuffled_rank": 25773.645833333332,
    "mean_v_delta_norm": 7.3799435297648115,
    "mean_zero_nll": 12.332899366815886,
    "mean_zero_rank": 40171.03125,
    "num_seeds": 3,
    "std_eval_delta_nll_drop": 0.5371342545419232,
    "support_rate": 1.0
  },
  "config": {
    "backend": "Apple Metal / PyTorch MPS",
    "base_frozen": true,
    "block_size": 64,
    "controls": [
      "delta_qv_zero",
      "delta_qv_random",
      "delta_qv_shuffled"
    ],
    "device": "mps",
    "dtype": "bfloat16",
    "eval_samples": 8,
    "memory_dim": 512,
    "model": "google/gemma-4-E2B",
    "prompt_insertion_used": false,
    "seeds": [
      0,
      1,
      2
    ],
    "steps": 8,
    "top_k": 2,
    "train_samples": 8
  },
  "diagnosis": {
    "claim_scope": "small held-out mechanism experiment; not benchmark-scale proof",
    "engineering_status": "mps_path_working",
    "mechanism_signal_status": "supported_on_scaled_mps_probe"
  },
  "per_seed": [
    {
      "beats_random": true,
      "beats_shuffled": true,
      "beats_zero": true,
      "delta_nll": 8.289614997804165,
      "delta_rank": 13196.6875,
      "delta_top10": 0.375,
      "gate_v": 0.712646484375,
      "initial_delta_nll": 11.92060224711895,
      "nll_drop": 3.630987249314785,
      "no_memory_nll": 11.901850506663322,
      "no_memory_rank": 37832.6875,
      "q_delta_norm": 18.135614812374115,
      "random_nll": 11.884788766503334,
      "random_rank": 38111.1875,
      "seed": 0,
      "shuffled_nll": 10.235541671514511,
      "shuffled_rank": 25451.9375,
      "supported": true,
      "v_delta_norm": 7.1005032658576965,
      "zero_nll": 11.919605031609535,
      "zero_rank": 38012.75
    },
    {
      "beats_random": true,
      "beats_shuffled": true,
      "beats_zero": true,
      "delta_nll": 7.48583360761404,
      "delta_rank": 10599.625,
      "delta_top10": 0.46875,
      "gate_v": 0.83203125,
      "initial_delta_nll": 12.256191179156303,
      "nll_drop": 4.770357571542263,
      "no_memory_nll": 12.213830024003983,
      "no_memory_rank": 40166.625,
      "q_delta_norm": 23.079408407211304,
      "random_nll": 12.223849311470985,
      "random_rank": 40149.46875,
      "seed": 1,
      "shuffled_nll": 10.755172573029995,
      "shuffled_rank": 30093.96875,
      "supported": true,
      "v_delta_norm": 9.477861166000366,
      "zero_nll": 12.226554051041603,
      "zero_rank": 40163.59375
    },
    {
      "beats_random": true,
      "beats_shuffled": true,
      "beats_zero": true,
      "delta_nll": 9.208147801458836,
      "delta_rank": 15457.5625,
      "delta_top10": 0.375,
      "gate_v": 0.63671875,
      "initial_delta_nll": 12.839008063077927,
      "nll_drop": 3.630860261619091,
      "no_memory_nll": 12.840659454464912,
      "no_memory_rank": 42341.65625,
      "q_delta_norm": 12.542395830154419,
      "random_nll": 12.824876442551613,
      "random_rank": 42392.15625,
      "seed": 2,
      "shuffled_nll": 10.07206828892231,
      "shuffled_rank": 21775.03125,
      "supported": true,
      "v_delta_norm": 5.561466157436371,
      "zero_nll": 12.852539017796516,
      "zero_rank": 42336.75
    }
  ]
}