{
  "meta": {
    "N_bank": 200,
    "n_test": 125,
    "seed": 0,
    "alphas": [
      0.05,
      0.1,
      0.3
    ]
  },
  "base_mean": -3.833339846909046,
  "by_alpha": {
    "0.05": {
      "topk_full": {
        "mean": -0.03443995857238769,
        "n": 125
      },
      "minus_correct": {
        "mean": -0.05631958389282227,
        "n": 125
      },
      "shuffled_factids": {
        "mean": -0.04414964294433594,
        "n": 125
      }
    },
    "0.1": {
      "topk_full": {
        "mean": -0.11609520149230958,
        "n": 125
      },
      "minus_correct": {
        "mean": -0.0969554443359375,
        "n": 125
      },
      "shuffled_factids": {
        "mean": -0.008182306289672852,
        "n": 125
      }
    },
    "0.3": {
      "topk_full": {
        "mean": -0.07521899604797364,
        "n": 125
      },
      "minus_correct": {
        "mean": -0.08378124046325684,
        "n": 125
      },
      "shuffled_factids": {
        "mean": -0.0967866153717041,
        "n": 125
      }
    }
  }
}