{
  "aggregate": {
    "all_beat_random": true,
    "all_beat_shuffled": true,
    "all_beat_zero": true,
    "mean_delta_nll": 11.58379183212916,
    "mean_eval_delta_nll_drop": 0.9591929217179617,
    "mean_no_memory_nll": 12.53942252198855,
    "mean_random_nll": 12.512389183044434,
    "mean_shuffled_nll": 12.285030275583267,
    "mean_zero_nll": 12.523138205210367,
    "num_seeds": 3,
    "std_eval_delta_nll_drop": 0.13843916298612624,
    "support_rate": 1.0
  },
  "config": {
    "base_frozen": true,
    "block_size": 64,
    "dtype": "bfloat16",
    "eval_samples": 4,
    "model": "google/gemma-4-E2B",
    "prompt_insertion_used": false,
    "steps": 2,
    "top_k": 2,
    "train_samples": 4
  },
  "rows": [
    {
      "beats_random": true,
      "beats_shuffled": true,
      "beats_zero": true,
      "block_size": 64,
      "delta_nll": 11.42520296573639,
      "delta_rank": 28175.375,
      "delta_top10": 0.375,
      "eval_delta_nll_drop": 0.8233859241008759,
      "eval_samples": 4,
      "no_memory_nll": 12.243570536375046,
      "q_delta_norm": 3.349794030189514,
      "random_nll": 12.193083703517914,
      "seed": "seed0",
      "shuffled_nll": 12.13027971982956,
      "steps": 2,
      "supported": true,
      "train_samples": 4,
      "v_delta_norm": 1.1009168922901154,
      "zero_nll": 12.230854004621506
    },
    {
      "beats_random": true,
      "beats_shuffled": true,
      "beats_zero": true,
      "block_size": 64,
      "delta_nll": 11.423430621623993,
      "delta_rank": 30372.75,
      "delta_top10": 0.1875,
      "eval_delta_nll_drop": 0.9049676060676575,
      "eval_samples": 4,
      "no_memory_nll": 12.314213782548904,
      "q_delta_norm": 3.255432367324829,
      "random_nll": 12.319560080766678,
      "seed": "seed1",
      "shuffled_nll": 12.065828770399094,
      "steps": 2,
      "supported": true,
      "train_samples": 4,
      "v_delta_norm": 1.1013256907463074,
      "zero_nll": 12.29360318183899
    },
    {
      "beats_random": true,
      "beats_shuffled": true,
      "beats_zero": true,
      "block_size": 64,
      "delta_nll": 11.9027419090271,
      "delta_rank": 29453.625,
      "delta_top10": 0.25,
      "eval_delta_nll_drop": 1.1492252349853516,
      "eval_samples": 4,
      "no_memory_nll": 13.060483247041702,
      "q_delta_norm": 3.1491008400917053,
      "random_nll": 13.024523764848709,
      "seed": "seed2",
      "shuffled_nll": 12.658982336521149,
      "steps": 2,
      "supported": true,
      "train_samples": 4,
      "v_delta_norm": 1.6065067648887634,
      "zero_nll": 13.044957429170609
    }
  ]
}