{
  "L3": {
    "n": 100,
    "mean_uplift": 9.907029612641782,
    "frac_pos": 1.0,
    "mean_delta_norm": 17.680809235572816
  },
  "L5": {
    "n": 100,
    "mean_uplift": 10.416495979839711,
    "frac_pos": 1.0,
    "mean_delta_norm": 8.313672709465028
  },
  "L7": {
    "n": 100,
    "mean_uplift": 8.600948482900082,
    "frac_pos": 0.98,
    "mean_delta_norm": 6.625361862182618
  },
  "L9": {
    "n": 100,
    "mean_uplift": 10.00900878099123,
    "frac_pos": 1.0,
    "mean_delta_norm": 5.867617993354798
  }
}