{
  "k": 100,
  "n_prompts": 100,
  "base_nll_per_tok": 2.6296934247397767,
  "patched_nll_per_tok": 2.6574067555296534,
  "base_ppl": 13.86951719943191,
  "patched_ppl": 14.25926335517786,
  "ppl_drift_frac": 0.02810091729522596,
  "pre_registered_max_drift": 0.05,
  "pass": true
}