{
  "k": 10,
  "n_prompts": 100,
  "base_nll_per_tok": 2.6296934247397767,
  "patched_nll_per_tok": 2.6366179198883595,
  "base_ppl": 13.86951719943191,
  "patched_ppl": 13.965889885011533,
  "ppl_drift_frac": 0.0069485248977211155,
  "pre_registered_max_drift": 0.05,
  "pass": true
}