{
  "N": 10000,
  "d_out": 2560,
  "d_in": 9728,
  "delta_norm_stats": {
    "mean": 15.855289459228516,
    "median": 15.000101089477539,
    "p99": 28.796472549438477,
    "min": 4.322533130645752,
    "max": 49.744781494140625
  },
  "B_singular_top10": [
    1803.7471923828125,
    690.4415893554688,
    665.5056762695312,
    636.9525146484375,
    613.6842651367188,
    602.5584716796875,
    591.4063110351562,
    574.835693359375,
    570.6552734375,
    560.1007080078125
  ],
  "B_singular_tail_energy_frac": 0.7991095781326294,
  "A_singular_top10": [
    1.6166168451309204,
    1.3367490768432617,
    1.2251956462860107,
    1.1617138385772705,
    1.0645588636398315,
    1.02118718624115,
    1.0099660158157349,
    0.9717026352882385,
    0.9538282752037048,
    0.93807452917099
  ],
  "A_singular_tail_energy_frac": 0.7819153070449829,
  "effective_rank_B": 1678.603271484375,
  "effective_rank_A": 2026.7845458984375,
  "cosine_a_keys_sample_size": 2000,
  "cosine_a_keys_abs_median": 0.015039724297821522,
  "cosine_a_keys_abs_p90": 0.03805319592356682,
  "cosine_a_keys_abs_p99": 0.06680158525705338,
  "frac_high_collinear_above_0p9": 1.450725358154159e-05
}