{
  "variant": "n5_constant_vector",
  "seed": 0,
  "model": "Qwen/Qwen3-4B-Instruct-2507",
  "n_train": 120,
  "n_test": 120,
  "n_preload": 512,
  "bank_layer": 9,
  "rank": 64,
  "lr": 0.0002,
  "steps": 200,
  "bank_stats": {
    "mean_norm": 15.0,
    "mean_pairwise_dist": 0.0
  },
  "before": {
    "base": 11.997906438509624,
    "real": 12.007254083951315,
    "rand": 12.003398557504019,
    "zero": 11.999729323387147,
    "off": 11.997906438509624
  },
  "after": {
    "base": 11.997906438509624,
    "real": 9.290166922410329,
    "rand": 12.002392542362212,
    "zero": 11.999729323387147,
    "off": 11.997906438509624
  },
  "nll_drop": 2.707739516099295,
  "verdict": {
    "pass": false,
    "rule": "zero-distinctness bank should NOT reduce NLL by >2 (got \u0394=2.71)",
    "interpretation": "PASS = distinctness matters"
  },
  "loss_first25": [
    11.07007122039795,
    11.619674682617188,
    11.787368774414062,
    10.052448272705078,
    10.233719825744629,
    12.659417152404785,
    11.263121604919434,
    10.196685791015625,
    9.43904972076416,
    9.618876457214355,
    10.375690460205078,
    12.251869201660156,
    14.66348648071289,
    12.786723136901855,
    10.271831512451172,
    15.22518253326416,
    9.755609512329102,
    14.942743301391602,
    7.6170806884765625,
    9.937152862548828,
    11.923892974853516,
    10.471736907958984,
    16.204010009765625,
    10.415008544921875,
    9.694013595581055
  ],
  "loss_last25": [
    9.21926498413086,
    14.559496879577637,
    8.428397178649902,
    9.004526138305664,
    5.526612758636475,
    13.715455055236816,
    7.521456241607666,
    10.025424003601074,
    12.271648406982422,
    7.030411243438721,
    5.833675384521484,
    7.200458526611328,
    9.096061706542969,
    12.138643264770508,
    7.274641990661621,
    5.07163143157959,
    7.405970573425293,
    13.044075012207031,
    10.980308532714844,
    8.868412971496582,
    6.6561126708984375,
    5.987980365753174,
    11.286691665649414,
    7.70969820022583,
    4.92425537109375
  ],
  "n_train_params": 419876
}