{
  "variant": "n5_constant_vector",
  "seed": 0,
  "model": "Qwen/Qwen3-4B-Instruct-2507",
  "n_train": 120,
  "n_test": 120,
  "n_preload": 512,
  "bank_layer": 21,
  "rank": 64,
  "lr": 0.0002,
  "steps": 200,
  "bank_stats": {
    "mean_norm": 15.0,
    "mean_pairwise_dist": 0.0
  },
  "before": {
    "base": 11.997906438509624,
    "real": 11.92185742855072,
    "rand": 11.940598599116008,
    "zero": 11.990609868367512,
    "off": 11.997906438509624
  },
  "after": {
    "base": 11.997906438509624,
    "real": 5.519314921398958,
    "rand": 11.945526778697968,
    "zero": 11.990609868367512,
    "off": 11.997906438509624
  },
  "nll_drop": 6.478591517110666,
  "verdict": {
    "pass": false,
    "rule": "zero-distinctness bank should NOT reduce NLL by >=2 (got \u0394_signed=-6.48)",
    "interpretation": "FAIL = zero distinctness helps \u2192 H2c confirmed",
    "delta_signed": -6.478591517110666,
    "nll_drop": 6.478591517110666
  },
  "loss_first25": [
    11.052896499633789,
    11.392377853393555,
    11.719468116760254,
    9.878746032714844,
    10.158195495605469,
    12.433211326599121,
    11.274150848388672,
    10.231855392456055,
    9.501676559448242,
    9.642311096191406,
    10.380558967590332,
    12.184011459350586,
    14.608678817749023,
    12.53296184539795,
    10.106306076049805,
    14.866304397583008,
    9.689924240112305,
    14.474849700927734,
    8.010591506958008,
    9.393026351928711,
    11.811280250549316,
    9.517180442810059,
    15.872255325317383,
    9.408340454101562,
    9.06079387664795
  ],
  "loss_last25": [
    7.133002281188965,
    11.730535507202148,
    5.2194318771362305,
    3.694187641143799,
    0.9442383050918579,
    11.984052658081055,
    2.5586495399475098,
    8.740436553955078,
    8.613204002380371,
    2.7536137104034424,
    3.714754343032837,
    1.781947135925293,
    6.145138740539551,
    7.652742862701416,
    2.0056324005126953,
    1.2664889097213745,
    2.6237380504608154,
    4.306530952453613,
    9.616164207458496,
    3.4149365425109863,
    2.332289457321167,
    1.0731090307235718,
    8.509744644165039,
    7.563491344451904,
    0.33831220865249634
  ],
  "n_train_params": 419876
}