{
  "variant": "n5_constant_vector",
  "seed": 1,
  "model": "Qwen/Qwen3-4B-Instruct-2507",
  "n_train": 120,
  "n_test": 120,
  "n_preload": 512,
  "bank_layer": 9,
  "rank": 64,
  "lr": 0.0002,
  "steps": 200,
  "bank_stats": {
    "mean_norm": 15.0,
    "mean_pairwise_dist": 0.0
  },
  "before": {
    "base": 11.837605905532836,
    "real": 11.819026752312977,
    "rand": 11.775814954439799,
    "zero": 11.822575994332631,
    "off": 11.837605905532836
  },
  "after": {
    "base": 11.837605905532836,
    "real": 9.10193167924881,
    "rand": 11.770798281828563,
    "zero": 11.822575994332631,
    "off": 11.837605905532836
  },
  "nll_drop": 2.7356742262840257,
  "verdict": {
    "pass": false,
    "rule": "zero-distinctness bank should NOT reduce NLL by >=2 (got \u0394_signed=-2.74)",
    "interpretation": "FAIL = zero distinctness helps \u2192 H2c confirmed",
    "delta_signed": -2.7356742262840257,
    "nll_drop": 2.7356742262840257
  },
  "loss_first25": [
    10.84127426147461,
    14.775104522705078,
    15.070808410644531,
    11.350403785705566,
    7.980050086975098,
    11.3427734375,
    7.518759727478027,
    11.91688346862793,
    12.169660568237305,
    7.815542221069336,
    16.73540496826172,
    6.831627368927002,
    14.422269821166992,
    8.99915599822998,
    13.869607925415039,
    10.08622932434082,
    11.603445053100586,
    14.215680122375488,
    11.512738227844238,
    15.197494506835938,
    10.32349681854248,
    10.431937217712402,
    9.844101905822754,
    12.025959968566895,
    7.803923606872559
  ],
  "loss_last25": [
    8.684425354003906,
    6.630812168121338,
    11.854142189025879,
    8.887256622314453,
    8.627949714660645,
    12.186610221862793,
    6.388132095336914,
    9.142990112304688,
    7.629197597503662,
    8.601045608520508,
    7.703553676605225,
    4.878378868103027,
    13.909031867980957,
    7.343914031982422,
    5.615098476409912,
    12.873601913452148,
    11.626887321472168,
    13.036581039428711,
    9.083312034606934,
    6.493861675262451,
    9.440990447998047,
    13.579289436340332,
    12.191807746887207,
    8.066783905029297,
    8.043519020080566
  ],
  "n_train_params": 419876
}