{
  "variant": "n1_iid_gaussian",
  "seed": 1,
  "model": "Qwen/Qwen3-4B-Instruct-2507",
  "n_train": 120,
  "n_test": 120,
  "n_preload": 512,
  "bank_layer": 9,
  "rank": 64,
  "lr": 0.0002,
  "steps": 200,
  "bank_stats": {
    "mean_norm": 15.0,
    "mean_pairwise_dist": 21.21070671081543
  },
  "before": {
    "base": 11.837605905532836,
    "real": 11.777442069848378,
    "rand": 11.780455879370372,
    "zero": 11.822575994332631,
    "off": 11.837605905532836
  },
  "after": {
    "base": 11.837605905532836,
    "real": 6.326327243944009,
    "rand": 11.781240431467692,
    "zero": 11.822575994332631,
    "off": 11.837605905532836
  },
  "nll_drop": 5.511278661588827,
  "verdict": {
    "pass": false,
    "rule": "pure noise should NOT reduce NLL by >=2 (got \u0394_signed=-5.51)",
    "interpretation": "FAIL = noise still helps \u2192 claim hollow",
    "delta_signed": -5.511278661588827,
    "nll_drop": 5.511278661588827
  },
  "loss_first25": [
    10.817028999328613,
    14.756933212280273,
    15.248805046081543,
    11.243056297302246,
    8.08202838897705,
    11.756134986877441,
    7.450044631958008,
    11.89294719696045,
    12.275731086730957,
    8.033820152282715,
    16.72832489013672,
    7.13026762008667,
    14.211248397827148,
    8.867204666137695,
    13.833518028259277,
    10.111387252807617,
    11.466781616210938,
    13.959757804870605,
    11.507014274597168,
    15.095666885375977,
    10.133359909057617,
    10.390947341918945,
    9.920475006103516,
    12.207901954650879,
    7.940535545349121
  ],
  "loss_last25": [
    4.555522918701172,
    4.847679138183594,
    9.62241268157959,
    6.448378562927246,
    4.740418434143066,
    7.829118728637695,
    5.769647598266602,
    6.476700782775879,
    5.48170280456543,
    5.358013153076172,
    4.766439437866211,
    2.4571237564086914,
    13.405404090881348,
    5.8386101722717285,
    2.7966597080230713,
    8.936368942260742,
    5.595106601715088,
    10.244588851928711,
    6.624138832092285,
    3.2524099349975586,
    11.595407485961914,
    11.605998992919922,
    9.602689743041992,
    2.16485333442688,
    2.049180030822754
  ],
  "n_train_params": 419876
}