{
  "variant": "n4_single_random_replicated",
  "seed": 0,
  "model": "Qwen/Qwen3-4B-Instruct-2507",
  "n_train": 120,
  "n_test": 120,
  "n_preload": 512,
  "bank_layer": 9,
  "rank": 64,
  "lr": 0.0002,
  "steps": 200,
  "bank_stats": {
    "mean_norm": 14.999999046325684,
    "mean_pairwise_dist": 0.0
  },
  "before": {
    "base": 11.997906438509624,
    "real": 12.021731575330099,
    "rand": 12.002361758550007,
    "zero": 11.999729323387147,
    "off": 11.997906438509624
  },
  "after": {
    "base": 11.997906438509624,
    "real": 6.108184684250348,
    "rand": 12.01730463107427,
    "zero": 11.999729323387147,
    "off": 11.997906438509624
  },
  "nll_drop": 5.889721754259275,
  "verdict": {
    "pass": false,
    "rule": "zero-distinctness bank should NOT reduce NLL by >=2 (got \u0394_signed=-5.89)",
    "interpretation": "FAIL = zero distinctness helps \u2192 H2c confirmed",
    "delta_signed": -5.889721754259275,
    "nll_drop": 5.889721754259275
  },
  "loss_first25": [
    10.879671096801758,
    11.269689559936523,
    11.83907699584961,
    10.041701316833496,
    10.277400970458984,
    12.54024887084961,
    11.27977466583252,
    10.14738655090332,
    9.520267486572266,
    9.745920181274414,
    10.418649673461914,
    11.91390609741211,
    15.34632682800293,
    12.162660598754883,
    10.324305534362793,
    14.981144905090332,
    9.970096588134766,
    14.972818374633789,
    6.697815895080566,
    9.355918884277344,
    11.552451133728027,
    10.251021385192871,
    15.717743873596191,
    9.3120756149292,
    9.967606544494629
  ],
  "loss_last25": [
    0.01531085092574358,
    10.622369766235352,
    9.173630714416504,
    2.29351544380188,
    2.729489803314209,
    12.155284881591797,
    0.00344469235278666,
    6.1008501052856445,
    7.1986541748046875,
    2.045814275741577,
    2.655121326446533,
    1.1042736768722534,
    7.014204025268555,
    4.732587814331055,
    0.446195125579834,
    0.08236110955476761,
    2.5953822135925293,
    12.826567649841309,
    7.810477256774902,
    2.5898828506469727,
    0.978815495967865,
    1.8182764053344727,
    4.965425491333008,
    7.789327621459961,
    0.46829754114151
  ],
  "n_train_params": 419876
}