{
  "variant": "n5_constant_vector",
  "seed": 0,
  "model": "Qwen/Qwen3-4B-Instruct-2507",
  "n_train": 120,
  "n_test": 120,
  "n_preload": 512,
  "bank_layer": 9,
  "rank": 64,
  "lr": 0.0002,
  "steps": 200,
  "bank_stats": {
    "mean_norm": 15.0,
    "mean_pairwise_dist": 0.0
  },
  "before": {
    "base": 11.997906438509624,
    "real": 12.007254083951315,
    "rand": 12.006216684977213,
    "zero": 11.999729323387147,
    "off": 11.997906438509624
  },
  "after": {
    "base": 11.997906438509624,
    "real": 9.170515628655751,
    "rand": 11.983627287546794,
    "zero": 11.999729323387147,
    "off": 11.997906438509624
  },
  "nll_drop": 2.8273908098538723,
  "verdict": {
    "pass": false,
    "rule": "zero-distinctness bank should NOT reduce NLL by >2 (got \u0394=2.83)",
    "interpretation": "PASS = distinctness matters"
  },
  "loss_first25": [
    11.07007122039795,
    11.679756164550781,
    11.813506126403809,
    10.04848861694336,
    10.231106758117676,
    12.591297149658203,
    11.266422271728516,
    10.218074798583984,
    9.402814865112305,
    9.611137390136719,
    10.383580207824707,
    12.260215759277344,
    14.709829330444336,
    12.781817436218262,
    10.260061264038086,
    15.2717866897583,
    9.77335262298584,
    14.994518280029297,
    7.5767292976379395,
    9.904229164123535,
    11.915899276733398,
    10.520651817321777,
    16.197195053100586,
    10.440892219543457,
    9.728408813476562
  ],
  "loss_last25": [
    9.502031326293945,
    14.414033889770508,
    8.338358879089355,
    8.85269832611084,
    5.498546600341797,
    13.838851928710938,
    7.40408992767334,
    9.841663360595703,
    12.38514518737793,
    6.762955188751221,
    5.791646957397461,
    6.884034633636475,
    9.192264556884766,
    11.892005920410156,
    7.000313758850098,
    4.780556678771973,
    7.437811374664307,
    12.823616027832031,
    11.015449523925781,
    8.840391159057617,
    6.157564640045166,
    5.954469680786133,
    11.156417846679688,
    7.640803337097168,
    4.7331013679504395
  ],
  "n_train_params": 419876
}