{
  "variant": "n6_real_bank_K1",
  "seed": 0,
  "model": "Qwen/Qwen3-4B-Instruct-2507",
  "n_train": 120,
  "n_test": 120,
  "n_preload": 1,
  "bank_layer": 9,
  "rank": 64,
  "lr": 0.0002,
  "steps": 200,
  "bank_stats": {
    "mean_norm": 15.000009536743164,
    "mean_pairwise_dist": 0.0
  },
  "before": {
    "base": 11.997906438509624,
    "real": 11.999008373419445,
    "rand": 11.994652613004048,
    "zero": 11.99655355612437,
    "off": 11.997906438509624
  },
  "after": {
    "base": 11.997906438509624,
    "real": 6.237297316070181,
    "rand": 11.998901482423147,
    "zero": 11.99655355612437,
    "off": 11.997906438509624
  },
  "nll_drop": 5.760609122439443,
  "verdict": {
    "pass": false,
    "rule": "single bank slot should NOT reduce NLL by >=2 (got \u0394_signed=-5.76)",
    "interpretation": "FAIL = 1 slot suffices \u2192 about slot count not content",
    "delta_signed": -5.760609122439443,
    "nll_drop": 5.760609122439443
  },
  "loss_first25": [
    11.008419036865234,
    11.343329429626465,
    11.854375839233398,
    10.00037670135498,
    10.162397384643555,
    12.519373893737793,
    11.284262657165527,
    10.192596435546875,
    9.663843154907227,
    9.620177268981934,
    10.439706802368164,
    12.5721435546875,
    14.776063919067383,
    12.763323783874512,
    10.132553100585938,
    14.972928047180176,
    9.938255310058594,
    14.794111251831055,
    7.831571578979492,
    9.97736930847168,
    11.925981521606445,
    10.412347793579102,
    16.386890411376953,
    10.323954582214355,
    9.558547973632812
  ],
  "loss_last25": [
    3.780332088470459,
    13.604890823364258,
    7.454124450683594,
    3.5574951171875,
    1.1438261270523071,
    11.670605659484863,
    0.22321639955043793,
    9.20779037475586,
    10.99461555480957,
    4.016436576843262,
    4.2222089767456055,
    1.954401969909668,
    7.580062389373779,
    4.862078666687012,
    0.1312812715768814,
    1.9641532897949219,
    4.475388526916504,
    8.225203514099121,
    10.164006233215332,
    4.426963806152344,
    3.2159531116485596,
    3.9444198608398438,
    6.637351036071777,
    7.953953266143799,
    0.2677599787712097
  ],
  "n_train_params": 419876
}