{
  "variant": "n6_real_bank_K1",
  "seed": 2,
  "model": "Qwen/Qwen3-4B-Instruct-2507",
  "n_train": 120,
  "n_test": 120,
  "n_preload": 1,
  "bank_layer": 9,
  "rank": 64,
  "lr": 0.0002,
  "steps": 200,
  "bank_stats": {
    "mean_norm": 15.000009536743164,
    "mean_pairwise_dist": 0.0
  },
  "before": {
    "base": 12.020033383369446,
    "real": 12.023939899603526,
    "rand": 12.018335688114167,
    "zero": 12.01911638577779,
    "off": 12.020033383369446
  },
  "after": {
    "base": 12.020033383369446,
    "real": 6.368832370514671,
    "rand": 12.01813530921936,
    "zero": 12.01911638577779,
    "off": 12.020033383369446
  },
  "nll_drop": 5.651201012854775,
  "verdict": {
    "pass": false,
    "rule": "single bank slot should NOT reduce NLL by >=2 (got \u0394_signed=-5.65)",
    "interpretation": "FAIL = 1 slot suffices \u2192 about slot count not content",
    "delta_signed": -5.651201012854775,
    "nll_drop": 5.651201012854775
  },
  "loss_first25": [
    9.848114967346191,
    13.883848190307617,
    7.41790771484375,
    7.581070423126221,
    10.027457237243652,
    11.979427337646484,
    11.497084617614746,
    12.856632232666016,
    12.173686981201172,
    12.497288703918457,
    15.820577621459961,
    13.997803688049316,
    10.332931518554688,
    11.295084953308105,
    15.371095657348633,
    13.50810432434082,
    15.397327423095703,
    9.875520706176758,
    9.625670433044434,
    8.380568504333496,
    11.606531143188477,
    12.543681144714355,
    10.523042678833008,
    8.636439323425293,
    14.571915626525879
  ],
  "loss_last25": [
    8.092962265014648,
    9.726900100708008,
    10.991063117980957,
    7.080968379974365,
    0.40270382165908813,
    8.95179557800293,
    0.771117091178894,
    1.236080527305603,
    4.60582971572876,
    4.602147102355957,
    6.548221111297607,
    3.3252406120300293,
    0.05828988552093506,
    7.469742774963379,
    7.062624454498291,
    9.254816055297852,
    9.592098236083984,
    10.82625961303711,
    1.1188853979110718,
    1.6060419082641602,
    6.854046821594238,
    7.936389446258545,
    0.9698322415351868,
    4.925986289978027,
    0.5351188778877258
  ],
  "n_train_params": 419876
}