{
  "variant": "n1_iid_gaussian",
  "seed": 0,
  "model": "Qwen/Qwen3-4B-Instruct-2507",
  "n_train": 120,
  "n_test": 120,
  "n_preload": 512,
  "bank_layer": 21,
  "rank": 64,
  "lr": 0.0002,
  "steps": 200,
  "bank_stats": {
    "mean_norm": 15.0,
    "mean_pairwise_dist": 21.213695526123047
  },
  "before": {
    "base": 11.997906438509624,
    "real": 11.939845780531565,
    "rand": 11.943027583758036,
    "zero": 11.990609868367512,
    "off": 11.997906438509624
  },
  "after": {
    "base": 11.997906438509624,
    "real": 5.682576100714504,
    "rand": 11.943648604551951,
    "zero": 11.990609868367512,
    "off": 11.997906438509624
  },
  "nll_drop": 6.315330337795119,
  "verdict": {
    "pass": false,
    "rule": "pure noise should NOT reduce NLL by >=2 (got \u0394_signed=-6.32)",
    "interpretation": "FAIL = noise still helps \u2192 claim hollow",
    "delta_signed": -6.315330337795119,
    "nll_drop": 6.315330337795119
  },
  "loss_first25": [
    11.021206855773926,
    11.40109920501709,
    11.8158597946167,
    9.924567222595215,
    10.185279846191406,
    12.470210075378418,
    11.300172805786133,
    10.223520278930664,
    9.625762939453125,
    9.608284950256348,
    10.437468528747559,
    12.481563568115234,
    14.763995170593262,
    12.752267837524414,
    10.280418395996094,
    14.918427467346191,
    9.84504222869873,
    14.51988697052002,
    8.073823928833008,
    9.759217262268066,
    11.879936218261719,
    9.944709777832031,
    15.996133804321289,
    9.837044715881348,
    9.360468864440918
  ],
  "loss_last25": [
    0.9836058616638184,
    13.165924072265625,
    7.43012809753418,
    2.1967926025390625,
    1.8393681049346924,
    10.487536430358887,
    0.037802111357450485,
    8.21615982055664,
    10.218832969665527,
    2.1875362396240234,
    3.5463571548461914,
    0.08446160703897476,
    4.182958602905273,
    1.483323097229004,
    1.374821662902832,
    0.8132309317588806,
    1.153282880783081,
    3.2712771892547607,
    7.6556806564331055,
    3.0081872940063477,
    1.62898850440979,
    0.28247174620628357,
    8.35590648651123,
    8.743967056274414,
    0.1842842400074005
  ],
  "n_train_params": 419876
}