{
  "variant": "n6_real_bank_K1",
  "seed": 1,
  "model": "Qwen/Qwen3-4B-Instruct-2507",
  "n_train": 120,
  "n_test": 120,
  "n_preload": 1,
  "bank_layer": 9,
  "rank": 64,
  "lr": 0.0002,
  "steps": 200,
  "bank_stats": {
    "mean_norm": 15.000009536743164,
    "mean_pairwise_dist": 0.0
  },
  "before": {
    "base": 11.837605905532836,
    "real": 11.834149312973022,
    "rand": 11.834430130322774,
    "zero": 11.838693090279897,
    "off": 11.837605905532836
  },
  "after": {
    "base": 11.837605905532836,
    "real": 5.671787585318088,
    "rand": 11.836173137029013,
    "zero": 11.838693090279897,
    "off": 11.837605905532836
  },
  "nll_drop": 6.165818320214748,
  "verdict": {
    "pass": false,
    "rule": "single bank slot should NOT reduce NLL by >=2 (got \u0394_signed=-6.17)",
    "interpretation": "FAIL = 1 slot suffices \u2192 about slot count not content",
    "delta_signed": -6.165818320214748,
    "nll_drop": 6.165818320214748
  },
  "loss_first25": [
    10.793919563293457,
    14.808486938476562,
    15.005241394042969,
    11.341997146606445,
    7.96776008605957,
    11.517535209655762,
    7.448813438415527,
    11.963544845581055,
    12.208944320678711,
    7.892235279083252,
    16.764385223388672,
    6.883907318115234,
    14.427329063415527,
    8.96272087097168,
    13.886808395385742,
    10.13278865814209,
    11.60132884979248,
    13.972487449645996,
    11.512401580810547,
    15.022177696228027,
    10.525877952575684,
    10.551987648010254,
    9.7852783203125,
    12.183835983276367,
    7.945335865020752
  ],
  "loss_last25": [
    8.08096694946289,
    3.6658806800842285,
    7.1858062744140625,
    0.7311651110649109,
    8.213102340698242,
    8.837116241455078,
    6.883591651916504,
    5.902115345001221,
    3.1842942237854004,
    8.088821411132812,
    3.203620433807373,
    1.3108949661254883,
    11.633572578430176,
    5.0588250160217285,
    0.4863760769367218,
    15.175561904907227,
    1.1183232069015503,
    11.355958938598633,
    7.8362531661987305,
    3.0492982864379883,
    11.186775207519531,
    8.965445518493652,
    10.939282417297363,
    1.7113456726074219,
    1.376857876777649
  ],
  "n_train_params": 419876
}