{
  "variant": "n6_real_bank_K1",
  "seed": 0,
  "model": "Qwen/Qwen3-4B-Instruct-2507",
  "n_train": 120,
  "n_test": 120,
  "n_preload": 1,
  "bank_layer": 9,
  "rank": 64,
  "lr": 0.0002,
  "steps": 200,
  "bank_stats": {
    "mean_norm": 15.000009536743164,
    "mean_pairwise_dist": 0.0
  },
  "before": {
    "base": 11.997906438509624,
    "real": 11.999008373419445,
    "rand": 11.998736707369487,
    "zero": 11.99655355612437,
    "off": 11.997906438509624
  },
  "after": {
    "base": 11.997906438509624,
    "real": 7.150244506355375,
    "rand": 11.998166577021282,
    "zero": 11.99655355612437,
    "off": 11.997906438509624
  },
  "nll_drop": 4.8476619321542485,
  "verdict": {
    "pass": false,
    "rule": "single bank slot should NOT reduce NLL by >2 (got \u0394=4.85)",
    "interpretation": "PASS = multiple slots needed"
  },
  "loss_first25": [
    11.008419036865234,
    11.331487655639648,
    11.890615463256836,
    9.976152420043945,
    10.173047065734863,
    12.524622917175293,
    11.262443542480469,
    10.257589340209961,
    9.639402389526367,
    9.60218620300293,
    10.509172439575195,
    12.615467071533203,
    14.822389602661133,
    12.769378662109375,
    10.164978981018066,
    15.01014518737793,
    9.943809509277344,
    14.843299865722656,
    7.818580627441406,
    9.993250846862793,
    11.918322563171387,
    10.361328125,
    16.39220428466797,
    10.357205390930176,
    9.592874526977539
  ],
  "loss_last25": [
    2.199331760406494,
    14.809911727905273,
    8.460305213928223,
    4.960549831390381,
    1.5272822380065918,
    11.254652976989746,
    0.1731841117143631,
    9.015504837036133,
    10.165407180786133,
    3.303534746170044,
    3.414094924926758,
    0.8931946158409119,
    7.217462539672852,
    5.667610168457031,
    0.35216256976127625,
    2.6395263671875,
    4.3026814460754395,
    10.00311279296875,
    9.275510787963867,
    3.0417466163635254,
    2.541316509246826,
    3.888812303543091,
    6.042270660400391,
    9.497415542602539,
    0.298226922750473
  ],
  "n_train_params": 419876
}