{
  "variant": "n3_single_row_replicated",
  "seed": 0,
  "model": "Qwen/Qwen3-4B-Instruct-2507",
  "n_train": 120,
  "n_test": 120,
  "n_preload": 512,
  "bank_layer": 21,
  "rank": 64,
  "lr": 0.0002,
  "steps": 200,
  "bank_stats": {
    "mean_norm": 15.000014305114746,
    "mean_pairwise_dist": 0.0
  },
  "before": {
    "base": 11.997906438509624,
    "real": 11.985521030426025,
    "rand": 11.937918210029602,
    "zero": 11.990609868367512,
    "off": 11.997906438509624
  },
  "after": {
    "base": 11.997906438509624,
    "real": 5.641575498331804,
    "rand": 11.961012347539265,
    "zero": 11.990609868367512,
    "off": 11.997906438509624
  },
  "nll_drop": 6.35633094017782,
  "verdict": {
    "pass": false,
    "rule": "zero-distinctness bank should NOT reduce NLL by >=2 (got \u0394_signed=-6.36)",
    "interpretation": "FAIL = zero distinctness helps \u2192 H2c confirmed",
    "delta_signed": -6.35633094017782,
    "nll_drop": 6.35633094017782
  },
  "loss_first25": [
    10.896676063537598,
    11.429107666015625,
    11.848162651062012,
    9.979488372802734,
    10.15995979309082,
    12.567011833190918,
    11.23736572265625,
    10.194457054138184,
    9.620026588439941,
    9.560243606567383,
    10.360283851623535,
    12.577908515930176,
    14.585021018981934,
    12.616498947143555,
    10.011649131774902,
    14.90607738494873,
    9.696547508239746,
    14.834779739379883,
    7.319170951843262,
    9.317770957946777,
    11.653576850891113,
    9.479756355285645,
    16.325857162475586,
    8.915822982788086,
    7.760494232177734
  ],
  "loss_last25": [
    4.0027031898498535,
    15.2360200881958,
    6.109981060028076,
    1.4911741018295288,
    0.21198417246341705,
    12.652005195617676,
    0.03204461187124252,
    8.70759105682373,
    9.964866638183594,
    1.2106280326843262,
    3.712026596069336,
    0.12501375377178192,
    7.227103233337402,
    5.108004570007324,
    0.8979688882827759,
    0.5522318482398987,
    0.7571211457252502,
    6.491840362548828,
    7.872856140136719,
    4.309527397155762,
    0.6149212718009949,
    0.19911807775497437,
    6.025510787963867,
    7.8987135887146,
    0.16132724285125732
  ],
  "n_train_params": 419876
}