{
  "variant": "n2_uniform_sphere",
  "seed": 0,
  "model": "Qwen/Qwen3-4B-Instruct-2507",
  "n_train": 120,
  "n_test": 120,
  "n_preload": 512,
  "bank_layer": 9,
  "rank": 64,
  "lr": 0.0002,
  "steps": 200,
  "bank_stats": {
    "mean_norm": 15.0,
    "mean_pairwise_dist": 21.213695526123047
  },
  "before": {
    "base": 11.997906438509624,
    "real": 11.99626482327779,
    "rand": 12.002361758550007,
    "zero": 11.999729323387147,
    "off": 11.997906438509624
  },
  "after": {
    "base": 11.997906438509624,
    "real": 5.951346416367839,
    "rand": 12.013934910297394,
    "zero": 11.999729323387147,
    "off": 11.997906438509624
  },
  "nll_drop": 6.046560022141785,
  "verdict": {
    "pass": false,
    "rule": "pure noise should NOT reduce NLL by >=2 (got \u0394_signed=-6.05)",
    "interpretation": "FAIL = noise still helps \u2192 claim hollow",
    "delta_signed": -6.046560022141785,
    "nll_drop": 6.046560022141785
  },
  "loss_first25": [
    10.93359661102295,
    11.418800354003906,
    11.763106346130371,
    9.939658164978027,
    10.290336608886719,
    12.737567901611328,
    11.257421493530273,
    10.246967315673828,
    9.513275146484375,
    9.56583023071289,
    10.407508850097656,
    12.226507186889648,
    15.054677963256836,
    12.737786293029785,
    10.19954776763916,
    15.174284934997559,
    9.806062698364258,
    14.903453826904297,
    7.796762943267822,
    9.898038864135742,
    11.92216682434082,
    10.079267501831055,
    16.31015968322754,
    10.109246253967285,
    9.705195426940918
  ],
  "loss_last25": [
    5.088775157928467,
    12.92592716217041,
    6.296760559082031,
    3.6048779487609863,
    3.9729464054107666,
    10.751096725463867,
    0.30823999643325806,
    7.9793853759765625,
    10.65941333770752,
    3.182941198348999,
    1.1967856884002686,
    1.5199428796768188,
    5.206745147705078,
    2.1850810050964355,
    0.3103817403316498,
    1.6765289306640625,
    4.569738388061523,
    10.432973861694336,
    10.02346420288086,
    2.0442585945129395,
    1.9179515838623047,
    2.0131430625915527,
    5.387078285217285,
    8.626396179199219,
    1.5840845108032227
  ],
  "n_train_params": 419876
}