{
  "variant": "n3_single_row_replicated",
  "seed": 2,
  "model": "Qwen/Qwen3-4B-Instruct-2507",
  "n_train": 120,
  "n_test": 120,
  "n_preload": 512,
  "bank_layer": 9,
  "rank": 64,
  "lr": 0.0002,
  "steps": 200,
  "bank_stats": {
    "mean_norm": 15.000011444091797,
    "mean_pairwise_dist": 0.0
  },
  "before": {
    "base": 12.020033383369446,
    "real": 12.074482357501983,
    "rand": 11.946884616216023,
    "zero": 11.983037960529327,
    "off": 12.020033383369446
  },
  "after": {
    "base": 12.020033383369446,
    "real": 6.82124035085241,
    "rand": 11.955032388369242,
    "zero": 11.983037960529327,
    "off": 12.020033383369446
  },
  "nll_drop": 5.198793032517036,
  "verdict": {
    "pass": false,
    "rule": "zero-distinctness bank should NOT reduce NLL by >=2 (got \u0394_signed=-5.20)",
    "interpretation": "FAIL = zero distinctness helps \u2192 H2c confirmed",
    "delta_signed": -5.198793032517036,
    "nll_drop": 5.198793032517036
  },
  "loss_first25": [
    9.907200813293457,
    13.611421585083008,
    7.49443244934082,
    7.6522393226623535,
    9.921187400817871,
    11.887223243713379,
    11.551788330078125,
    13.114480972290039,
    11.793478012084961,
    12.39857292175293,
    15.886680603027344,
    13.849437713623047,
    10.47825813293457,
    11.819772720336914,
    15.337884902954102,
    13.102279663085938,
    15.264165878295898,
    9.602701187133789,
    9.603055953979492,
    8.197770118713379,
    10.758049011230469,
    12.434134483337402,
    9.990171432495117,
    8.52350902557373,
    14.613018035888672
  ],
  "loss_last25": [
    11.044763565063477,
    10.744705200195312,
    9.47886848449707,
    6.138445854187012,
    1.2535722255706787,
    8.208105087280273,
    0.18428204953670502,
    6.433484077453613,
    6.5683488845825195,
    6.016129016876221,
    7.780760765075684,
    6.468900680541992,
    0.09389439225196838,
    5.174116134643555,
    4.864680290222168,
    11.611973762512207,
    9.291951179504395,
    7.98121452331543,
    1.7133989334106445,
    1.0577952861785889,
    7.371131896972656,
    10.584604263305664,
    0.7514832615852356,
    4.158589839935303,
    5.775940895080566
  ],
  "n_train_params": 419876
}