{
  "variant": "n1_iid_gaussian",
  "seed": 2,
  "model": "Qwen/Qwen3-4B-Instruct-2507",
  "n_train": 120,
  "n_test": 120,
  "n_preload": 512,
  "bank_layer": 9,
  "rank": 64,
  "lr": 0.0002,
  "steps": 200,
  "bank_stats": {
    "mean_norm": 15.0,
    "mean_pairwise_dist": 21.211488723754883
  },
  "before": {
    "base": 12.020033383369446,
    "real": 11.934225034713744,
    "rand": 11.945222544670106,
    "zero": 11.983037960529327,
    "off": 12.020033383369446
  },
  "after": {
    "base": 12.020033383369446,
    "real": 6.832376501499676,
    "rand": 11.915041947364807,
    "zero": 11.983037960529327,
    "off": 12.020033383369446
  },
  "nll_drop": 5.187656881869771,
  "verdict": {
    "pass": false,
    "rule": "pure noise should NOT reduce NLL by >=2 (got \u0394_signed=-5.19)",
    "interpretation": "FAIL = noise still helps \u2192 claim hollow",
    "delta_signed": -5.187656881869771,
    "nll_drop": 5.187656881869771
  },
  "loss_first25": [
    9.878499031066895,
    13.930273056030273,
    7.703866958618164,
    7.563421726226807,
    9.956539154052734,
    11.908519744873047,
    11.210184097290039,
    12.921472549438477,
    12.53786563873291,
    12.460148811340332,
    15.8919038772583,
    13.821428298950195,
    10.288414001464844,
    11.249876976013184,
    15.275596618652344,
    12.78172492980957,
    15.34601879119873,
    9.745072364807129,
    9.509410858154297,
    8.285147666931152,
    11.61040210723877,
    12.42383098602295,
    10.455799102783203,
    8.500226974487305,
    14.365219116210938
  ],
  "loss_last25": [
    12.296866416931152,
    13.462818145751953,
    9.590599060058594,
    6.380594730377197,
    2.0656795501708984,
    6.803380966186523,
    1.1938740015029907,
    3.9326839447021484,
    7.265758514404297,
    6.919567584991455,
    5.266117572784424,
    3.5432589054107666,
    1.2469050884246826,
    6.145795822143555,
    5.9370551109313965,
    11.147767066955566,
    8.285615921020508,
    8.116724967956543,
    2.3635025024414062,
    3.165046453475952,
    7.789823532104492,
    8.206477165222168,
    0.9630559086799622,
    5.920249938964844,
    0.9934994578361511
  ],
  "n_train_params": 419876
}