{
  "variant": "n3_single_row_replicated",
  "seed": 0,
  "model": "Qwen/Qwen3-4B-Instruct-2507",
  "n_train": 120,
  "n_test": 120,
  "n_preload": 512,
  "bank_layer": 9,
  "rank": 64,
  "lr": 0.0002,
  "steps": 200,
  "bank_stats": {
    "mean_norm": 15.000014305114746,
    "mean_pairwise_dist": 0.0
  },
  "before": {
    "base": 11.997906438509624,
    "real": 11.990720144907634,
    "rand": 12.006930184364318,
    "zero": 11.999729323387147,
    "off": 11.997906438509624
  },
  "after": {
    "base": 11.997906438509624,
    "real": 6.496434336714446,
    "rand": 11.995261677106221,
    "zero": 11.999729323387147,
    "off": 11.997906438509624
  },
  "nll_drop": 5.501472101795177,
  "verdict": {
    "pass": false,
    "rule": "zero-distinctness bank should NOT reduce NLL by >2 (got \u0394=5.50)",
    "interpretation": "PASS = distinctness matters"
  },
  "loss_first25": [
    10.654788970947266,
    11.365753173828125,
    11.774548530578613,
    10.056510925292969,
    10.451994895935059,
    12.852019309997559,
    11.337421417236328,
    10.12192153930664,
    8.4833345413208,
    9.41961669921875,
    11.640233993530273,
    12.505301475524902,
    13.922805786132812,
    12.542461395263672,
    10.695876121520996,
    14.863261222839355,
    9.564615249633789,
    14.785597801208496,
    7.144207000732422,
    9.55625057220459,
    11.175854682922363,
    8.959527969360352,
    16.323760986328125,
    8.63383674621582,
    11.501588821411133
  ],
  "loss_last25": [
    3.2896761894226074,
    12.229763984680176,
    4.9302287101745605,
    4.193492412567139,
    1.3989510536193848,
    10.343647956848145,
    1.3416835069656372,
    6.512298583984375,
    10.039048194885254,
    3.767167568206787,
    1.5217311382293701,
    4.330737113952637,
    10.036449432373047,
    2.397979736328125,
    0.693946897983551,
    0.6545922160148621,
    2.2055418491363525,
    11.638718605041504,
    9.887529373168945,
    3.622075319290161,
    2.8215246200561523,
    1.6323379278182983,
    6.834224700927734,
    8.456873893737793,
    0.7391194701194763
  ],
  "n_train_params": 419876
}