{
  "variant": "n3_single_row_replicated",
  "seed": 1,
  "model": "Qwen/Qwen3-4B-Instruct-2507",
  "n_train": 120,
  "n_test": 120,
  "n_preload": 512,
  "bank_layer": 9,
  "rank": 64,
  "lr": 0.0002,
  "steps": 200,
  "bank_stats": {
    "mean_norm": 15.000000953674316,
    "mean_pairwise_dist": 0.026493487879633904
  },
  "before": {
    "base": 11.837605905532836,
    "real": 11.692696531613668,
    "rand": 11.779250701268515,
    "zero": 11.822575994332631,
    "off": 11.837605905532836
  },
  "after": {
    "base": 11.837605905532836,
    "real": 5.280967658509811,
    "rand": 11.778784863154094,
    "zero": 11.822575994332631,
    "off": 11.837605905532836
  },
  "nll_drop": 6.556638247023026,
  "verdict": {
    "pass": false,
    "rule": "zero-distinctness bank should NOT reduce NLL by >=2 (got \u0394_signed=-6.56)",
    "interpretation": "FAIL = zero distinctness helps \u2192 H2c confirmed",
    "delta_signed": -6.556638247023026,
    "nll_drop": 6.556638247023026
  },
  "loss_first25": [
    10.802364349365234,
    14.789173126220703,
    14.826266288757324,
    11.024312019348145,
    7.923765659332275,
    11.098109245300293,
    7.359366416931152,
    11.706568717956543,
    12.237364768981934,
    7.886103630065918,
    16.669757843017578,
    7.052918434143066,
    14.199953079223633,
    8.679994583129883,
    13.67908763885498,
    9.994440078735352,
    9.669729232788086,
    13.415912628173828,
    10.984142303466797,
    14.754725456237793,
    10.094682693481445,
    10.245365142822266,
    9.449197769165039,
    12.030723571777344,
    6.287775039672852
  ],
  "loss_last25": [
    5.2609124183654785,
    1.5753278732299805,
    6.273344993591309,
    2.9485902786254883,
    4.9500813484191895,
    7.885430335998535,
    4.535645008087158,
    6.450748443603516,
    2.3933587074279785,
    4.360001087188721,
    7.528499126434326,
    0.7683135867118835,
    12.358116149902344,
    3.6696038246154785,
    2.036496639251709,
    10.501938819885254,
    4.003037452697754,
    12.068977355957031,
    6.955574989318848,
    0.6182979941368103,
    10.221231460571289,
    9.646536827087402,
    5.225100517272949,
    3.7845723628997803,
    3.5840067863464355
  ],
  "n_train_params": 419876
}