{
  "variant": "n5_constant_vector",
  "seed": 2,
  "model": "Qwen/Qwen3-4B-Instruct-2507",
  "n_train": 120,
  "n_test": 120,
  "n_preload": 512,
  "bank_layer": 9,
  "rank": 64,
  "lr": 0.0002,
  "steps": 200,
  "bank_stats": {
    "mean_norm": 15.0,
    "mean_pairwise_dist": 0.0
  },
  "before": {
    "base": 12.020033383369446,
    "real": 11.974470138549805,
    "rand": 11.937935821215312,
    "zero": 11.983037960529327,
    "off": 12.020033383369446
  },
  "after": {
    "base": 12.020033383369446,
    "real": 8.593629425764084,
    "rand": 11.93469577630361,
    "zero": 11.983037960529327,
    "off": 12.020033383369446
  },
  "nll_drop": 3.4264039576053626,
  "verdict": {
    "pass": false,
    "rule": "zero-distinctness bank should NOT reduce NLL by >=2 (got \u0394_signed=-3.43)",
    "interpretation": "FAIL = zero distinctness helps \u2192 H2c confirmed",
    "delta_signed": -3.4264039576053626,
    "nll_drop": 3.4264039576053626
  },
  "loss_first25": [
    9.861488342285156,
    13.95105266571045,
    7.541295051574707,
    7.614630699157715,
    10.032052993774414,
    12.029109001159668,
    11.511383056640625,
    12.809032440185547,
    12.086947441101074,
    12.509271621704102,
    15.82872200012207,
    14.003949165344238,
    10.340726852416992,
    11.274282455444336,
    15.249734878540039,
    13.138448715209961,
    15.23565673828125,
    9.73790168762207,
    9.637757301330566,
    8.37551498413086,
    11.586396217346191,
    12.50126838684082,
    10.38997745513916,
    8.595565795898438,
    14.563127517700195
  ],
  "loss_last25": [
    13.025309562683105,
    8.807482719421387,
    8.229104995727539,
    11.232511520385742,
    4.861484527587891,
    8.518796920776367,
    3.853456735610962,
    7.7615766525268555,
    7.575134754180908,
    9.303421974182129,
    6.807810306549072,
    9.49880313873291,
    3.343759298324585,
    7.458043575286865,
    7.368098735809326,
    9.464110374450684,
    7.457490921020508,
    10.129627227783203,
    7.041965484619141,
    6.320483207702637,
    10.27145767211914,
    9.591348648071289,
    6.021948337554932,
    9.294515609741211,
    7.266275405883789
  ],
  "n_train_params": 419876
}