{
  "experiment": "e20b_trainable_bank",
  "model": "Qwen/Qwen3-4B-Instruct-2507",
  "seed": 1,
  "N": 512,
  "bank_layer": 9,
  "rank": 64,
  "lr": 0.001,
  "steps": 500,
  "n_train": 512,
  "train_on": "setA",
  "n_setA": 512,
  "n_setB": 512,
  "n_trainable_params": 1310720,
  "base_A": 12.016364023089409,
  "base_B": 11.980901166796684,
  "nll_A_init": 7.503541670273989,
  "nll_A_after": 12.037076165899634,
  "nll_B": 11.980894030071795,
  "nll_A_zero": 12.016364023089409,
  "delta_A_init": 4.512822352815419,
  "delta_A_after": -0.020712142810225487,
  "delta_B": 7.136724889278412e-06,
  "delta_A_zero": 0.0,
  "asymmetry_A_init_vs_after": 4.533534495625645,
  "AB_gap_after_evict_vs_B": -0.020719279535114765,
  "b_A_relative_drift": 0.13597926497459412,
  "verdict": {
    "north_star_pass": true,
    "rule": "\u0394_A_init\u22653.0 AND \u0394_A_after_evict\u22641.0 AND \u0394_B\u22641.0",
    "delta_A_init": 4.512822352815419,
    "delta_A_after": -0.020712142810225487,
    "delta_B": 7.136724889278412e-06,
    "delta_A_zero": 0.0,
    "asymmetry_A_init_vs_after": 4.533534495625645,
    "AB_gap_after_evict_vs_B": -0.020719279535114765
  },
  "loss_first10": [
    11.91099739074707,
    14.901610374450684,
    9.971395492553711,
    14.35964584350586,
    11.330589294433594,
    8.329521179199219,
    11.949978828430176,
    12.434642791748047,
    8.96673583984375,
    10.90007209777832
  ],
  "loss_last10": [
    3.4633100032806396,
    9.56127643585205,
    3.962757110595703,
    8.541507720947266,
    6.501440048217773,
    4.319117546081543,
    10.119439125061035,
    5.7196044921875,
    5.290514945983887,
    7.304774284362793
  ]
}