{
  "experiment": "e20b_trainable_bank",
  "model": "Qwen/Qwen3-4B-Instruct-2507",
  "seed": 0,
  "N": 512,
  "bank_layer": 9,
  "rank": 64,
  "lr": 0.001,
  "steps": 500,
  "n_train": 512,
  "train_on": "setA",
  "n_setA": 512,
  "n_setB": 512,
  "n_trainable_params": 1310720,
  "base_A": 12.145313409157097,
  "base_B": 11.916443957947195,
  "nll_A_init": 7.344090695376508,
  "nll_A_after": 12.139162378385663,
  "nll_B": 11.92702065501362,
  "nll_A_zero": 12.145313409157097,
  "delta_A_init": 4.801222713780589,
  "delta_A_after": 0.006151030771434307,
  "delta_B": -0.010576697066426277,
  "delta_A_zero": 0.0,
  "asymmetry_A_init_vs_after": 4.795071683009155,
  "AB_gap_after_evict_vs_B": 0.016727727837860584,
  "b_A_relative_drift": 0.12877224385738373,
  "verdict": {
    "north_star_pass": true,
    "rule": "\u0394_A_init\u22653.0 AND \u0394_A_after_evict\u22641.0 AND \u0394_B\u22641.0",
    "delta_A_init": 4.801222713780589,
    "delta_A_after": 0.006151030771434307,
    "delta_B": -0.010576697066426277,
    "delta_A_zero": 0.0,
    "asymmetry_A_init_vs_after": 4.795071683009155,
    "AB_gap_after_evict_vs_B": 0.016727727837860584
  },
  "loss_first10": [
    11.466617584228516,
    11.919804573059082,
    16.667264938354492,
    8.776023864746094,
    12.149998664855957,
    12.422588348388672,
    15.657541275024414,
    10.57674789428711,
    12.0502290725708,
    12.430381774902344
  ],
  "loss_last10": [
    7.022361755371094,
    8.217544555664062,
    7.60414981842041,
    6.5600175857543945,
    4.311918258666992,
    7.786001205444336,
    6.239120006561279,
    7.708451271057129,
    8.547473907470703,
    11.745366096496582
  ]
}