{
  "experiment": "e20b_trainable_bank",
  "model": "Qwen/Qwen3-4B-Instruct-2507",
  "seed": 2,
  "N": 512,
  "bank_layer": 9,
  "rank": 64,
  "lr": 0.001,
  "steps": 500,
  "n_train": 512,
  "train_on": "setA",
  "n_setA": 512,
  "n_setB": 512,
  "n_trainable_params": 1310720,
  "base_A": 11.9997932119295,
  "base_B": 11.829792107455432,
  "nll_A_init": 6.442394779820461,
  "nll_A_after": 12.011422978714108,
  "nll_B": 11.840927018783987,
  "nll_A_zero": 11.9997932119295,
  "delta_A_init": 5.557398432109039,
  "delta_A_after": -0.011629766784608364,
  "delta_B": -0.011134911328554153,
  "delta_A_zero": 0.0,
  "asymmetry_A_init_vs_after": 5.569028198893648,
  "AB_gap_after_evict_vs_B": -0.0004948554560542107,
  "b_A_relative_drift": 0.12358448654413223,
  "verdict": {
    "north_star_pass": true,
    "rule": "\u0394_A_init\u22653.0 AND \u0394_A_after_evict\u22641.0 AND \u0394_B\u22641.0",
    "delta_A_init": 5.557398432109039,
    "delta_A_after": -0.011629766784608364,
    "delta_B": -0.011134911328554153,
    "delta_A_zero": 0.0,
    "asymmetry_A_init_vs_after": 5.569028198893648,
    "AB_gap_after_evict_vs_B": -0.0004948554560542107
  },
  "loss_first10": [
    11.603428840637207,
    9.598289489746094,
    13.2432222366333,
    14.540874481201172,
    9.865039825439453,
    11.066709518432617,
    11.0020751953125,
    12.928126335144043,
    13.340216636657715,
    14.790193557739258
  ],
  "loss_last10": [
    11.85862922668457,
    6.537009239196777,
    6.717613220214844,
    10.328143119812012,
    3.1430587768554688,
    13.032737731933594,
    12.773710250854492,
    8.484956741333008,
    5.970861434936523,
    0.3762742877006531
  ]
}