{
  "all_base_frozen": true,
  "all_injected_15_layers": true,
  "any_prompt_insertion": false,
  "mean_delta_drop_vs_no_memory": 7.318548457324505,
  "mean_delta_qv_nll": 5.4737651703879235,
  "mean_no_memory_nll": 12.792313627712428,
  "mean_per_example_delta_beats_no_memory_rate": 1.0,
  "mean_per_example_delta_beats_wrong_query_rate": 0.46875,
  "mean_random_nll": 12.658391915634274,
  "mean_raw_memory_nll": 15.40110491476953,
  "mean_shuffled_nll": 8.288919167080895,
  "mean_wrong_layer_nll": 6.4812068012950474,
  "mean_wrong_query_drop_vs_no_memory": 7.335562919965014,
  "mean_wrong_query_minus_delta_nll": -0.017014462640509008,
  "mean_wrong_query_nll": 5.456750707747415,
  "mean_zero_nll": 12.770493214949965,
  "num_tasks": 5,
  "tasks_delta_beats_wrong_query": 1,
  "total_eval_examples": 160
}
