{
  "mode": "v2_kproj",
  "seed": 0,
  "model": "Qwen/Qwen3-4B-Instruct-2507",
  "n_train": 120,
  "n_test": 120,
  "n_preload": 512,
  "bank_layer": 9,
  "rank": 64,
  "lr": 0.0002,
  "steps": 200,
  "before": {
    "base": 12.03310783704122,
    "real": 12.016413486003875,
    "rand": 12.000910099347433,
    "zero": 12.021212871869405,
    "off": 12.03310783704122
  },
  "after": {
    "base": 12.03310783704122,
    "real": 7.009405956727763,
    "rand": 11.991879872481029,
    "zero": 12.021212871869405,
    "off": 12.03310783704122
  },
  "verdict": {
    "pass": true,
    "delta": 5.023701880313457,
    "rule": "\u0394 \u2264 -2.0 \u2014 K-projector revives the bank",
    "delta_signed": -5.0070075292761125,
    "note": "driver had unsigned delta; corrected post-hoc"
  },
  "loss_first25": [
    7.281546592712402,
    15.647480964660645,
    15.77607536315918,
    9.693105697631836,
    10.772018432617188,
    14.318974494934082,
    8.991113662719727,
    12.570687294006348,
    10.101634979248047,
    15.769491195678711,
    12.1463623046875,
    12.326963424682617,
    9.976581573486328,
    13.013367652893066,
    10.29768180847168,
    12.627006530761719,
    11.06605052947998,
    12.249140739440918,
    9.282684326171875,
    10.045537948608398,
    13.145750999450684,
    11.936634063720703,
    12.58571720123291,
    11.868907928466797,
    14.258105278015137
  ],
  "loss_last25": [
    10.331169128417969,
    4.480803489685059,
    6.819813251495361,
    9.668581008911133,
    10.34598159790039,
    5.190396308898926,
    6.48133659362793,
    5.226043224334717,
    6.184542655944824,
    5.666243553161621,
    11.471628189086914,
    8.74586009979248,
    12.934317588806152,
    4.1263651847839355,
    5.931939125061035,
    8.118094444274902,
    4.626178741455078,
    4.075510025024414,
    7.651834964752197,
    2.956122636795044,
    10.59943675994873,
    6.582108497619629,
    7.02525520324707,
    8.21210765838623,
    6.116112232208252
  ],
  "n_train_params": 419876,
  "projector_trainable": true
}