{
  "mode": "v1_orig",
  "seed": 0,
  "model": "Qwen/Qwen3-4B-Instruct-2507",
  "n_train": 120,
  "n_test": 120,
  "n_preload": 512,
  "bank_layer": 9,
  "rank": 64,
  "lr": 0.0002,
  "steps": 200,
  "before": {
    "base": 12.03310783704122,
    "real": 12.016413486003875,
    "rand": 12.009324395656586,
    "zero": 12.021212871869405,
    "off": 12.03310783704122
  },
  "after": {
    "base": 12.03310783704122,
    "real": 12.018720126152038,
    "rand": 12.004563776652018,
    "zero": 12.021212871869405,
    "off": 12.03310783704122
  },
  "verdict": {
    "pass": true,
    "delta": 0.014387710889181449,
    "rule": "\u0394 \u2248 0 (within \u00b10.3) \u2014 reproduces v1 null result"
  },
  "loss_first25": [
    7.281546592712402,
    15.684527397155762,
    15.731500625610352,
    9.752588272094727,
    10.772834777832031,
    14.341798782348633,
    9.06359577178955,
    12.515726089477539,
    10.178662300109863,
    15.832198143005371,
    12.226715087890625,
    12.274619102478027,
    10.158171653747559,
    13.003549575805664,
    10.268792152404785,
    12.716751098632812,
    11.052915573120117,
    12.280964851379395,
    9.128816604614258,
    10.35835075378418,
    13.35656452178955,
    12.242130279541016,
    12.559804916381836,
    11.979912757873535,
    14.272189140319824
  ],
  "loss_last25": [
    14.314266204833984,
    9.991540908813477,
    12.020614624023438,
    12.849803924560547,
    13.676094055175781,
    10.334994316101074,
    7.848368167877197,
    11.738954544067383,
    12.563333511352539,
    7.538616180419922,
    14.48610782623291,
    14.12588882446289,
    15.665745735168457,
    9.121746063232422,
    13.310193061828613,
    13.810322761535645,
    10.823155403137207,
    11.644050598144531,
    12.857357025146484,
    11.371710777282715,
    14.729131698608398,
    12.938379287719727,
    11.252066612243652,
    13.894913673400879,
    13.024269104003906
  ],
  "n_train_params": 92196,
  "projector_trainable": false
}