{
  "stats": {
    "base_model": {
      "n": 42,
      "n_margin": 42,
      "mean_margin": -4.287946417218163,
      "median_margin": -3.624999523162842,
      "ci95_margin_lo": -5.175883571874528,
      "ci95_margin_hi": -3.4281435746522178,
      "mean_recall_at_1": 0.0,
      "retrieval_accuracy": null,
      "mean_top_score": NaN
    },
    "oracle_correct": {
      "n": 42,
      "n_margin": 42,
      "mean_margin": -2.72581840696789,
      "median_margin": -2.5625,
      "ci95_margin_lo": -3.465545966653597,
      "ci95_margin_hi": -2.034937616331237,
      "mean_recall_at_1": 0.0,
      "retrieval_accuracy": 1.0,
      "mean_top_score": 1.0
    },
    "oracle_random": {
      "n": 42,
      "n_margin": 42,
      "mean_margin": -3.2304687272934687,
      "median_margin": -2.953125,
      "ci95_margin_lo": -3.9391741155158906,
      "ci95_margin_hi": -2.572958536658969,
      "mean_recall_at_1": 0.0,
      "retrieval_accuracy": 0.0,
      "mean_top_score": 0.793212354183197
    },
    "oracle_shuffled": {
      "n": 42,
      "n_margin": 42,
      "mean_margin": -0.22828312147231328,
      "median_margin": -0.297119140625,
      "ci95_margin_lo": -0.6177618228253864,
      "ci95_margin_hi": 0.1568708033788769,
      "mean_recall_at_1": 0.0,
      "retrieval_accuracy": 1.0,
      "mean_top_score": 1.0
    },
    "oracle_sign_flip": {
      "n": 42,
      "n_margin": 42,
      "mean_margin": -5.232328800928025,
      "median_margin": -4.375,
      "ci95_margin_lo": -6.228764416206451,
      "ci95_margin_hi": -4.307126467852366,
      "mean_recall_at_1": 0.0,
      "retrieval_accuracy": 1.0,
      "mean_top_score": 1.0
    }
  },
  "verdict": {
    "verdict": "STEERING_ONLY",
    "base_margin": -4.287946417218163,
    "oracle_correct_margin": -2.72581840696789,
    "oracle_correct_ci_lo": -3.465545966653597,
    "oracle_random_margin": -3.2304687272934687,
    "oracle_shuffled_margin": -0.22828312147231328,
    "oracle_sign_flip_margin": -5.232328800928025,
    "delta_vs_base": 1.562128010250273,
    "gap_vs_strongest_control": -2.4975352854955766
  }
}