{
  "arch": "residual",
  "alpha": 5.0,
  "seed": 3,
  "nll": 11.398856073617935,
  "n_attn_layers": 12,
  "mean_v_norm": 525.8295669555664,
  "wallclock_s": 2.1763739585876465
}