{
  "arch": "residual",
  "alpha": 1.5,
  "seed": 3,
  "nll": 10.612308025360107,
  "n_attn_layers": 12,
  "mean_v_norm": 522.2540754477183,
  "wallclock_s": 2.2776601314544678,
  "per_layer_norms_per_seg": [
    [
      73.24779510498047,
      1261.00537109375,
      1591.009765625,
      3013.1416015625,
      3379.357666015625,
      3695.846923828125,
      4117.9208984375,
      4472.998046875,
      4889.1083984375,
      5249.54736328125,
      6282.79150390625,
      7683.88134765625,
      13048.412109375
    ],
    [
      70.76223754882812,
      1241.35888671875,
      1460.7471923828125,
      2922.207275390625,
      3144.41650390625,
      3403.96728515625,
      3676.97607421875,
      4088.888427734375,
      4580.74658203125,
      4801.5458984375,
      5265.451171875,
      6748.2265625,
      10543.017578125
    ],
    [
      70.58892822265625,
      1241.451171875,
      1434.4176025390625,
      3283.930908203125,
      3350.622314453125,
      3465.124267578125,
      3557.294189453125,
      3726.776123046875,
      3881.81396484375,
      4030.80517578125,
      4554.5341796875,
      5796.34716796875,
      11154.98828125
    ],
    [
      72.2454605102539,
      1231.726318359375,
      1447.4493408203125,
      2908.192626953125,
      3096.052734375,
      3282.465576171875,
      3664.0615234375,
      4049.816162109375,
      4391.443359375,
      4769.60400390625,
      5347.79931640625,
      6552.724609375,
      11881.623046875
    ],
    [
      72.68002319335938,
      1249.7703857421875,
      1473.81494140625,
      2878.985595703125,
      3076.7412109375,
      3273.08154296875,
      3688.7646484375,
      4021.54638671875,
      4577.82568359375,
      4966.73486328125,
      5630.791015625,
      7246.2802734375,
      12464.1708984375
    ],
    [
      72.47300720214844,
      1241.1485595703125,
      1406.6461181640625,
      2757.184326171875,
      2813.592041015625,
      2974.954345703125,
      3206.7568359375,
      3317.95458984375,
      4032.2021484375,
      4392.8896484375,
      5063.49169921875,
      6413.7587890625,
      12273.248046875
    ],
    [
      72.6986083984375,
      1238.777099609375,
      1477.70849609375,
      3303.4931640625,
      3416.18701171875,
      3564.3310546875,
      3790.86181640625,
      4093.696533203125,
      4314.37109375,
      4538.82275390625,
      5163.53125,
      6596.6689453125,
      12951.9287109375
    ],
    [
      72.3822021484375,
      1242.65185546875,
      1499.2564697265625,
      2909.066162109375,
      3080.483154296875,
      3367.477294921875,
      3609.366455078125,
      3888.422607421875,
      4287.11474609375,
      4799.0341796875,
      5790.02294921875,
      7488.75,
      14980.513671875
    ],
    [
      72.20132446289062,
      1245.7086181640625,
      1402.505859375,
      2323.852294921875,
      2308.878173828125,
      2522.82177734375,
      2894.142578125,
      3190.293701171875,
      3926.849365234375,
      4434.94384765625,
      5635.20556640625,
      7223.521484375,
      11565.041015625
    ],
    [
      73.9547348022461,
      1248.044189453125,
      1516.665283203125,
      2954.15478515625,
      3214.97900390625,
      3523.2333984375,
      3899.81982421875,
      4245.0439453125,
      4643.9326171875,
      5214.07373046875,
      6130.146484375,
      8045.71875,
      14922.060546875
    ],
    [
      72.18881225585938,
      1250.487060546875,
      1439.797607421875,
      2763.519775390625,
      2915.753662109375,
      3218.99658203125,
      3543.46435546875,
      3870.006103515625,
      4467.2265625,
      4797.64599609375,
      5122.2275390625,
      6595.541015625,
      13222.82421875
    ],
    [
      72.08097076416016,
      1249.3209228515625,
      1424.7935791015625,
      2609.66015625,
      2696.481689453125,
      2916.60498046875,
      3012.157958984375,
      3380.005859375,
      3925.57958984375,
      4522.2275390625,
      5223.83154296875,
      6372.44921875,
      12489.052734375
    ],
    [
      71.5580825805664,
      1240.0494384765625,
      1416.6651611328125,
      2740.2412109375,
      2874.287353515625,
      3220.596435546875,
      3453.766357421875,
      3605.6689453125,
      4260.8212890625,
      4964.91796875,
      5687.03125,
      7169.21484375,
      14350.5302734375
    ],
    [
      71.60842895507812,
      1249.4945068359375,
      1469.154052734375,
      3160.998046875,
      3282.3037109375,
      3431.007080078125,
      3632.390625,
      3843.462646484375,
      4122.74169921875,
      4698.654296875,
      5412.87841796875,
      7226.39453125,
      14740.2353515625
    ],
    [
      71.75801849365234,
      1238.4075927734375,
      1424.83056640625,
      2851.222900390625,
      3024.2265625,
      3143.778564453125,
      3481.156982421875,
      3886.66357421875,
      4671.5732421875,
      4886.4111328125,
      5690.57373046875,
      7025.97412109375,
      15729.9443359375
    ],
    [
      69.96076965332031,
      1222.2135009765625,
      1438.2227783203125,
      2791.4833984375,
      2946.906494140625,
      3253.420166015625,
      3708.428466796875,
      4132.86669921875,
      4534.64794921875,
      4815.81396484375,
      5593.19091796875,
      7044.6201171875,
      12056.9404296875
    ],
    [
      70.75146484375,
      1243.371826171875,
      1521.1712646484375,
      2911.507080078125,
      3226.232666015625,
      3503.6015625,
      3868.978271484375,
      4311.54931640625,
      4946.361328125,
      5513.17578125,
      6091.42529296875,
      7416.994140625,
      12632.5625
    ],
    [
      71.9738998413086,
      1245.4656982421875,
      1495.234375,
      2908.406005859375,
      3141.970947265625,
      3363.540771484375,
      3555.154052734375,
      4332.5048828125,
      4855.90869140625,
      5093.06884765625,
      5776.07568359375,
      7225.28662109375,
      15192.3505859375
    ],
    [
      71.5245132446289,
      1248.22119140625,
      1469.586181640625,
      2937.35400390625,
      3117.52978515625,
      3402.973876953125,
      3668.77978515625,
      4121.42041015625,
      4592.51708984375,
      5199.24169921875,
      5908.73974609375,
      7255.53515625,
      12017.0615234375
    ],
    [
      71.89740753173828,
      1235.5557861328125,
      1412.2049560546875,
      2585.93359375,
      2723.394287109375,
      3036.381103515625,
      3402.6123046875,
      3723.678466796875,
      4124.3515625,
      4340.68505859375,
      4973.7890625,
      7107.42431640625,
      14521.4775390625
    ],
    [
      70.76575469970703,
      1239.8773193359375,
      1445.7109375,
      2886.571533203125,
      3079.4462890625,
      3342.212646484375,
      3635.943359375,
      3971.584716796875,
      4439.22314453125,
      4663.7421875,
      5498.888671875,
      7710.65673828125,
      14324.8486328125
    ],
    [
      70.81363677978516,
      1244.8775634765625,
      1470.4144287109375,
      2903.922607421875,
      3140.763427734375,
      3485.29638671875,
      3713.105712890625,
      4343.79736328125,
      4848.54833984375,
      5213.5263671875,
      5908.9599609375,
      7472.1708984375,
      16531.51953125
    ],
    [
      72.58641815185547,
      1249.917724609375,
      1525.5064697265625,
      3299.734130859375,
      3502.583984375,
      3705.8515625,
      3913.516357421875,
      4139.79638671875,
      4355.15478515625,
      4558.408203125,
      4954.83984375,
      6304.47412109375,
      11565.0771484375
    ],
    [
      73.29633331298828,
      1260.708984375,
      1444.9986572265625,
      2836.5732421875,
      2990.09228515625,
      3244.71630859375,
      3725.703125,
      4028.8310546875,
      4259.88232421875,
      4465.55419921875,
      4988.74755859375,
      6385.87890625,
      12756.779296875
    ],
    [
      70.76681518554688,
      1233.4185791015625,
      1484.265869140625,
