{
  "arch": "hc",
  "alpha": 0.5,
  "seed": 0,
  "nll": 6.85144966840744,
  "n_attn_layers": 12,
  "mean_v_norm": 477.9313509464264,
  "wallclock_s": 2.5471198558807373
}