{
  "arch": "hc",
  "alpha": 2.0,
  "seed": 0,
  "nll": 10.181082725524902,
  "n_attn_layers": 12,
  "mean_v_norm": 506.30639266967773,
  "wallclock_s": 2.5456879138946533
}