{
  "arch": "hc",
  "alpha": 1.0,
  "seed": 0,
  "nll": 7.970914036035538,
  "n_attn_layers": 12,
  "mean_v_norm": 487.702518304189,
  "wallclock_s": 2.530441999435425
}