{
  "arch": "hc",
  "alpha": 5.0,
  "seed": 0,
  "nll": 11.24558562040329,
  "n_attn_layers": 12,
  "mean_v_norm": 533.5141872564951,
  "wallclock_s": 2.5236008167266846
}