{
  "arch": "hc",
  "alpha": 0.1,
  "seed": 0,
  "nll": 6.560044825077057,
  "n_attn_layers": 12,
  "mean_v_norm": 474.9359970887502,
  "wallclock_s": 2.533712148666382
}