{
  "arch": "hc",
  "alpha": 1.5,
  "seed": 0,
  "nll": 9.271851599216461,
  "n_attn_layers": 12,
  "mean_v_norm": 497.2740966478984,
  "wallclock_s": 2.8323419094085693,
  "per_layer_norms_per_seg": [
    [
      73.24779510498047,
      1091.7652587890625,
      1223.098876953125,
      3854.120361328125,
      3774.316162109375,
      3678.117431640625,
      3614.685302734375,
      3660.634521484375,
      3769.2724609375,
      3909.283935546875,
      4313.0556640625,
      5447.70361328125,
      8310.8125
    ],
    [
      70.76223754882812,
      1097.0262451171875,
      1190.1317138671875,
      3087.681640625,
      3119.45947265625,
      3099.54248046875,
      3070.547607421875,
      3151.731201171875,
      3394.4892578125,
      3704.19921875,
      4122.18505859375,
      5082.85546875,
      7747.6640625
    ],
    [
      70.58892822265625,
      1102.8543701171875,
      1232.1436767578125,
      2954.8515625,
      3088.560546875,
      3072.57861328125,
      3139.034912109375,
      3201.929931640625,
      3419.027099609375,
      3730.348876953125,
      4242.92236328125,
      5341.79150390625,
      9078.638671875
    ],
    [
      72.2454605102539,
      1120.77978515625,
      1253.56494140625,
      3399.57080078125,
      3366.209228515625,
      3352.967529296875,
      3400.555908203125,
      3474.032470703125,
      3602.960205078125,
      3797.421142578125,
      4093.680908203125,
      5045.0029296875,
      8527.5078125
    ],
    [
      72.68002319335938,
      1104.9295654296875,
      1243.020263671875,
      2959.11767578125,
      2961.357666015625,
      2997.2890625,
      3065.429931640625,
      3131.966796875,
      3329.869873046875,
      3704.541259765625,
      4106.80029296875,
      5406.41455078125,
      8981.90625
    ],
    [
      72.47300720214844,
      1103.0670166015625,
      1238.525390625,
      3401.458740234375,
      3399.3828125,
      3390.299560546875,
      3425.235107421875,
      3520.01416015625,
      3676.615478515625,
      3829.87255859375,
      4307.98486328125,
      5578.5732421875,
      10622.3515625
    ],
    [
      72.6986083984375,
      1115.2969970703125,
      1216.474365234375,
      4532.130859375,
      4415.16259765625,
      4216.14697265625,
      4114.87353515625,
      4136.2939453125,
      4228.7353515625,
      4318.3486328125,
      4624.333984375,
      5496.95361328125,
      9248.736328125
    ],
    [
      72.3822021484375,
      1119.389404296875,
      1225.3336181640625,
      2680.358154296875,
      2714.253173828125,
      2739.591064453125,
      2826.003662109375,
      2992.175048828125,
      3310.1171875,
      3481.88623046875,
      4093.49609375,
      5718.90380859375,
      11401.4423828125
    ],
    [
      72.20132446289062,
      1121.1234130859375,
      1240.602783203125,
      2879.715576171875,
      2918.929443359375,
      2952.214111328125,
      3018.105712890625,
      3175.58349609375,
      3356.747314453125,
      3563.97900390625,
      4160.6318359375,
      5417.6650390625,
      10487.9130859375
    ],
    [
      73.9547348022461,
      1123.2589111328125,
      1243.3011474609375,
      2817.38037109375,
      2873.4208984375,
      2972.780029296875,
      3106.672119140625,
      3249.10107421875,
      3571.940673828125,
      3738.562255859375,
      4325.61376953125,
      6025.1484375,
      10501.46484375
    ],
    [
      72.18881225585938,
      1117.5499267578125,
      1253.0372314453125,
      3455.480712890625,
      3392.77099609375,
      3355.794677734375,
      3369.923828125,
      3473.6513671875,
      3633.65625,
      3854.153076171875,
      4119.91650390625,
      5452.0283203125,
      8656.88671875
    ],
    [
      72.08097076416016,
      1105.445068359375,
      1230.816650390625,
      4005.544921875,
      3966.285400390625,
      3913.797119140625,
      3898.337646484375,
      3913.66455078125,
      4100.3388671875,
      4207.107421875,
      4466.4228515625,
      5569.98583984375,
      8977.4296875
    ],
    [
      71.5580825805664,
      1092.384033203125,
      1208.0050048828125,
      3648.89892578125,
      3572.872314453125,
      3516.605224609375,
      3473.56640625,
      3490.7314453125,
      3599.527587890625,
      3761.5498046875,
      4160.81298828125,
      4975.6611328125,
      9035.1396484375
    ],
    [
      71.60842895507812,
      1106.18505859375,
      1232.8282470703125,
      3262.30859375,
      3329.72998046875,
      3312.921630859375,
      3310.5283203125,
      3368.755126953125,
      3644.83740234375,
      3755.5029296875,
      4238.49951171875,
      5644.9501953125,
      9798.4892578125
    ],
    [
      71.75801849365234,
      1111.2938232421875,
      1215.1060791015625,
      3178.53564453125,
      3265.900146484375,
      3160.48681640625,
      3191.46875,
      3335.620849609375,
      3478.463134765625,
      3724.483642578125,
      4159.41796875,
      5466.34033203125,
      10197.671875
    ],
    [
      69.96076965332031,
      1074.5181884765625,
      1194.71630859375,
      3359.2998046875,
      3374.878662109375,
      3383.98486328125,
      3404.768310546875,
      3467.054443359375,
      3568.6748046875,
      3675.83154296875,
      4052.444091796875,
      5106.92626953125,
      9517.4091796875
    ],
    [
      70.75146484375,
      1125.4569091796875,
      1217.53369140625,
      3658.037109375,
      3619.316162109375,
      3596.927490234375,
      3597.455810546875,
      3660.631591796875,
      3809.42822265625,
      3987.77587890625,
      4457.47998046875,
      5395.08056640625,
      9521.953125
    ],
    [
      71.9738998413086,
      1114.832275390625,
      1220.7685546875,
      3535.482666015625,
      3574.465576171875,
      3512.33544921875,
      3497.24658203125,
      3549.2646484375,
      3685.381591796875,
      3862.566162109375,
      4307.1826171875,
      5538.9453125,
      8534.9912109375
    ],
    [
      71.5245132446289,
      1111.906494140625,
      1225.4364013671875,
      2798.96923828125,
      2869.4404296875,
      2933.49560546875,
      3001.072021484375,
      3119.150390625,
      3376.35302734375,
      3524.33447265625,
      3990.685791015625,
      5418.65771484375,
      9816.65234375
    ],
    [
      71.89740753173828,
      1106.59619140625,
      1233.4227294921875,
      2932.478515625,
      3063.127685546875,
      3137.05615234375,
      3162.7880859375,
      3394.361572265625,
      3843.8583984375,
      4027.4150390625,
      4488.70166015625,
      5744.6875,
      11490.078125
    ],
    [
      70.76575469970703,
      1098.486572265625,
      1239.6414794921875,
      2844.939208984375,
      2961.961669921875,
      2978.928466796875,
      3072.71337890625,
      3240.352294921875,
      3590.44873046875,
      3780.19384765625,
      4356.8125,
      5779.8896484375,
      9900.6953125
    ],
    [
      70.81363677978516,
      1122.0523681640625,
      1250.0491943359375,
      2742.666259765625,
      2857.0380859375,
      2956.162109375,
      3022.30224609375,
      3185.121337890625,
      3608.6416015625,
      4346.509765625,
      4841.7568359375,
      5857.99365234375,
      9156.02734375
    ],
    [
      72.58641815185547,
      1112.6131591796875,
      1224.0916748046875,
      2939.517822265625,
      3032.48388671875,
      3074.1484375,
      3134.753173828125,
      3209.528076171875,
      3452.458984375,
      3654.12060546875,
      4220.33837890625,
      5106.1044921875,
      8449.521484375
    ],
    [
      73.29633331298828,
      1147.89794921875,
      1262.679443359375,
      3078.228271484375,
      3076.774658203125,
      3101.22607421875,
      3178.75,
      3292.597900390625,
      3444.64404296875,
      3653.6953125,
      4029.77294921875,
      5148.02490234375,
      7108.62109375
    ],
    [
      70.76681518554688,
      1097.134765625,
