{
  "alpha": 2.0,
  "seed": 2,
  "mu_arch": 5,
  "eta_sigma": 0.7,
  "mu_base": [
    5.269229412078857,
    9.160711288452148,
    70.49476623535156,
    143.34323120117188,
    145.80271911621094,
    147.89761352539062,
    148.34747314453125,
    150.2508087158203,
    150.47836303710938,
    151.25973510742188,
    150.57034301757812,
    149.93946838378906,
    150.03518676757812,
    150.62159729003906,
    151.53578186035156,
    151.85862731933594,
    155.4115447998047,
    161.09127807617188,
    164.91188049316406,
    170.2723388671875,
    180.39073181152344,
    70.23101806640625,
    79.38517761230469,
    275.0113830566406
  ],
  "sigma_base": [
    0.9674159288406372,
    1.2925187349319458,
    201.46188354492188,
    438.281005859375,
    437.5580139160156,
    444.2674560546875,
    444.1436767578125,
    443.5714111328125,
    443.4687805175781,
    443.23968505859375,
    443.4384765625,
    443.5936584472656,
    443.57000732421875,
    443.3471984863281,
    443.0486755371094,
    442.8952941894531,
    441.80224609375,
    440.02325439453125,
    438.7978820800781,
    437.10333251953125,
    431.5940246582031,
    10.660268783569336,
    10.030891418457031,
    37.773956298828125
  ],
  "profile_corpus_sha": "a84cd30069732834",
  "static_nll_list": [
    16.447906494140625,
    10.50626277923584,
    11.840940475463867,
    10.19028377532959,
    10.851269721984863,
    9.714373588562012,
    12.273259162902832,
    11.989227294921875
  ],
  "auto_nll_list": [
    15.407919883728027,
    14.74613094329834,
    14.77459716796875,
    14.833905220031738,
    15.456070899963379,
    15.449418067932129,
    14.567713737487793,
    14.959370613098145
  ],
  "static_nll": 11.726690411567688,
  "auto_nll": 15.024390816688538,
  "base_nll": 1.9034700766205788,
  "base_nll_list": [
    2.2914910316467285,
    1.0398250818252563,
    2.4026074409484863,
    0.9051105380058289,
    1.6788175106048584,
    2.1263186931610107,
    2.475295305252075,
    2.3082950115203857
  ],
  "model": "Qwen/Qwen2.5-0.5B-Instruct"
}