{
  "math": {
    "model_name": "Qwen/Qwen2.5-1.5B",
    "num_layers": 28,
    "mu_base": [
      18.853923797607422,
      105.99098205566406,
      201.7381591796875,
      210.9032745361328,
      217.77120971679688,
      220.27999877929688,
      222.71234130859375,
      225.23683166503906,
      226.83322143554688,
      229.33322143554688,
      230.19879150390625,
      231.83995056152344,
      232.58840942382812,
      235.43710327148438,
      235.53016662597656,
      237.79501342773438,
      238.8234100341797,
      241.85321044921875,
      247.060546875,
      256.649658203125,
      264.9371032714844,
      284.32440185546875,
      307.20947265625,
      338.53411865234375,
      373.6356506347656,
      414.5030517578125,
      296.86370849609375,
      187.8549041748047
    ],
    "sigma_base": [
      3.218903064727783,
      652.0843505859375,
      1362.649169921875,
      1388.321044921875,
      1403.101318359375,
      1421.6531982421875,
      1421.313232421875,
      1420.9744873046875,
      1420.7550048828125,
      1420.3507080078125,
      1420.1370849609375,
      1419.7744140625,
      1419.577880859375,
      1419.116943359375,
      1419.008544921875,
      1418.5931396484375,
      1418.33349609375,
      1417.824462890625,
      1417.0687255859375,
      1415.7340087890625,
      1414.56494140625,
      1411.9595947265625,
      1408.7025146484375,
      1404.40673828125,
      1393.6829833984375,
      1387.0723876953125,
      30.831687927246094,
      30.314239501953125
    ],
    "mu_arch": 5,
    "profile_corpus_sha": "9c10e86ca600f3aa",
    "n_prompts": 25,
    "dtype": "bfloat16",
    "eta_sigma": 1.0
  },
  "code": {
    "model_name": "Qwen/Qwen2.5-1.5B",
    "num_layers": 28,
    "mu_base": [
      18.71751594543457,
      104.46344757080078,
      199.6826171875,
      208.67526245117188,
      215.7442169189453,
      218.068115234375,
      220.5502471923828,
      223.14329528808594,
      224.634521484375,
      227.47686767578125,
      228.4662322998047,
      230.20741271972656,
      230.68572998046875,
      233.58909606933594,
      233.78990173339844,
      235.9754180908203,
      236.80050659179688,
      240.04367065429688,
      245.46218872070312,
      255.20846557617188,
      263.4687194824219,
      283.87109375,
      305.9928894042969,
      337.0710144042969,
      372.572021484375,
      411.9164733886719,
      295.4709777832031,
      189.85800170898438
    ],
    "sigma_base": [
      3.620408296585083,
      642.6516723632812,
      1348.36865234375,
      1373.915771484375,
      1388.8704833984375,
      1407.360107421875,
      1407.0135498046875,
      1406.6669921875,
      1406.4598388671875,
      1406.01123046875,
      1405.7811279296875,
      1405.407470703125,
      1405.243896484375,
      1404.7760009765625,
      1404.6531982421875,
      1404.2474365234375,
      1404.01220703125,
      1403.476318359375,
      1402.69482421875,
      1401.3404541015625,
      1400.174560546875,
      1397.446044921875,
      1394.2008056640625,
      1389.8485107421875,
      1379.14697265625,
      1372.9161376953125,
      31.815292358398438,
      28.433483123779297
    ],
    "mu_arch": 5,
    "profile_corpus_sha": "92c9db0c8eb5d291",
    "n_prompts": 25,
    "dtype": "bfloat16",
    "eta_sigma": 1.0
  },
  "creative": {
    "model_name": "Qwen/Qwen2.5-1.5B",
    "num_layers": 28,
    "mu_base": [
      18.721078872680664,
      105.61190032958984,
      201.14511108398438,
      210.30029296875,
      217.0857696533203,
      219.46401977539062,
      221.8251190185547,
      224.57144165039062,
      226.19778442382812,
      228.6788787841797,
      229.32456970214844,
      231.01007080078125,
      231.88397216796875,
      234.8700408935547,
      234.9134521484375,
      237.16873168945312,
      238.08531188964844,
      241.3929901123047,
      246.73580932617188,
      256.1838684082031,
      264.49041748046875,
      283.9447021484375,
      306.8475646972656,
      337.8894348144531,
      373.3535461425781,
      414.293701171875,
      296.3742980957031,
      187.28765869140625
    ],
    "sigma_base": [
      3.3998684883117676,
      651.1473388671875,
      1360.1878662109375,
      1385.8890380859375,
      1400.6121826171875,
      1419.08837890625,
      1418.757080078125,
      1418.390625,
      1418.1669921875,
      1417.7647705078125,
      1417.5777587890625,
      1417.210205078125,
      1416.996826171875,
      1416.5174560546875,
      1416.4139404296875,
      1415.9993896484375,
      1415.7528076171875,
      1415.2083740234375,
      1414.43505859375,
      1413.1168212890625,
      1411.9453125,
      1409.33203125,
      1406.014404296875,
      1401.699462890625,
      1391.0128173828125,
      1384.5084228515625,
      30.372512817382812,
      29.269664764404297
    ],
    "mu_arch": 5,
    "profile_corpus_sha": "30fa6965ae25c808",
    "n_prompts": 25,
    "dtype": "bfloat16",
    "eta_sigma": 1.0
  },
  "news": {
    "model_name": "Qwen/Qwen2.5-1.5B",
    "num_layers": 28,
    "mu_base": [
      18.743030548095703,
      104.89861297607422,
      200.327392578125,
      209.635498046875,
      216.54779052734375,
      218.67420959472656,
      221.18223571777344,
      224.04527282714844,
      225.6038055419922,
      228.21902465820312,
      229.15423583984375,
      231.06927490234375,
      231.67935180664062,
      234.48480224609375,
      234.6430206298828,
      237.125732421875,
      237.826904296875,
      240.7610626220703,
      245.97833251953125,
      256.00408935546875,
      264.21807861328125,
      284.0666809082031,
      306.8134765625,
      337.7632751464844,
      373.7181091308594,
      414.7189025878906,
      297.09014892578125,
      186.61155700683594
    ],
    "sigma_base": [
      3.3464276790618896,
      644.9273681640625,
      1352.8179931640625,
      1378.404052734375,
      1393.1944580078125,
      1411.6807861328125,
      1411.3306884765625,
      1410.9500732421875,
      1410.7354736328125,
      1410.3155517578125,
      1410.09228515625,
      1409.6953125,
      1409.5146484375,
      1409.05859375,
      1408.9410400390625,
      1408.4971923828125,
      1408.2781982421875,
      1407.78173828125,
      1407.0247802734375,
      1405.633544921875,
      1404.4735107421875,
      1401.812744140625,
      1398.45947265625,
      1394.0999755859375,
      1383.32861328125,
      1376.8289794921875,
      32.33365249633789,
      30.993213653564453
    ],
    "mu_arch": 5,
    "profile_corpus_sha": "159a05e14039b0ac",
    "n_prompts": 25,
    "dtype": "bfloat16",
    "eta_sigma": 1.0
  }
}