{
  "dtype": "bfloat16",
  "eta_sigma": 1.0,
  "model_name": "Qwen/Qwen2.5-1.5B",
  "mu_arch": 5,
  "mu_base": [
    18.758886337280273,
    105.24124145507812,
    200.72329711914062,
    209.8785858154297,
    216.78724670410156,
    219.12159729003906,
    221.56748962402344,
    224.24920654296875,
    225.8173370361328,
    228.427001953125,
    229.28594970703125,
    231.03167724609375,
    231.70936584472656,
    234.5952606201172,
    234.71913146972656,
    237.01622009277344,
    237.884033203125,
    241.01272583007812,
    246.30921936035156,
    256.0115051269531,
    264.2785949707031,
    284.0517272949219,
    306.7158508300781,
    337.814453125,
    373.31982421875,
    413.8580322265625,
    296.4497985839844,
    187.9030303955078
  ],
  "n_prompts": 100,
  "num_layers": 28,
  "profile_corpus_sha": "2783dc36ab4dcd60",
  "sigma_base": [
    3.3999557495117188,
    647.71533203125,
    1356.01806640625,
    1381.6446533203125,
    1396.4564208984375,
    1414.957275390625,
    1414.6153564453125,
    1414.2574462890625,
    1414.0411376953125,
    1413.622314453125,
    1413.4088134765625,
    1413.03369140625,
    1412.84521484375,
    1412.3790283203125,
    1412.2659912109375,
    1411.8460693359375,
    1411.60595703125,
    1411.08447265625,
    1410.317626953125,
    1408.968017578125,
    1407.8013916015625,
    1405.1495361328125,
    1401.8563232421875,
    1397.52587890625,
    1386.80517578125,
    1380.3436279296875,
    31.354047775268555,
    29.79336929321289
  ]
}