{
  "dtype": "bfloat16",
  "eta_sigma": 0.7,
  "model_name": "Qwen/Qwen2.5-0.5B",
  "mu_arch": 5,
  "mu_base": [
    5.758492469787598,
    8.327474594116211,
    21.366100311279297,
    36.55402374267578,
    37.770877838134766,
    38.925716400146484,
    40.16506576538086,
    40.87059783935547,
    41.38263702392578,
    41.66775131225586,
    42.276737213134766,
    42.1033935546875,
    43.02585983276367,
    43.767906188964844,
    45.4269905090332,
    47.77872848510742,
    52.31819152832031,
    57.538299560546875,
    61.73558807373047,
    68.78705596923828,
    80.81185150146484,
    72.15422821044922,
    78.78609466552734,
    284.84222412109375
  ],
  "n_prompts": 100,
  "num_layers": 24,
  "profile_corpus_sha": "2783dc36ab4dcd60",
  "sigma_base": [
    1.3909443616867065,
    1.04062020778656,
    92.14344024658203,
    202.6029052734375,
    202.46034240722656,
    205.39157104492188,
    205.2381591796875,
    205.14886474609375,
    205.07191467285156,
    205.03900146484375,
    204.9543914794922,
    204.9619903564453,
    204.84999084472656,
    204.73851013183594,
    204.5179901123047,
    204.19786071777344,
    203.62278747558594,
    202.93185424804688,
    202.371826171875,
    201.4605712890625,
    198.92098999023438,
    6.442054748535156,
    5.80035924911499,
    31.007139205932617
  ]
}