{
  "env": {
    "torch": "2.11.0",
    "transformers": "5.7.0",
    "commit": "dfb6e4db6f3404e4cc9873b2f10113ab45426b70",
    "dtype": "bfloat16",
    "device": "mps",
    "python": "3.11.14",
    "mps_available": true
  },
  "corpus_path": "experiments/datasets/profiler_corpus_100.jsonl",
  "corpus_sha256_16": "18d491390b7cb20c",
  "models": {
    "Qwen/Qwen2.5-0.5B": {
      "n100": {
        "model_name": "Qwen/Qwen2.5-0.5B",
        "num_layers": 24,
        "mu_base": [
          5.758492469787598,
          8.327474594116211,
          21.366100311279297,
          36.55402374267578,
          37.770877838134766,
          38.925716400146484,
          40.16506576538086,
          40.87059783935547,
          41.38263702392578,
          41.66775131225586,
          42.276737213134766,
          42.1033935546875,
          43.02585983276367,
          43.767906188964844,
          45.4269905090332,
          47.77872848510742,
          52.31819152832031,
          57.538299560546875,
          61.73558807373047,
          68.78705596923828,
          80.81185150146484,
          72.15422821044922,
          78.78609466552734,
          284.84222412109375
        ],
        "sigma_base": [
          1.3909443616867065,
          1.04062020778656,
          92.14344024658203,
          202.6029052734375,
          202.46034240722656,
          205.39157104492188,
          205.2381591796875,
          205.14886474609375,
          205.07191467285156,
          205.03900146484375,
          204.9543914794922,
          204.9619903564453,
          204.84999084472656,
          204.73851013183594,
          204.5179901123047,
          204.19786071777344,
          203.62278747558594,
          202.93185424804688,
          202.371826171875,
          201.4605712890625,
          198.92098999023438,
          6.442054748535156,
          5.80035924911499,
          31.007139205932617
        ],
        "mu_arch": 5,
        "profile_corpus_sha": "2783dc36ab4dcd60",
        "n_prompts": 100,
        "dtype": "bfloat16",
        "eta_sigma": 0.7
      },
      "bootstrap": {
        "mode_argmax": 8,
        "counts": {
          "0": 0,
          "1": 0,
          "2": 0,
          "3": 91,
          "4": 81,
          "5": 135,
          "6": 122,
          "7": 147,
          "8": 158,
          "9": 131,
          "10": 138,
          "11": 138,
          "12": 120,
          "13": 115,
          "14": 138,
          "15": 118,
          "16": 88,
          "17": 95,
          "18": 75,
          "19": 70,
          "20": 40,
          "21": 0,
          "22": 0,
          "23": 0
        },
        "mode_fraction": 0.079
      },
      "topic_buckets": {
        "math": {
          "mu_arch": 5,
          "sigma_argmax": 5
        },
        "code": {
          "mu_arch": 5,
          "sigma_argmax": 5
        },
        "creative": {
          "mu_arch": 5,
          "sigma_argmax": 5
        },
        "news": {
          "mu_arch": 5,
          "sigma_argmax": 5
        }
      }
    },
    "Qwen/Qwen2.5-1.5B": {
      "n100": {
        "model_name": "Qwen/Qwen2.5-1.5B",
        "num_layers": 28,
        "mu_base": [
          18.758886337280273,
          105.24124145507812,
          200.72329711914062,
          209.8785858154297,
          216.78724670410156,
          219.12159729003906,
          221.56748962402344,
          224.24920654296875,
          225.8173370361328,
          228.427001953125,
          229.28594970703125,
          231.03167724609375,
          231.70936584472656,
          234.5952606201172,
          234.71913146972656,
          237.01622009277344,
          237.884033203125,
          241.01272583007812,
          246.30921936035156,
          256.0115051269531,
          264.2785949707031,
          284.0517272949219,
          306.7158508300781,
          337.814453125,
          373.31982421875,
          413.8580322265625,
          296.4497985839844,
          187.9030303955078
        ],
        "sigma_base": [
          3.3999557495117188,
          647.71533203125,
          1356.01806640625,
          1381.6446533203125,
          1396.4564208984375,
          1414.957275390625,
          1414.6153564453125,
          1414.2574462890625,
          1414.0411376953125,
          1413.622314453125,
          1413.4088134765625,
          1413.03369140625,
          1412.84521484375,
          1412.3790283203125,
          1412.2659912109375,
          1411.8460693359375,
          1411.60595703125,
          1411.08447265625,
          1410.317626953125,
          1408.968017578125,
          1407.8013916015625,
          1405.1495361328125,
          1401.8563232421875,
          1397.52587890625,
          1386.80517578125,
          1380.3436279296875,
          31.354047775268555,
          29.79336929321289
        ],
        "mu_arch": 5,
        "profile_corpus_sha": "2783dc36ab4dcd60",
        "n_prompts": 100,
        "dtype": "bfloat16",
        "eta_sigma": 1.0
      },
      "bootstrap": {
        "mode_argmax": 7,
        "counts": {
          "0": 0,
          "1": 0,
          "2": 12,
          "3": 34,
          "4": 66,
          "5": 114,
          "6": 108,
          "7": 124,
          "8": 91,
          "9": 87,
          "10": 106,
          "11": 100,
          "12": 96,
          "13": 100,
          "14": 106,
          "15": 107,
          "16": 96,
          "17": 88,
          "18": 97,
          "19": 92,
          "20": 88,
          "21": 77,
          "22": 77,
          "23": 60,
          "24": 40,
          "25": 34,
          "26": 0,
          "27": 0
        },
        "mode_fraction": 0.062
      },
      "topic_buckets": {
        "math": {
          "mu_arch": 5,
          "sigma_argmax": 5
        },
        "code": {
          "mu_arch": 5,
          "sigma_argmax": 5
        },
        "creative": {
          "mu_arch": 5,
          "sigma_argmax": 5
        },
        "news": {
          "mu_arch": 5,
          "sigma_argmax": 5
        }
      }
    }
  }
}