{
  "seed": 3,
  "bank_layer": 21,
  "model": "Qwen/Qwen3-4B-Instruct-2507",
  "n_train": 120,
  "n_test": 120,
  "n_preload": 512,
  "rank": 64,
  "lr": 0.0002,
  "steps": 200,
  "before": {
    "base": 11.903078118960062,
    "real": 11.846539247035981
  },
  "after": {
    "base": 11.903078118960062,
    "real": 5.292183074727655
  },
  "delta_real": 6.610895044232407,
  "loss_first25": [
    10.116289138793945,
    10.300374031066895,
    12.92022705078125,
    10.25306224822998,
    14.435114860534668,
    9.45535659790039,
    18.960721969604492,
    10.303876876831055,
    11.977073669433594,
    10.94399642944336,
    11.159512519836426,
    18.985197067260742,
    15.872991561889648,
    11.160619735717773,
    13.5328369140625,
    10.200916290283203,
    8.974864959716797,
    9.691619873046875,
    13.837458610534668,
    14.192174911499023,
    10.814958572387695,
    10.105707168579102,
    12.038186073303223,
    13.182088851928711,
    9.551214218139648
  ],
  "loss_last25": [
    2.174832820892334,
    7.208740234375,
    2.338536262512207,
    4.319486618041992,
    8.005119323730469,
    11.367881774902344,
    11.023303985595703,
    6.766473770141602,
    2.6207616329193115,
    6.255217552185059,
    10.817590713500977,
    3.9435203075408936,
    7.617542743682861,
    2.3932714462280273,
    1.9962873458862305,
    6.339771747589111,
    0.4496307671070099,
    3.552473783493042,
    8.63061809539795,
    1.9573746919631958,
    1.59579336643219,
    7.183455467224121,
    0.9198333621025085,
    0.5353263020515442,
    2.2109785079956055
  ],
  "runtime_sec": 46.76145792007446
}