{
  "seed": 4,
  "bank_layer": 21,
  "model": "Qwen/Qwen3-4B-Instruct-2507",
  "n_train": 120,
  "n_test": 120,
  "n_preload": 512,
  "rank": 64,
  "lr": 0.0002,
  "steps": 200,
  "before": {
    "base": 12.209414593378703,
    "real": 12.150871539115906
  },
  "after": {
    "base": 12.209414593378703,
    "real": 5.620965325646102
  },
  "delta_real": -6.588449267732601,
  "loss_first25": [
    10.013412475585938,
    13.163603782653809,
    10.105588912963867,
    6.840980529785156,
    9.190089225769043,
    10.851003646850586,
    12.960847854614258,
    9.588781356811523,
    11.410392761230469,
    8.003545761108398,
    10.091933250427246,
    12.756675720214844,
    14.318517684936523,
    14.553428649902344,
    10.315333366394043,
    11.98731517791748,
    14.936128616333008,
    13.684810638427734,
    7.323972702026367,
    12.074370384216309,
    14.161356925964355,
    12.229684829711914,
    13.87138557434082,
    10.038005828857422,
    12.904642105102539
  ],
  "loss_last25": [
    10.51155948638916,
    1.5996373891830444,
    6.839992523193359,
    7.534983158111572,
    5.784511566162109,
    0.7213428020477295,
    2.84842848777771,
    7.085574150085449,
    6.6486358642578125,
    4.734046936035156,
    6.573105812072754,
    7.725020885467529,
    1.891190528869629,
    4.8969526290893555,
    0.6997202634811401,
    2.438443422317505,
    8.85073184967041,
    9.842933654785156,
    1.319792628288269,
    4.213555335998535,
    5.500892639160156,
    5.231640815734863,
    4.898707389831543,
    7.0096282958984375,
    2.406153917312622
  ],
  "runtime_sec": 45.94619297981262,
  "_sign_convention_note": "patched: was base-post (unsigned positive); now post-base (signed, neg=improvement)"
}