{
  "seed": 0,
  "bank_layer": 21,
  "model": "Qwen/Qwen3-4B-Instruct-2507",
  "n_train": 120,
  "n_test": 120,
  "n_preload": 512,
  "rank": 64,
  "lr": 0.0002,
  "steps": 200,
  "before": {
    "base": 12.03310783704122,
    "real": 11.953850889205933
  },
  "after": {
    "base": 12.03310783704122,
    "real": 4.826067716628313
  },
  "delta_real": 7.207040120412906,
  "loss_first25": [
    12.33530330657959,
    7.889435768127441,
    14.59644889831543,
    12.849234580993652,
    10.2853364944458,
    12.52917766571045,
    12.327444076538086,
    11.464969635009766,
    9.979116439819336,
    14.539554595947266,
    12.752501487731934,
    14.5952787399292,
    15.367690086364746,
    13.473836898803711,
    10.185043334960938,
    11.128159523010254,
    13.265434265136719,
    11.94739818572998,
    8.978358268737793,
    12.115513801574707,
    13.501436233520508,
    13.316023826599121,
    11.638874053955078,
    13.262312889099121,
    9.882349014282227
  ],
  "loss_last25": [
    2.6584181785583496,
    9.780899047851562,
    2.395157814025879,
    6.98582649230957,
    1.2868239879608154,
    2.7036824226379395,
    3.406426429748535,
    2.0562944412231445,
    10.479096412658691,
    8.695582389831543,
    0.7270994186401367,
    0.8120250701904297,
    2.267521858215332,
    4.695431232452393,
    5.375348091125488,
    4.052534580230713,
    3.222865343093872,
    2.7180771827697754,
    6.648902893066406,
    0.5305132269859314,
    7.500843048095703,
    0.30371180176734924,
    5.655713081359863,
    0.15192033350467682,
    0.34633776545524597
  ],
  "runtime_sec": 46.687211990356445
}