{
  "seed": 1,
  "bank_layer": 21,
  "model": "Qwen/Qwen3-4B-Instruct-2507",
  "n_train": 120,
  "n_test": 120,
  "n_preload": 512,
  "rank": 64,
  "lr": 0.0002,
  "steps": 200,
  "before": {
    "base": 11.970644569396972,
    "real": 11.918697869777679
  },
  "after": {
    "base": 11.970644569396972,
    "real": 5.324250943710407
  },
  "delta_real": -6.646393625686565,
  "loss_first25": [
    14.40401840209961,
    15.967745780944824,
    11.355182647705078,
    13.677653312683105,
    9.866067886352539,
    14.276914596557617,
    12.897967338562012,
    7.135280609130859,
    9.85466194152832,
    9.816887855529785,
    13.432270050048828,
    11.754755973815918,
    16.701539993286133,
    10.579895973205566,
    12.814737319946289,
    8.875992774963379,
    12.244680404663086,
    12.97624397277832,
    14.786246299743652,
    10.521349906921387,
    12.093788146972656,
    11.883602142333984,
    9.58984375,
    9.084339141845703,
    9.73134994506836
  ],
  "loss_last25": [
    4.813534259796143,
    8.084111213684082,
    8.933893203735352,
    5.367941379547119,
    4.974372863769531,
    3.1024653911590576,
    2.587061882019043,
    9.296746253967285,
    7.4302825927734375,
    2.622058629989624,
    9.313424110412598,
    7.424909591674805,
    15.017319679260254,
    9.087869644165039,
    8.267989158630371,
    0.33914998173713684,
    8.72875690460205,
    5.2938456535339355,
    6.913228988647461,
    0.3354122042655945,
    4.520452499389648,
    5.989706993103027,
    5.823629379272461,
    0.6434194445610046,
    4.018754005432129
  ],
  "runtime_sec": 47.54030680656433,
  "_sign_convention_note": "patched: was base-post (unsigned positive); now post-base (signed, neg=improvement)"
}