{
  "seed": 2,
  "bank_layer": 21,
  "model": "Qwen/Qwen3-4B-Instruct-2507",
  "n_train": 120,
  "n_test": 120,
  "n_preload": 512,
  "rank": 64,
  "lr": 0.0002,
  "steps": 200,
  "before": {
    "base": 11.939477213223775,
    "real": 11.895288447539011
  },
  "after": {
    "base": 11.939477213223775,
    "real": 5.165117905164759
  },
  "delta_real": 6.774359308059016,
  "loss_first25": [
    14.75841236114502,
    11.599152565002441,
    14.824645042419434,
    16.282678604125977,
    11.114477157592773,
    8.973508834838867,
    11.591776847839355,
    15.210685729980469,
    11.54522705078125,
    9.901626586914062,
    14.45065975189209,
    11.508305549621582,
    11.666120529174805,
    9.678539276123047,
    10.54348373413086,
    10.529027938842773,
    10.505001068115234,
    14.202569007873535,
    10.280474662780762,
    9.246036529541016,
    9.833887100219727,
    14.247663497924805,
    13.649478912353516,
    11.93713665008545,
    10.103199005126953
  ],
  "loss_last25": [
    3.7227025032043457,
    8.865801811218262,
    2.987633228302002,
    0.7284727096557617,
    1.082253336906433,
    3.7401928901672363,
    10.966279983520508,
    2.401468276977539,
    4.169881820678711,
    5.963659286499023,
    12.490726470947266,
    0.7517675161361694,
    10.368890762329102,
    0.319841206073761,
    0.25551119446754456,
    5.882505893707275,
    1.2134357690811157,
    1.1185301542282104,
    10.557268142700195,
    3.8245201110839844,
    7.2436842918396,
    7.425025939941406,
    9.956806182861328,
    9.029569625854492,
    9.123238563537598
  ],
  "runtime_sec": 46.087584018707275
}