{
  "seed": 2,
  "bank_layer": 9,
  "model": "Qwen/Qwen3-4B-Instruct-2507",
  "n_train": 120,
  "n_test": 120,
  "n_preload": 512,
  "rank": 64,
  "lr": 0.0002,
  "steps": 200,
  "before": {
    "base": 11.939477213223775,
    "real": 11.939657938480376
  },
  "after": {
    "base": 11.939477213223775,
    "real": 7.1586703896522526
  },
  "delta_real": 4.780806823571522,
  "loss_first25": [
    14.44504451751709,
    11.706575393676758,
    15.261856079101562,
    16.493549346923828,
    10.837158203125,
    8.57254695892334,
    11.865577697753906,
    16.5311222076416,
    11.481722831726074,
    10.14493465423584,
    14.419443130493164,
    12.973132133483887,
    11.97130012512207,
    9.70245361328125,
    10.846293449401855,
    10.75473690032959,
    10.820657730102539,
    14.27396297454834,
    10.596015930175781,
    9.439391136169434,
    10.211935997009277,
    14.053465843200684,
    14.319721221923828,
    12.927245140075684,
    10.237676620483398
  ],
  "loss_last25": [
    5.300269603729248,
    11.86914348602295,
    4.521383285522461,
    3.8489913940429688,
    3.2860138416290283,
    2.5411553382873535,
    18.741640090942383,
    4.794313907623291,
    7.0140461921691895,
    7.431014060974121,
    13.67355728149414,
    8.111380577087402,
    19.363794326782227,
    10.248900413513184,
    8.362908363342285,
    8.044939041137695,
    3.135073184967041,
    10.326921463012695,
    11.168822288513184,
    8.127296447753906,
    12.74023723602295,
    9.517563819885254,
    10.658937454223633,
    12.498950958251953,
    16.436655044555664
  ],
  "runtime_sec": 51.01789903640747
}