{
  "seed": 4,
  "bank_layer": 9,
  "model": "Qwen/Qwen3-4B-Instruct-2507",
  "n_train": 120,
  "n_test": 120,
  "n_preload": 512,
  "rank": 64,
  "lr": 0.0002,
  "steps": 200,
  "before": {
    "base": 12.209414593378703,
    "real": 12.187524624665578
  },
  "after": {
    "base": 12.209414593378703,
    "real": 7.001571763058504
  },
  "delta_real": 5.2078428303202,
  "loss_first25": [
    9.830278396606445,
    12.594468116760254,
    10.180542945861816,
    7.26273250579834,
    9.209195137023926,
    10.905635833740234,
    13.46861457824707,
    9.663505554199219,
    11.329830169677734,
    7.9986677169799805,
    10.44729995727539,
    12.859331130981445,
    14.160868644714355,
    14.548290252685547,
    11.11489200592041,
    11.940123558044434,
    16.130817413330078,
    13.973383903503418,
    7.565246105194092,
    12.356878280639648,
    14.38333797454834,
    12.601785659790039,
    13.938326835632324,
    10.156124114990234,
    13.70443058013916
  ],
  "loss_last25": [
    8.018783569335938,
    9.852270126342773,
    10.735027313232422,
    7.686162948608398,
    6.364491939544678,
    3.690385341644287,
    5.4867963790893555,
    6.9024505615234375,
    7.792147636413574,
    6.885613441467285,
    6.291008949279785,
    4.425312042236328,
    8.420083999633789,
    11.29586124420166,
    5.24542760848999,
    6.919123649597168,
    14.81828498840332,
    10.137296676635742,
    5.594399452209473,
    12.562500953674316,
    10.535028457641602,
    10.349540710449219,
    9.8842134475708,
    14.221125602722168,
    2.725471258163452
  ],
  "runtime_sec": 50.38853096961975
}