{
  "seed": 0,
  "bank_layer": 9,
  "model": "Qwen/Qwen3-4B-Instruct-2507",
  "n_train": 120,
  "n_test": 120,
  "n_preload": 512,
  "rank": 64,
  "lr": 0.0002,
  "steps": 200,
  "before": {
    "base": 12.03310783704122,
    "real": 12.015299479166666
  },
  "after": {
    "base": 12.03310783704122,
    "real": 7.238508821775516
  },
  "delta_real": 4.794599015265704,
  "loss_first25": [
    12.294027328491211,
    8.019113540649414,
    14.756677627563477,
    12.760445594787598,
    10.261310577392578,
    11.191615104675293,
    12.230072975158691,
    11.3185453414917,
    10.282792091369629,
    14.280244827270508,
    12.799201011657715,
    14.39987564086914,
    15.914130210876465,
    13.702516555786133,
    10.71778678894043,
    10.272504806518555,
    13.133444786071777,
    11.862801551818848,
    9.253408432006836,
    12.69646167755127,
    14.035799980163574,
    13.768865585327148,
    12.890752792358398,
    13.703481674194336,
    10.215255737304688
  ],
  "loss_last25": [
    3.811856508255005,
    12.50041389465332,
    7.680746078491211,
    9.948322296142578,
    5.301520347595215,
    6.013808250427246,
    10.252775192260742,
    3.7550806999206543,
    13.471302032470703,
    12.583053588867188,
    5.940865516662598,
    4.673869609832764,
    3.7792320251464844,
    5.521958351135254,
    5.589990139007568,
    6.725460529327393,
    4.166501998901367,
    5.9580278396606445,
    7.804113388061523,
    3.1439454555511475,
    11.553056716918945,
    1.8350270986557007,
    3.9767038822174072,
    5.126661777496338,
    5.221571922302246
  ],
  "runtime_sec": 51.79548907279968
}