{
  "seed": 1,
  "bank_layer": 9,
  "model": "Qwen/Qwen3-4B-Instruct-2507",
  "n_train": 120,
  "n_test": 120,
  "n_preload": 512,
  "rank": 64,
  "lr": 0.0002,
  "steps": 200,
  "before": {
    "base": 11.970644569396972,
    "real": 11.926209771633149
  },
  "after": {
    "base": 11.970644569396972,
    "real": 6.805881500244141
  },
  "delta_real": 5.164763069152832,
  "loss_first25": [
    14.25782299041748,
    15.68397331237793,
    13.125300407409668,
    13.533239364624023,
    9.77218246459961,
    14.115711212158203,
    13.060954093933105,
    7.099642753601074,
    9.879777908325195,
    9.783653259277344,
    13.476264953613281,
    11.255250930786133,
    16.358306884765625,
    10.605194091796875,
    13.358637809753418,
    8.76672077178955,
    12.14883041381836,
    13.122404098510742,
    15.603887557983398,
    11.107848167419434,
    12.3312406539917,
    12.019323348999023,
    9.648757934570312,
    8.971771240234375,
    9.753408432006836
  ],
  "loss_last25": [
    7.771466255187988,
    9.997061729431152,
    11.974824905395508,
    7.896246910095215,
    8.72287654876709,
    6.031843662261963,
    5.729795455932617,
    10.144593238830566,
    13.675880432128906,
    8.781726837158203,
    8.143866539001465,
    9.390177726745605,
    12.744918823242188,
    9.973715782165527,
    10.156259536743164,
    4.5231122970581055,
    12.31222152709961,
    9.731098175048828,
    12.344704627990723,
    2.6819541454315186,
    7.385741710662842,
    8.482648849487305,
    9.121755599975586,
    4.346138954162598,
    4.392523765563965
  ],
  "runtime_sec": 50.91005277633667
}