{
  "seed": 3,
  "bank_layer": 9,
  "model": "Qwen/Qwen3-4B-Instruct-2507",
  "n_train": 120,
  "n_test": 120,
  "n_preload": 512,
  "rank": 64,
  "lr": 0.0002,
  "steps": 200,
  "before": {
    "base": 11.903078118960062,
    "real": 11.866500620047251
  },
  "after": {
    "base": 11.903078118960062,
    "real": 7.5061483308672905
  },
  "delta_real": -4.396929788092772,
  "loss_first25": [
    10.085471153259277,
    10.238581657409668,
    12.398781776428223,
    10.242599487304688,
    14.018841743469238,
    9.335545539855957,
    19.142688751220703,
    10.136724472045898,
    12.480365753173828,
    11.504745483398438,
    11.17657470703125,
    18.85224723815918,
    15.440387725830078,
    11.308783531188965,
    13.407793045043945,
    9.97292423248291,
    8.929393768310547,
    9.831342697143555,
    14.131583213806152,
    15.165078163146973,
    10.751697540283203,
    9.577147483825684,
    11.87447738647461,
    13.073432922363281,
    9.731412887573242
  ],
  "loss_last25": [
    4.794509410858154,
    12.214031219482422,
    15.578263282775879,
    10.787454605102539,
    7.9429779052734375,
    17.126924514770508,
    16.76662254333496,
    7.989782810211182,
    7.5627522468566895,
    10.365265846252441,
    13.157456398010254,
    7.734524726867676,
    7.480049133300781,
    4.112029075622559,
    9.729109764099121,
    7.935599327087402,
    3.508953094482422,
    7.567949295043945,
    9.680876731872559,
    5.743403434753418,
    3.6869544982910156,
    8.591572761535645,
    2.7985565662384033,
    7.69752836227417,
    8.445385932922363
  ],
  "runtime_sec": 53.72662901878357,
  "_sign_convention_note": "patched: was base-post (unsigned positive); now post-base (signed, neg=improvement)"
}