phase,config,gap,verdict,base_model,correct_memory,gate_off,gate_uniform,random_memory,shuffled_layers
phase_a,eta_0_05_theta_0_30,-0.22580171766735257,STABILIZER_ONLY,-4.287946417218163,-1.0561522983369374,-1.0561522983369374,-0.9928850900559199,-1.1263717469714938,-0.8303505806695848
phase_a,eta_0_05_theta_0_50,-0.22580171766735257,STABILIZER_ONLY,-4.287946417218163,-1.0561522983369374,-1.0561522983369374,-0.9928850900559199,-1.1263717469714938,-0.8303505806695848
phase_a,eta_0_10_theta_0_30,-0.053987094334193686,STABILIZER_ONLY,-4.287946417218163,-0.9291063036237445,-0.9291063036237445,-0.8978939964657738,-1.002400625319708,-0.8751192092895508
phase_a,eta_0_10_theta_0_50,-0.053987094334193686,STABILIZER_ONLY,-4.287946417218163,-0.9291063036237445,-0.9291063036237445,-0.8978939964657738,-1.002400625319708,-0.8751192092895508
