variant,n,mean_margin,ci_lo,ci_hi,recall_at_1,activation_rate,max_score,mean_score,min_score,score_std,top_minus_mean,top_memory_hit
base_model,42,-4.287946417218163,-5.149925532795134,-3.4315476474307833,0.0,nan,nan,nan,nan,nan,nan,0.0
correct_memory,42,-0.9291063036237445,-1.3723029863266718,-0.49304787317911786,0.0,1.0,0.8060710259846279,0.7670522843088422,0.7032438317934672,0.024696241443355877,0.03901874167578561,0.2857142857142857
gate_off,42,-0.9291063036237445,-1.3723029863266718,-0.49304787317911786,0.0,1.0,0.8060710259846279,0.7670522843088422,0.7032438317934672,0.024696241443355877,0.03901874167578561,0.2857142857142857
gate_uniform,42,-0.8978939964657738,-1.340997650509789,-0.46395431246076313,0.0,1.0,0.8060710259846279,0.7670522843088422,0.7032438317934672,0.024696241443355877,0.03901874167578561,0.2857142857142857
random_memory,42,-1.002400625319708,-1.4530260222298759,-0.5604886554536366,0.0,1.0,0.8010208237738836,0.7660723697571528,0.7034860366866702,0.024161484979447864,0.0349484540167309,0.0
shuffled_layers,42,-0.8751192092895508,-1.3918428193955195,-0.31560990923926946,0.0,1.0,0.7350163601693653,0.6798635579290844,0.620966660124915,0.029682751212801253,0.05515280224028088,0.11904761904761904
