{
  "n_total_cells": 18600,
  "alphas": [
    0.003,
    0.005,
    0.007,
    0.01,
    0.015,
    0.02
  ],
  "bank_size": 200,
  "per_alpha": {
    "0.0030": {
      "variants": {
        "base": {
          "n": 600,
          "mean_margin": -4.810191663136029,
          "sem_margin": 0.19656588580362538
        },
        "full_bank_concat": {
          "n": 600,
          "mean_margin": -0.3909328007698059,
          "sem_margin": 0.11599656076934395
        },
        "full_bank_topk1": {
          "n": 600,
          "mean_margin": -0.546241015214473,
          "sem_margin": 0.1280960495146617,
          "retrieval_accuracy": 0.005,
          "retrieval_se": 0.0028795254238618328,
          "chance": 0.005,
          "accuracy_above_chance_3se": false,
          "n_retrieval": 600,
          "mean_bank_mass": 0.3646940153956207,
          "mean_max_bank_prob": 0.09180520575377159,
          "mean_top1_top2_gap": 0.050164122600884486
        },
        "full_bank_topk1_meanV": {
          "n": 600,
          "mean_margin": -0.5184347718209028,
          "sem_margin": 0.12546392433911877,
          "retrieval_accuracy": 0.005,
          "retrieval_se": 0.0028795254238618328,
          "chance": 0.005,
          "accuracy_above_chance_3se": false,
          "n_retrieval": 600,
          "mean_bank_mass": 0.3648667874990173,
          "mean_max_bank_prob": 0.09209913515951484,
          "mean_top1_top2_gap": 0.05047981385581403
        },
        "full_bank_topk1_minus_correct": {
          "n": 600,
          "mean_margin": -0.5509489537775516,
          "sem_margin": 0.12512591708116397,
          "mean_bank_mass": 0.36311493094962005,
          "mean_max_bank_prob": 0.09188782592368726,
          "mean_top1_top2_gap": 0.05028770618489944
        },
        "full_bank_topk1_shuffled_factids": {
          "n": 600,
          "mean_margin": -0.507323641711846,
          "sem_margin": 0.1244268600527973,
          "retrieval_accuracy": 0.006666666666666667,
          "retrieval_se": 0.0033222036417169007,
          "chance": 0.005,
          "accuracy_above_chance_3se": false,
          "n_retrieval": 600,
          "mean_bank_mass": 0.3653722459302797,
          "mean_max_bank_prob": 0.09217593424345573,
          "mean_top1_top2_gap": 0.050512763921158485
        }
      },
      "contrasts": [
        {
          "gate": "A",
          "hi": "full_bank_topk1",
          "lo": "full_bank_topk1_minus_correct",
          "n": 600,
          "diff_mean": 0.004707938563078642,
          "ci_lo": -0.05973514293506741,
          "ci_hi": 0.07068952598515899,
          "passes": false
        },
        {
          "gate": "C",
          "hi": "full_bank_topk1",
          "lo": "full_bank_topk1_meanV",
          "n": 600,
          "diff_mean": -0.027806243393570185,
          "ci_lo": -0.08891506345911572,
          "ci_hi": 0.03414053668702641,
          "passes": false
        },
        {
          "gate": "D",
          "hi": "full_bank_topk1",
          "lo": "full_bank_topk1_shuffled_factids",
          "n": 600,
          "diff_mean": -0.038917373502627015,
          "ci_lo": -0.09795674406426648,
          "ci_hi": 0.020750875569259104,
          "passes": false
        }
      ],
      "n_pairs": 600
    },
    "0.0050": {
      "variants": {
        "base": {
          "n": 600,
          "mean_margin": -4.810191663136029,
          "sem_margin": 0.19656588580362538
        },
        "full_bank_concat": {
          "n": 600,
          "mean_margin": -0.4124083876609802,
          "sem_margin": 0.11855670069005805
        },
        "full_bank_topk1": {
          "n": 600,
          "mean_margin": -0.5450969846826047,
          "sem_margin": 0.1339025079936266,
          "retrieval_accuracy": 0.005,
          "retrieval_se": 0.0028795254238618328,
          "chance": 0.005,
          "accuracy_above_chance_3se": false,
          "n_retrieval": 600,
          "mean_bank_mass": 0.364426647898961,
          "mean_max_bank_prob": 0.09185541297826501,
          "mean_top1_top2_gap": 0.05033389109115685
        },
        "full_bank_topk1_meanV": {
          "n": 600,
          "mean_margin": -0.4994306746311486,
          "sem_margin": 0.12025192240124102,
          "retrieval_accuracy": 0.005,
          "retrieval_se": 0.0028795254238618328,
          "chance": 0.005,
          "accuracy_above_chance_3se": false,
          "n_retrieval": 600,
          "mean_bank_mass": 0.36538043593350766,
          "mean_max_bank_prob": 0.0921811631830254,
          "mean_top1_top2_gap": 0.050548222311255005
        },
        "full_bank_topk1_minus_correct": {
          "n": 600,
          "mean_margin": -0.50380590332672,
          "sem_margin": 0.12668799643058265,
          "mean_bank_mass": 0.3628543197697662,
          "mean_max_bank_prob": 0.09162821374639558,
          "mean_top1_top2_gap": 0.05009545267410835
        },
        "full_bank_topk1_shuffled_factids": {
          "n": 600,
          "mean_margin": -0.5507534558108698,
          "sem_margin": 0.129953166698971,
          "retrieval_accuracy": 0.005,
          "retrieval_se": 0.0028795254238618328,
          "chance": 0.005,
          "accuracy_above_chance_3se": false,
          "n_retrieval": 600,
          "mean_bank_mass": 0.3658274457144715,
          "mean_max_bank_prob": 0.09228338544114699,
          "mean_top1_top2_gap": 0.05054454003307641
        }
      },
      "contrasts": [
        {
          "gate": "A",
          "hi": "full_bank_topk1",
          "lo": "full_bank_topk1_minus_correct",
          "n": 600,
          "diff_mean": -0.04129108135588467,
          "ci_lo": -0.1332453039456159,
          "ci_hi": 0.0481951904070253,
          "passes": false
        },
        {
          "gate": "C",
          "hi": "full_bank_topk1",
          "lo": "full_bank_topk1_meanV",
          "n": 600,
          "diff_mean": -0.04566631005145609,
          "ci_lo": -0.12843949434572519,
          "ci_hi": 0.0340814044389408,
          "passes": false
        },
        {
          "gate": "D",
          "hi": "full_bank_topk1",
          "lo": "full_bank_topk1_shuffled_factids",
          "n": 600,
          "diff_mean": 0.005656471128265063,
          "ci_lo": -0.06560075528818803,
          "ci_hi": 0.07760323521758737,
          "passes": false
        }
      ],
      "n_pairs": 600
    },
    "0.0070": {
      "variants": {
        "base": {
          "n": 600,
          "mean_margin": -4.810191663136029,
          "sem_margin": 0.19656588580362538
        },
        "full_bank_concat": {
          "n": 600,
          "mean_margin": -0.32802208423614504,
          "sem_margin": 0.11929167841652558
        },
        "full_bank_topk1": {
          "n": 600,
          "mean_margin": -0.509637592267245,
          "sem_margin": 0.1274537070428639,
          "retrieval_accuracy": 0.005,
          "retrieval_se": 0.0028795254238618328,
          "chance": 0.005,
          "accuracy_above_chance_3se": false,
          "n_retrieval": 600,
          "mean_bank_mass": 0.3646930503318759,
          "mean_max_bank_prob": 0.09181357049790677,
          "mean_top1_top2_gap": 0.050217084703876425
        },
        "full_bank_topk1_meanV": {
          "n": 600,
          "mean_margin": -0.49774511652067305,
          "sem_margin": 0.1314217591437182,
          "retrieval_accuracy": 0.005,
          "retrieval_se": 0.0028795254238618328,
          "chance": 0.005,
          "accuracy_above_chance_3se": false,
          "n_retrieval": 600,
          "mean_bank_mass": 0.3652069197196397,
          "mean_max_bank_prob": 0.09210474656636103,
          "mean_top1_top2_gap": 0.050360983073349214
        },
        "full_bank_topk1_minus_correct": {
          "n": 600,
          "mean_margin": -0.43969324383884667,
          "sem_margin": 0.1334924889389497,
          "mean_bank_mass": 0.3621474624104384,
          "mean_max_bank_prob": 0.09155247672590323,