{
  "n_train": 80,
  "n_test": 40,
  "preload_n": 512,
  "lr": 0.005,
  "steps": 80,
  "before": {
    "base": 12.130942463874817,
    "lpl": 12.113585686683654,
    "rand": 12.117500948905946
  },
  "after": {
    "base": 12.130942463874817,
    "lpl": 12.113532853126525,
    "rand": 12.118023800849915
  },
  "bridge_real": true,
  "loss_curve": [
    14.030997276306152,
    13.027820587158203,
    14.612872123718262,
    15.086947441101074,
    13.249074935913086,
    12.022626876831055,
    8.869916915893555,
    8.352215766906738,
    8.748441696166992,
    12.666938781738281,
    8.776992797851562,
    11.177607536315918,
    9.803319931030273,
    11.204084396362305,
    12.805468559265137,
    12.567770004272461,
    15.949462890625,
    12.80677604675293,
    9.780435562133789,
    8.85010814666748,
    14.39431381225586,
    13.357952117919922,
    8.7586030960083,
    8.083552360534668,
    9.794095039367676,
    11.132284164428711,
    8.430490493774414,
    12.896678924560547,
    10.707996368408203,
    8.739289283752441,
    11.13661003112793,
    10.692111015319824,
    11.148927688598633,
    12.016378402709961,
    12.600824356079102,
    8.535574913024902,
    11.14195728302002,
    12.68729019165039,
    10.09559440612793,
    10.971746444702148,
    8.062469482421875,
    13.581157684326172,
    14.324800491333008,
    9.032394409179688,
    10.626571655273438,
    9.517193794250488,
    13.557849884033203,
    11.0174560546875,
    14.532795906066895,
    10.933597564697266,
    14.630024909973145,
    13.315542221069336,
    10.0197172164917,
    9.77878475189209,
    13.72979736328125,
    12.577999114990234,
    12.018239974975586,
    13.955392837524414,
    15.966462135314941,
    12.718758583068848,
    11.936224937438965,
    9.968521118164062,
    14.592157363891602,
    13.796899795532227,
    12.683514595031738,
    13.963468551635742,
    12.972662925720215,
    11.000977516174316,
    14.525415420532227,
    15.073339462280273,
    9.289678573608398,
    11.486360549926758,
    9.671041488647461,
    9.96149730682373,
    13.394038200378418,
    12.753774642944336,
    15.01417350769043,
    9.231928825378418,
    10.73855209350586,
    13.931105613708496
  ]
}