{
  "n_train": 120,
  "n_test": 40,
  "preload_n": 512,
  "lr": 0.0002,
  "steps": 200,
  "rank": 64,
  "n_train_params": 419876,
  "before": {
    "base": 12.130942463874817,
    "lpl": 12.127249836921692,
    "rand": 12.12615373134613
  },
  "after": {
    "base": 12.130942463874817,
    "lpl": 6.304559803009033,
    "rand": 12.111468887329101
  },
  "bridge_unlocked": true,
  "loss_first20": [
    14.05569839477539,
    10.335006713867188,
    12.992158889770508,
    14.558554649353027,
    15.041211128234863,
    12.590376853942871,
    12.206960678100586,
    13.451972961425781,
    12.084623336791992,
    12.415464401245117,
    9.231760025024414,
    8.90944766998291,
    8.22826099395752,
    8.581941604614258,
    11.543792724609375,
    12.723794937133789,
    11.162213325500488,
    8.77025032043457,
    14.248497009277344,
    14.245634078979492
  ],
  "loss_last20": [
    10.13377857208252,
    5.28688383102417,
    8.975921630859375,
    7.295147895812988,
    6.606618881225586,
    3.8196117877960205,
    4.596614837646484,
    11.334033966064453,
    3.0763349533081055,
    4.576554775238037,
    8.567524909973145,
    10.866371154785156,
    3.847193479537964,
    7.900988578796387,
    9.012751579284668,
    6.6581501960754395,
    3.4934329986572266,
    2.4319355487823486,
    2.6909725666046143,
    7.749686241149902
  ]
}