{
  "simple_qa": {
    "base": {
      "mean_nll": 1.048146147863008,
      "per_prompt": [
        3.2889556884765625,
        2.3523638248443604,
        0.05472522974014282,
        0.227982759475708,
        0.8559126257896423,
        1.3473470211029053,
        0.2482643574476242,
        0.00961767602711916
      ]
    },
    "canonical": {
      "mean_nll": 0.7436940507031977,
      "per_prompt": [
        2.238553524017334,
        1.7028448581695557,
        0.07481955736875534,
        0.25358426570892334,
        0.3814863860607147,
        1.0882353782653809,
        0.2006458044052124,
        0.009382631629705429
      ]
    },
    "shuffle_layers": {
      "mean_nll": 1.1388152644503862,
      "per_prompt": [
        2.139321804046631,
        3.2889366149902344,
        0.25150835514068604,
        0.026531605049967766,
        0.42749521136283875,
        2.823993444442749,
        0.13465698063373566,
        0.018078099936246872
      ]
    },
    "random_bank": {
      "mean_nll": 0.7596421090420336,
      "per_prompt": [
        2.3518707752227783,
        1.5039024353027344,
        0.09144314378499985,
        0.3159295320510864,
        0.35043245553970337,
        1.264173150062561,
        0.18401643633842468,
        0.01536894403398037
      ]
    },
    "no_bank_read": {
      "mean_nll": 0.7276133752893656,
      "per_prompt": [
        2.2396976947784424,
        1.4082711935043335,
        0.11222076416015625,
        0.35134533047676086,
        0.41695383191108704,
        1.0905873775482178,
        0.18312400579452515,
        0.018706804141402245
      ]
    },
    "K1_pause": {
      "mean_nll": 0.7486608811886981,
      "per_prompt": [
        2.3518171310424805,
        1.4082341194152832,
        0.10188031196594238,
        0.3158315122127533,
        0.3504648506641388,
        1.2616814374923706,
        0.18402305245399475,
        0.015354634262621403
      ]
    }
  },
  "negation": {
    "base": {
      "mean_nll": 0.06934682597056963,
      "per_prompt": [
        0.001459962804801762,
        0.003483301494270563,
        0.0011328000109642744,
        0.016855906695127487,
        0.0009492897079326212,
        0.39219969511032104
      ]
    },
    "canonical": {
      "mean_nll": 0.09900025507279982,
      "per_prompt": [
        0.0031956578604876995,
        0.0011333954753354192,
        0.0006887924391776323,
        0.11437048017978668,
        0.00017331528943032026,
        0.4744398891925812
      ]
    },
    "shuffle_layers": {
      "mean_nll": 0.35524081152592163,
      "per_prompt": [
        0.14391514658927917,
        0.008827472105622292,
        0.029270894825458527,
        0.03834754601120949,
        0.000854841957334429,
        1.910228967666626
      ]
    },
    "random_bank": {
      "mean_nll": 0.1389912248996552,
      "per_prompt": [
        0.004173854365944862,
        0.0036743052769452333,
        0.001927543431520462,
        0.2299708127975464,
        0.000624104228336364,
        0.5935767292976379
      ]
    },
    "no_bank_read": {
      "mean_nll": 0.16007491065344462,
      "per_prompt": [
        0.00536762923002243,
        0.0036566080525517464,
        0.002405014121904969,
        0.23203429579734802,
        0.0012638922780752182,
        0.7157220244407654
      ]
    },
    "K1_pause": {
      "mean_nll": 0.11987757481013735,
      "per_prompt": [
        0.003698296844959259,
        0.00324425776489079,
        0.0019469369435682893,
        0.1657596379518509,
        0.0007219092221930623,
        0.5438944101333618
      ]
    }
  },
  "two_hop": {
    "base": {
      "mean_nll": 0.6004824686795474,
      "per_prompt": [
        0.8672679662704468,
        0.02126500941812992,
        0.03174220025539398,
        1.3758983612060547,
        0.7062388062477112
      ]
    },
    "canonical": {
      "mean_nll": 0.3072066389024258,
      "per_prompt": [
        0.2483082413673401,
        0.03236839547753334,
        0.07508010417222977,
        0.47464460134506226,
        0.7056318521499634
      ]
    },
    "shuffle_layers": {
      "mean_nll": 0.44563702344894407,
      "per_prompt": [
        1.0019536018371582,
        0.28302818536758423,
        0.10341158509254456,
        0.5193051695823669,
        0.32048657536506653
      ]
    },
    "random_bank": {
      "mean_nll": 0.5850115276873111,
      "per_prompt": [
        0.41065627336502075,
        0.05694970861077309,
        0.09048707783222198,
        1.460036277770996,
        0.906928300857544
      ]
    },
    "no_bank_read": {
      "mean_nll": 0.66190440133214,
      "per_prompt": [
        0.4305025339126587,
        0.05893901363015175,
        0.09804922342300415,
        1.7062468528747559,
        1.0157843828201294
      ]
    },
    "K1_pause": {
      "mean_nll": 0.5888213083148003,
      "per_prompt": [
        0.41899362206459045,
        0.055610328912734985,
        0.09723605960607529,
        1.5293023586273193,
        0.8429641723632812
      ]
    }
  }
}