{
  "n_eval": 40,
  "bank_layer": 9,
  "preload_n": 512,
  "mean_nll_base": 12.130942463874817,
  "mean_nll_lpl_k2_bank": 12.109327578544617,
  "mean_nll_lpl_k2_random_bank": 12.102747559547424,
  "delta_lpl_vs_base": -0.02161488533019984,
  "delta_random_vs_base": -0.028194904327392578,
  "per_prompt": {
    "base": [
      9.662552833557129,
      12.606827735900879,
      10.385774612426758,
      9.804078102111816,
      12.27325439453125,
      14.317428588867188,
      12.770206451416016,
      14.478080749511719,
      10.929313659667969,
      14.59781265258789,
      11.055136680603027,
      10.332277297973633,
      15.448125839233398,
      14.868876457214355,
      9.554586410522461,
      10.30726146697998,
      9.455839157104492,
      12.542543411254883,
      13.924306869506836,
      12.640092849731445,
      8.699908256530762,
      11.59521484375,
      12.399818420410156,
      10.158613204956055,
      11.366626739501953,
      13.042421340942383,
      10.929344177246094,
      16.342796325683594,
      10.461126327514648,
      10.104432106018066,
      13.699352264404297,
      14.709038734436035,
      11.882135391235352,
      11.871878623962402,
      12.03382682800293,
      11.920774459838867,
      13.358089447021484,
      13.063034057617188,
      11.920866012573242,
      13.724024772644043
    ],
    "lpl": [
      9.683507919311523,
      12.727794647216797,
      10.263847351074219,
      9.769886016845703,
      12.130117416381836,
      14.340240478515625,
      13.726875305175781,
      14.14621639251709,
      10.905317306518555,
      15.04010009765625,
      10.998414993286133,
      10.013082504272461,
      15.522568702697754,
      14.891539573669434,
      9.24755859375,
      10.039822578430176,
      9.381529808044434,
      12.406352996826172,
      13.978782653808594,
      12.772693634033203,
      8.921493530273438,
      11.447482109069824,
      11.918082237243652,
      9.864452362060547,
      11.53335952758789,
      12.95283317565918,
      10.517024993896484,
      16.169248580932617,
      11.11880111694336,
      10.083728790283203,
      13.774043083190918,
      14.584395408630371,
      11.75063419342041,
      11.799703598022461,
      12.209526062011719,
      12.056211471557617,
      13.465441703796387,
      12.904875755310059,
      11.640727996826172,
      13.674788475036621
    ],
    "random_bank": [
      9.634571075439453,
      12.656926155090332,
      10.333355903625488,
      9.843337059020996,
      12.05691909790039,
      14.31827163696289,
      13.449702262878418,
      14.411286354064941,
      10.877303123474121,
      14.809005737304688,
      10.994783401489258,
      10.262480735778809,
      15.541505813598633,
      14.816834449768066,
      9.280818939208984,
      10.18408489227295,
      9.425148010253906,
      12.31702995300293,
      13.947614669799805,
      12.830315589904785,
      8.756101608276367,
      11.460945129394531,
      12.20936393737793,
      9.998897552490234,
      11.386216163635254,
      12.997939109802246,
      10.61785888671875,
      16.186477661132812,
      10.774489402770996,
      9.99100399017334,
      13.742169380187988,
      14.624699592590332,
      11.77057933807373,
      11.873892784118652,
      12.127181053161621,
      11.833404541015625,
      13.375638008117676,
      12.929123878479004,
      11.74656867980957,
      13.716056823730469
    ]
  }
}