{
  "base": {
    "mean_nll": 0.3047867602854967,
    "per_prompt": [
      0.8672679662704468,
      0.02126500941812992,
      0.03174220025539398,
      1.3758983612060547,
      0.7062388062477112,
      0.04859573021531105,
      0.29980385303497314,
      0.145746111869812,
      0.014358223415911198,
      0.47051408886909485,
      0.13900688290596008,
      0.0713387131690979,
      0.3317931294441223,
      1.0193325281143188,
      0.018506085500121117,
      0.09473685175180435,
      0.4042010009288788,
      0.09493319690227509,
      0.776512861251831,
      0.010103152133524418,
      0.04157812520861626,
      0.10581599920988083,
      0.04565955698490143,
      0.14051492512226105,
      0.3442056477069855
    ]
  },
  "canonical": {
    "mean_nll": 0.2877100508660078,
    "per_prompt": [
      0.2483082413673401,
      0.03236839547753334,
      0.07508010417222977,
      0.47464460134506226,
      0.7056318521499634,
      0.08301488310098648,
      0.3865487575531006,
      0.2646504342556,
      0.05616452172398567,
      0.6493195295333862,
      0.3316982388496399,
      0.2814730405807495,
      0.36878401041030884,
      0.3510115444660187,
      0.031811345368623734,
      0.11799239367246628,
      0.2551857829093933,
      0.3068254292011261,
      0.9730093479156494,
      0.017815301194787025,
      0.3032322824001312,
      0.13655918836593628,
      0.19943825900554657,
      0.2908247113227844,
      0.25135907530784607
    ]
  },
  "shuffle_layers": {
    "mean_nll": 0.9842830907925963,
    "per_prompt": [
      1.5488609075546265,
      0.031886085867881775,
      0.17698487639427185,
      8.360579490661621,
      0.27302202582359314,
      0.052076928317546844,
      0.8191402554512024,
      0.22222213447093964,
      3.0891411304473877,
      0.9074993133544922,
      0.0721123144030571,
      0.09177763760089874,
      0.05192969739437103,
      2.7300562858581543,
      0.09065235406160355,
      0.06206284835934639,
      0.33976587653160095,
      0.07862663269042969,
      0.36270496249198914,
      0.49966827034950256,
      0.005992422811686993,
      0.10394517332315445,
      0.34677913784980774,
      3.823392868041992,
      0.4661976397037506
    ]
  },
  "random_bank": {
    "mean_nll": 0.559151658564806,
    "per_prompt": [
      0.41878363490104675,
      0.053722284734249115,
      0.08511137962341309,
      1.551824927330017,
      0.8519166111946106,
      0.08086857944726944,
      0.5942196846008301,
      0.2959264814853668,
      0.09941672533750534,
      0.7320619225502014,
      0.40837907791137695,
      0.26661771535873413,
      0.681056797504425,
      0.9136300086975098,
      0.046263959258794785,
      0.3043385148048401,
      2.240719795227051,
      0.2514464259147644,
      1.2500025033950806,
      0.03806433081626892,
      0.805658757686615,
      0.285966157913208,
      0.6001140475273132,
      0.649925947189331,
      0.47275519371032715
    ]
  },
  "no_bank_read": {
    "mean_nll": 0.5861560697853565,
    "per_prompt": [
      0.4305025339126587,
      0.05893901363015175,
      0.09804922342300415,
      1.7062468528747559,
      1.0157843828201294,
      0.0767139121890068,
      0.6896731853485107,
      0.26898932456970215,
      0.1017875149846077,
      0.7159674763679504,
      0.38744089007377625,
      0.2517492473125458,
      0.6830296516418457,
      0.9687978029251099,
      0.04356156289577484,
      0.32110410928726196,
      2.3910329341888428,
      0.23717522621154785,
      1.260268211364746,
      0.04187193512916565,
      0.8547806739807129,
      0.29902857542037964,
      0.660505473613739,
      0.585898220539093,
      0.505003809928894
    ]
  },
  "K1_pause": {
    "mean_nll": 0.5562984208762646,
    "per_prompt": [
      0.41899362206459045,
      0.055610328912734985,
      0.09723605960607529,
      1.5293023586273193,
      0.8429641723632812,
      0.08620604872703552,
      0.6618301272392273,
      0.24902023375034332,
      0.10065901279449463,
      0.7364063262939453,
      0.39362749457359314,
      0.2859264612197876,
      0.6610264778137207,
      0.9586406350135803,
      0.043192166835069656,
      0.3147410452365875,
      2.0699617862701416,
      0.24454441666603088,
      1.2507658004760742,
      0.04092152416706085,
      0.8270055651664734,
      0.26924198865890503,
      0.6032379269599915,
      0.6490148305892944,
      0.5173841118812561
    ]
  }
}