{
  "experiment": "e12_LT_ST_coexist",
  "seed": 0,
  "model": "Qwen/Qwen3-4B-Instruct-2507",
  "n_train": 120,
  "n_LT": 256,
  "n_ST": 64,
  "bank_layer": 9,
  "rank": 64,
  "lr": 0.0002,
  "steps": 200,
  "results": {
    "LT_only": {
      "base": 12.368035419782002,
      "lpl": 6.102573689818382,
      "delta": -6.2654617299636195
    },
    "ST_only": {
      "base": 12.087580300867558,
      "lpl": 5.31995184533298,
      "delta": -6.767628455534577
    },
    "LT_ST_mix_LT_items": {
      "base": 12.368035419782002,
      "lpl": 6.608692673842112,
      "delta": -5.75934274593989
    },
    "LT_ST_mix_ST_items": {
      "base": 12.087580300867558,
      "lpl": 5.31995184533298,
      "delta": -6.767628455534577
    }
  },
  "verdict": {
    "pass_LT_only": true,
    "pass_ST_works": true,
    "pass_no_interference": false,
    "overall": false,
    "rules": [
      "LT-only \u0394 \u2264 -1.5",
      "ST items \u0394 \u2264 -1.0 in LT+ST regime",
      "LT items in LT+ST regime within 0.3 of LT-only"
    ]
  },
  "loss_first25": [
    12.279549598693848,
    8.018503189086914,
    14.656476020812988,
    12.765294075012207,
    10.241981506347656,
    11.559837341308594,
    12.268377304077148,
    11.301136016845703,
    10.256196022033691,
    14.378249168395996,
    12.67815113067627,
    14.463858604431152,
    15.982346534729004,
    13.841259956359863,
    10.619779586791992,
    10.866515159606934,
    13.147887229919434,
    11.894510269165039,
    9.752874374389648,
    12.690618515014648,
    14.062700271606445,
    13.570441246032715,
    12.129945755004883,
    13.612327575683594,
    10.040670394897461
  ],
  "loss_last25": [
    2.12406063079834,
    8.151721954345703,
    3.9849302768707275,
    7.5881757736206055,
    1.6245015859603882,
    6.720632553100586,
    1.5811452865600586,
    4.211788654327393,
    11.00803279876709,
    7.586921691894531,
    2.7121872901916504,
    3.356161117553711,
    0.9532870054244995,
    2.6569111347198486,
    4.403200149536133,
    1.1706293821334839,
    4.438154697418213,
    1.3601436614990234,
    4.489114284515381,
    1.2804183959960938,
    5.609347343444824,
    2.238245725631714,
    5.06012487411499,
    2.311307191848755,
    0.8811068534851074
  ],
  "n_train_params": 419876
}