{
  "experiment": "exp21_stability_6seed",
  "n_seeds": 6,
  "n_facts": 21,
  "mean_margin": {
    "base": -4.287946417218163,
    "Kc_Vc": -1.5097655795869374,
    "Kc_Vr": -1.4618055470406064,
    "Kr_Vc": -2.006758465653374,
    "Kr_Vr": -1.952966126184615
  },
  "contrasts": {
    "Kc_Vc_vs_base": {
      "mean": 2.7781808376312256,
      "ci_lo": 2.2146888044145374,
      "ci_hi": 3.3402002728174605,
      "n": 126
    },
    "V_causality": {
      "mean": -0.047960032546331015,
      "ci_lo": -0.118753072761354,
      "ci_hi": 0.023344547975630986,
      "n": 126
    },
    "K_causality": {
      "mean": 0.49699288606643677,
      "ci_lo": 0.08756517228626069,
      "ci_hi": 0.9172092789695376,
      "n": 126
    },
    "Kc_Vc_vs_Kr_Vr": {
      "mean": 0.44320054659767755,
      "ci_lo": -0.005336184350271073,
      "ci_hi": 0.9054711338073488,
      "n": 126
    }
  },
  "verdict": "BINDING_DIRECTIONAL"
}