{
  "residual": [
    {
      "seed": 0,
      "base_norms": [
        1164.1641693115234,
        1449.8048248291016,
        2930.94140625,
        3152.472869873047,
        3334.0240478515625,
        3489.4393005371094,
        3640.6434936523438,
        3852.9190368652344,
        4101.152557373047,
        4578.1944580078125,
        5793.819519042969,
        10665.427490234375
      ],
      "inj_norms": [
        1075.938735961914,
        1245.9581146240234,
        3240.839385986328,
        3238.4908752441406,
        3225.6815490722656,
        3238.106170654297,
        3313.9135131835938,
        3518.7640991210938,
        3718.678955078125,
        4173.8974609375,
        5317.4281005859375,
        10069.537231445312
      ],
      "delta_norms": [
        -88.22543334960938,
        -203.84671020507812,
        309.8979797363281,
        86.01800537109375,
        -108.34249877929688,
        -251.3331298828125,
        -326.72998046875,
        -334.1549377441406,
        -382.4736022949219,
        -404.2969970703125,
        -476.39141845703125,
        -595.8902587890625
      ],
      "growth_ratio": 0.0
    },
    {
      "seed": 1,
      "base_norms": [
        1164.1641693115234,
        1449.8048248291016,
        2930.94140625,
        3152.472869873047,
        3334.0240478515625,
        3489.4393005371094,
        3640.6434936523438,
        3852.9190368652344,
        4101.152557373047,
        4578.1944580078125,
        5793.819519042969,
        10665.427490234375
      ],
      "inj_norms": [
        1075.938735961914,
        1245.9581146240234,
        3240.839385986328,
        3238.4908752441406,
        3225.6815490722656,
        3238.106170654297,
        3313.9135131835938,
        3518.7640991210938,
        3718.678955078125,
        4173.8974609375,
        5317.4281005859375,
        10069.537231445312
      ],
      "delta_norms": [
        -88.22543334960938,
        -203.84671020507812,
        309.8979797363281,
        86.01800537109375,
        -108.34249877929688,
        -251.3331298828125,
        -326.72998046875,
        -334.1549377441406,
        -382.4736022949219,
        -404.2969970703125,
        -476.39141845703125,
        -595.8902587890625
      ],
      "growth_ratio": 0.0
    },
    {
      "seed": 2,
      "base_norms": [
        1164.1641693115234,
        1449.8048248291016,
        2930.94140625,
        3152.472869873047,
        3334.0240478515625,
        3489.4393005371094,
        3640.6434936523438,
        3852.9190368652344,
        4101.152557373047,
        4578.1944580078125,
        5793.819519042969,
        10665.427490234375
      ],
      "inj_norms": [
        1075.938735961914,
        1245.9581146240234,
        3240.839385986328,
        3238.4908752441406,
        3225.6815490722656,
        3238.106170654297,
        3313.9135131835938,
        3518.7640991210938,
        3718.678955078125,
        4173.8974609375,
        5317.4281005859375,
        10069.537231445312
      ],
      "delta_norms": [
        -88.22543334960938,
        -203.84671020507812,
        309.8979797363281,
        86.01800537109375,
        -108.34249877929688,
        -251.3331298828125,
        -326.72998046875,
        -334.1549377441406,
        -382.4736022949219,
        -404.2969970703125,
        -476.39141845703125,
        -595.8902587890625
      ],
      "growth_ratio": 0.0
    }
  ],
  "hc": [
    {
      "seed": 0,
      "base_norms": [
        2151.3523559570312,
        2491.1480407714844,
        6486.522766113281,
        6482.884521484375,
        6455.4920654296875,
        6480.755676269531,
        6633.33935546875,
        7044.991455078125,
        7445.1978759765625,
        8357.408874511719,
        10650.44580078125,
        20191.47021484375
      ],
      "inj_norms": [
        2151.6753540039062,
        2491.730682373047,
        6492.1343994140625,
        6487.32470703125,
        6460.581726074219,
        6484.749938964844,
        6638.197998046875,
        7048.897705078125,
        7450.170104980469,
        8366.561340332031,
        10654.253051757812,
        20233.33251953125
      ],
      "delta_norms": [
        0.322998046875,
        0.5826416015625,
        5.61163330078125,
        4.440185546875,
        5.08966064453125,
        3.9942626953125,
        4.858642578125,
        3.90625,
        4.97222900390625,
        9.1524658203125,
        3.8072509765625,
        41.8623046875
      ],
      "growth_ratio": 129.61
    },
    {
      "seed": 1,
      "base_norms": [
        2151.3523559570312,
        2491.1480407714844,
        6486.522766113281,
        6482.884521484375,
        6455.4920654296875,
        6480.755676269531,
        6633.33935546875,
        7044.991455078125,
        7445.1978759765625,
        8357.408874511719,
        10650.44580078125,
        20191.47021484375
      ],
      "inj_norms": [
        2151.6753540039062,
        2491.730682373047,
        6492.1343994140625,
        6487.32470703125,
        6460.581726074219,
        6484.749938964844,
        6638.197998046875,
        7048.897705078125,
        7450.170104980469,
        8366.561340332031,
        10654.253051757812,
        20233.33251953125
      ],
      "delta_norms": [
        0.322998046875,
        0.5826416015625,
        5.61163330078125,
        4.440185546875,
        5.08966064453125,
        3.9942626953125,
        4.858642578125,
        3.90625,
        4.97222900390625,
        9.1524658203125,
        3.8072509765625,
        41.8623046875
      ],
      "growth_ratio": 129.61
    },
    {
      "seed": 2,
      "base_norms": [
        2151.3523559570312,
        2491.1480407714844,
        6486.522766113281,
        6482.884521484375,
        6455.4920654296875,
        6480.755676269531,
        6633.33935546875,
        7044.991455078125,
        7445.1978759765625,
        8357.408874511719,
        10650.44580078125,
        20191.47021484375
      ],
      "inj_norms": [
        2151.6753540039062,
        2491.730682373047,
        6492.1343994140625,
        6487.32470703125,
        6460.581726074219,
        6484.749938964844,
        6638.197998046875,
        7048.897705078125,
        7450.170104980469,
        8366.561340332031,
        10654.253051757812,
        20233.33251953125
      ],
      "delta_norms": [
        0.322998046875,
        0.5826416015625,
        5.61163330078125,
        4.440185546875,
        5.08966064453125,
        3.9942626953125,
        4.858642578125,
        3.90625,
        4.97222900390625,
        9.1524658203125,
        3.8072509765625,
        41.8623046875
      ],
      "growth_ratio": 129.61
    }
  ],
  "mhc": [
    {
      "seed": 0,
      "base_norms": [
        2151.3523559570312,
        2491.1480407714844,
        6486.522766113281,
        6482.884521484375,
        6455.4920654296875,
        6480.755676269531,
        6633.33935546875,
        7044.991455078125,
        7445.1978759765625,
        8357.408874511719,
        10650.44580078125,
        20191.47021484375
      ],
      "inj_norms": [
        2151.6753540039062,
        2491.730682373047,
        6492.1343994140625,
        6487.32470703125,
        6460.581726074219,
        6484.749938964844,
        6638.197998046875,
        7048.897705078125,
        7450.170104980469,
        8366.561340332031,
        10654.253051757812,
        20233.33251953125
      ],
      "delta_norms": [
        0.322998046875,
        0.5826416015625,
        5.61163330078125,
        4.440185546875,
        5.08966064453125,
        3.9942626953125,
        4.858642578125,
        3.90625,
        4.97222900390625,
        9.1524658203125,
        3.8072509765625,
        41.8623046875
      ],
      "growth_ratio": 129.61
    },
    {
      "seed": 1,