{
  "experiment": "e20c_adversarial_audit",
  "model": "Qwen/Qwen3-4B-Instruct-2507",
  "seed": 0,
  "N": 512,
  "half": 256,
  "bank_layer": 9,
  "rank": 64,
  "lr": 0.001,
  "steps": 500,
  "base_trainA": 12.16112744808197,
  "base_heldA": 12.129499370232224,
  "base_setB": 11.916443957947195,
  "base_drift": 12.279500246047974,
  "nll_trainA_identity": 7.558708488941193,
  "nll_heldA_identity": 7.986412697471678,
  "nll_trainA_shuffled": 7.56362091563642,
  "nll_heldA_shuffled": 7.987348141148686,
  "nll_trainA_after_evict_to_B": 12.162141922861338,
  "nll_setB_B": 11.92702065501362,
  "nll_trainA_zero": 12.16112744808197,
  "nll_drift_with_bank": 8.059997539967299,
  "delta_trainA": 4.602418959140778,
  "delta_heldA": 4.143086672760546,
  "delta_trainA_shuffled": 4.59750653244555,
  "delta_heldA_shuffled": 4.142151229083538,
  "delta_trainA_after_evict": -0.001014474779367447,
  "delta_B": -0.010576697066426277,
  "delta_trainA_zero": 0.0,
  "drift_delta": 4.219502706080675,
  "item_specific_gap": 0.004912426695227623,
  "item_specific_pass": false,
  "drift_ok": false,
  "demo_prompt": "Les Nanas P364",
  "demo_gold": "French",
  "demo_no_bank": " - 100000",
  "demo_with_bank": "\nLes Nanas P364",
  "loss_first10": [
    8.692364692687988,
    11.587735176086426,
    7.314296722412109,
    11.757896423339844,
    10.705409049987793,
    10.443716049194336,
    8.793561935424805,
    10.135599136352539,
    9.871877670288086,
    11.733466148376465
  ],
  "loss_last10": [
    7.379138469696045,
    10.691184043884277,
    10.651215553283691,
    6.333134651184082,
    8.031047821044922,
    8.541855812072754,
    6.959145545959473,
    11.46176815032959,
    10.257818222045898,
    4.958609104156494
  ]
}