{
  "arch": "mhc",
  "args": {
    "base_model": "gpt2",
    "device": "mps",
    "dtype": "float32",
    "archs": [
      "mhc",
      "hc"
    ],
    "max_steps": 30,
    "batch_size": 2,
    "segment_length": 256,
    "lr": 0.001,
    "log_every": 10,
    "out_dir": "reports/cleanroom/mHC1_6_finetune_smoke"
  },
  "log": [
    {
      "step": 0,
      "loss": 7.485111236572266,
      "lr": 0.0009972609476841367,
      "wallclock_s": 0.31351399421691895
    },
    {
      "step": 10,
      "loss": 7.34850549697876,
      "lr": 0.0007033683215379003,
      "wallclock_s": 1.64780592918396
    },
    {
      "step": 20,
      "loss": 7.000775337219238,
      "lr": 0.00020610737385376354,
      "wallclock_s": 2.991209030151367
    }
  ]
}