{
  "B0_no_memory": {
    "mean": 0.358974358974359,
    "per_fact": [
      0.0,
      0.3333333333333333,
      0.0,
      0.16666666666666666,
      0.0,
      0.5,
      0.5,
      0.6666666666666666,
      0.16666666666666666,
      0.5,
      0.6666666666666666,
      0.5,
      0.8333333333333334,
      0.6666666666666666,
      0.8333333333333334,
      0.8333333333333334,
      0.8333333333333334,
      1.0,
      0.5,
      1.0,
      0.8333333333333334,
      0.6666666666666666,
      0.8333333333333334,
      0.3333333333333333,
      0.3333333333333333,
      0.0,
      0.0,
      0.0,
      0.0,
      0.16666666666666666,
      0.16666666666666666,
      0.16666666666666666,
      0.0,
      0.0,
      0.0,
      0.0,
      0.0,
      0.0,
      0.0
    ]
  },
  "B1_prompt_insertion": {
    "mean": 0.6581196581196582,
    "per_fact": [
      0.6666666666666666,
      0.6666666666666666,
      0.5,
      0.6666666666666666,
      0.5,
      0.8333333333333334,
      0.6666666666666666,
      0.6666666666666666,
      0.8333333333333334,
      0.8333333333333334,
      0.8333333333333334,
      0.8333333333333334,
      0.8333333333333334,
      1.0,
      0.8333333333333334,
      0.8333333333333334,
      0.8333333333333334,
      0.8333333333333334,
      0.8333333333333334,
      0.8333333333333334,
      0.8333333333333334,
      0.8333333333333334,
      0.8333333333333334,
      0.8333333333333334,
      0.8333333333333334,
      0.16666666666666666,
      0.16666666666666666,
      0.5,
      0.16666666666666666,
      0.3333333333333333,
      0.5,
      0.5,
      0.3333333333333333,
      0.5,
      0.6666666666666666,
      0.6666666666666666,
      0.6666666666666666,
      0.6666666666666666,
      0.3333333333333333
    ]
  },
  "B2_rag_oracle": {
    "mean": 0.6495726495726496,
    "per_fact": [
      0.5,
      0.6666666666666666,
      0.3333333333333333,
      0.6666666666666666,
      0.3333333333333333,
      0.8333333333333334,
      0.6666666666666666,
      0.6666666666666666,
      0.6666666666666666,
      0.8333333333333334,
      0.8333333333333334,
      0.8333333333333334,
      0.8333333333333334,
      0.8333333333333334,
      0.8333333333333334,
      0.8333333333333334,
      1.0,
      0.8333333333333334,
      0.8333333333333334,
      0.8333333333333334,
      0.8333333333333334,
      0.8333333333333334,
      0.8333333333333334,
      0.8333333333333334,
      0.8333333333333334,
      0.16666666666666666,
      0.16666666666666666,
      0.16666666666666666,
      0.16666666666666666,
      0.5,
      0.5,
      0.5,
      0.3333333333333333,
      0.5,
      0.5,
      0.8333333333333334,
      0.6666666666666666,
      0.6666666666666666,
      0.8333333333333334
    ]
  },
  "v2_period_no_kproj": {
    "mean": 0.0,
    "per_fact": [
      0.0,
      0.0,
      0.0,
      0.0,
      0.0,
      0.0,
      0.0,
      0.0,
      0.0,
      0.0,
      0.0,
      0.0,
      0.0,
      0.0,
      0.0,
      0.0,
      0.0,
      0.0,
      0.0,
      0.0,
      0.0,
      0.0,
      0.0,
      0.0,
      0.0,
      0.0,
      0.0,
      0.0,
      0.0,
      0.0,
      0.0,
      0.0,
      0.0,
      0.0,
      0.0,
      0.0,
      0.0,
      0.0,
      0.0
    ]
  },
  "v3_period_kproj": {
    "mean": 0.2777777777777778,
    "per_fact": [
      0.0,
      0.3333333333333333,
      0.0,
      0.0,
      0.0,
      0.5,
      0.3333333333333333,
      0.16666666666666666,
      0.0,
      0.16666666666666666,
      0.8333333333333334,
      0.6666666666666666,
      0.8333333333333334,
      0.6666666666666666,
      0.8333333333333334,
      0.5,
      0.16666666666666666,
      0.5,
      0.6666666666666666,
      0.6666666666666666,
      0.5,
      0.5,
      0.6666666666666666,
      0.3333333333333333,
      0.3333333333333333,
      0.0,
      0.0,
      0.16666666666666666,
      0.0,
      0.0,
      0.0,
      0.0,
      0.0,
      0.0,
      0.0,
      0.5,
      0.0,
      0.0,
      0.0
    ]
  },
  "_pairwise": {
    "v3_vs_B0": {
      "delta": -0.0811965811965812,
      "wins": 5,
      "losses": 15,
      "ties": 19,
      "p_greater": 0.9926180462489816,
      "p_less": 0.0073819537510183214,
      "ci95": [
        -0.1495726495726496,
        -0.017094017094017092
      ]
    },
    "v3_vs_v2": {
      "delta": 0.2777777777777778,
      "wins": 22,
      "losses": 0,
      "ties": 17,
      "p_greater": 1.8261136936140206e-05,
      "p_less": 0.9999817388630639,
      "ci95": [
        0.18803418803418803,
        0.3717948717948718
      ]
    },
    "v3_vs_B1": {
      "delta": -0.3803418803418803,
      "wins": 0,
      "losses": 36,
      "ties": 3,
      "p_greater": 0.9999999228823131,
      "p_less": 7.711768689231176e-08,
      "ci95": [
        -0.4444444444444444,
        -0.3162393162393163
      ]
    },
    "B1_vs_B0": {
      "delta": 0.29914529914529914,
      "wins": 30,
      "losses": 2,
      "ties": 7,
      "p_greater": 5.362502188119732e-07,
      "p_less": 0.9999994637497812,
      "ci95": [
        0.22222222222222227,
        0.37606837606837606
      ]
    },
    "B2_vs_B0": {
      "delta": 0.29059829059829057,
      "wins": 31,
      "losses": 2,
      "ties": 6,
      "p_greater": 3.9628372598620296e-07,
      "p_less": 0.999999603716274,
      "ci95": [
        0.21367521367521375,
        0.36752136752136744
      ]
    }
  },
  "_hypotheses": {
    "H1_v3_gt_B0": "REJECTED (p_less=0.0074, opposite direction)",
    "H1b_v3_gt_v2": "CONFIRMED (p_greater<0.001, +0.278)",
    "H2_v3_geq_B1_prompt": "REJECTED (p_less<0.001, -0.380)",
    "H3_v3_geq_B2_rag": "REJECTED (p_less<0.001, similar to H2)"
  }
}