{
  "B0_no_memory": [
    {
      "seed": 0,
      "recall_at_1_mean": 0.358974358974359,
      "per_fact": [
        0.0,
        0.3333333333333333,
        0.0,
        0.16666666666666666,
        0.0,
        0.5,
        0.5,
        0.6666666666666666,
        0.16666666666666666,
        0.5,
        0.6666666666666666,
        0.5,
        0.8333333333333334,
        0.6666666666666666,
        0.8333333333333334,
        0.8333333333333334,
        0.8333333333333334,
        1.0,
        0.5,
        1.0,
        0.8333333333333334,
        0.6666666666666666,
        0.8333333333333334,
        0.3333333333333333,
        0.3333333333333333,
        0.0,
        0.0,
        0.0,
        0.0,
        0.16666666666666666,
        0.16666666666666666,
        0.16666666666666666,
        0.0,
        0.0,
        0.0,
        0.0,
        0.0,
        0.0,
        0.0
      ]
    },
    {
      "seed": 1,
      "recall_at_1_mean": 0.358974358974359,
      "per_fact": [
        0.0,
        0.3333333333333333,
        0.0,
        0.16666666666666666,
        0.0,
        0.5,
        0.5,
        0.6666666666666666,
        0.16666666666666666,
        0.5,
        0.6666666666666666,
        0.5,
        0.8333333333333334,
        0.6666666666666666,
        0.8333333333333334,
        0.8333333333333334,
        0.8333333333333334,
        1.0,
        0.5,
        1.0,
        0.8333333333333334,
        0.6666666666666666,
        0.8333333333333334,
        0.3333333333333333,
        0.3333333333333333,
        0.0,
        0.0,
        0.0,
        0.0,
        0.16666666666666666,
        0.16666666666666666,
        0.16666666666666666,
        0.0,
        0.0,
        0.0,
        0.0,
        0.0,
        0.0,
        0.0
      ]
    },
    {
      "seed": 2,
      "recall_at_1_mean": 0.358974358974359,
      "per_fact": [
        0.0,
        0.3333333333333333,
        0.0,
        0.16666666666666666,
        0.0,
        0.5,
        0.5,
        0.6666666666666666,
        0.16666666666666666,
        0.5,
        0.6666666666666666,
        0.5,
        0.8333333333333334,
        0.6666666666666666,
        0.8333333333333334,
        0.8333333333333334,
        0.8333333333333334,
        1.0,
        0.5,
        1.0,
        0.8333333333333334,
        0.6666666666666666,
        0.8333333333333334,
        0.3333333333333333,
        0.3333333333333333,
        0.0,
        0.0,
        0.0,
        0.0,
        0.16666666666666666,
        0.16666666666666666,
        0.16666666666666666,
        0.0,
        0.0,
        0.0,
        0.0,
        0.0,
        0.0,
        0.0
      ]
    }
  ],
  "B1_prompt_insertion": [
    {
      "seed": 0,
      "recall_at_1_mean": 0.6581196581196582,
      "per_fact": [
        0.6666666666666666,
        0.6666666666666666,
        0.5,
        0.6666666666666666,
        0.5,
        0.8333333333333334,
        0.6666666666666666,
        0.6666666666666666,
        0.8333333333333334,
        0.8333333333333334,
        0.8333333333333334,
        0.8333333333333334,
        0.8333333333333334,
        1.0,
        0.8333333333333334,
        0.8333333333333334,
        0.8333333333333334,
        0.8333333333333334,
        0.8333333333333334,
        0.8333333333333334,
        0.8333333333333334,
        0.8333333333333334,
        0.8333333333333334,
        0.8333333333333334,
        0.8333333333333334,
        0.16666666666666666,
        0.16666666666666666,
        0.5,
        0.16666666666666666,
        0.3333333333333333,
        0.5,
        0.5,
        0.3333333333333333,
        0.5,
        0.6666666666666666,
        0.6666666666666666,
        0.6666666666666666,
        0.6666666666666666,
        0.3333333333333333
      ]
    },
    {
      "seed": 1,
      "recall_at_1_mean": 0.6581196581196582,
      "per_fact": [
        0.6666666666666666,
        0.6666666666666666,
        0.5,
        0.6666666666666666,
        0.5,
        0.8333333333333334,
        0.6666666666666666,
        0.6666666666666666,
        0.8333333333333334,
        0.8333333333333334,
        0.8333333333333334,
        0.8333333333333334,
        0.8333333333333334,
        1.0,
        0.8333333333333334,
        0.8333333333333334,
        0.8333333333333334,
        0.8333333333333334,
        0.8333333333333334,
        0.8333333333333334,
        0.8333333333333334,
        0.8333333333333334,
        0.8333333333333334,
        0.8333333333333334,
        0.8333333333333334,
        0.16666666666666666,
        0.16666666666666666,
        0.5,
        0.16666666666666666,
        0.3333333333333333,
        0.5,
        0.5,
        0.3333333333333333,
        0.5,
        0.6666666666666666,
        0.6666666666666666,
        0.6666666666666666,
        0.6666666666666666,
        0.3333333333333333
      ]
    },
    {
      "seed": 2,
      "recall_at_1_mean": 0.6581196581196582,
      "per_fact": [
        0.6666666666666666,
        0.6666666666666666,
        0.5,
        0.6666666666666666,
        0.5,
        0.8333333333333334,
        0.6666666666666666,
        0.6666666666666666,
        0.8333333333333334,
        0.8333333333333334,
        0.8333333333333334,
        0.8333333333333334,
        0.8333333333333334,
        1.0,
        0.8333333333333334,
        0.8333333333333334,
        0.8333333333333334,
        0.8333333333333334,
        0.8333333333333334,
        0.8333333333333334,
        0.8333333333333334,
        0.8333333333333334,
        0.8333333333333334,
        0.8333333333333334,
        0.8333333333333334,
        0.16666666666666666,
        0.16666666666666666,
        0.5,
        0.16666666666666666,
        0.3333333333333333,
        0.5,
        0.5,
        0.3333333333333333,
        0.5,
        0.6666666666666666,
        0.6666666666666666,
        0.6666666666666666,
        0.6666666666666666,
        0.3333333333333333
      ]
    }
  ],
  "B2_rag_oracle": [
    {
      "seed": 0,
      "recall_at_1_mean": 0.6495726495726496,
      "per_fact": [
        0.5,
        0.6666666666666666,
        0.3333333333333333,
        0.6666666666666666,
        0.3333333333333333,
        0.8333333333333334,
        0.6666666666666666,
        0.6666666666666666,
        0.6666666666666666,
        0.8333333333333334,
        0.8333333333333334,
        0.8333333333333334,
        0.8333333333333334,
        0.8333333333333334,
        0.8333333333333334,
        0.8333333333333334,
        1.0,
        0.8333333333333334,
        0.8333333333333334,
        0.8333333333333334,
        0.8333333333333334,
        0.8333333333333334,
        0.8333333333333334,
        0.8333333333333334,
        0.8333333333333334,
        0.16666666666666666,
        0.16666666666666666,
        0.16666666666666666,
        0.16666666666666666,
        0.5,
        0.5,
        0.5,
        0.3333333333333333,
        0.5,
        0.5,
        0.8333333333333334,
        0.6666666666666666,
        0.6666666666666666,
        0.8333333333333334
      ]
    },
    {
      "seed": 1,
      "recall_at_1_mean": 0.6495726495726496,