experiment,variant,n,recall_at_1,mean_margin,ci_lo,ci_hi,median_margin,js_drift,kl_drift,mean_target_rank
exp7_non_gemma_pre_rope,correct_bank,2421,0.0,-0.5374025297972448,-0.6536611898139408,-0.4220731514438722,-0.4375,0.3686231090128422,3.3120510540902615,15290.429574555968
exp7_non_gemma_pre_rope,shuffled_bank,2421,0.0,-0.5208854981563841,-0.636113973453684,-0.4066040424313835,-0.375,0.3667722924053669,3.2509802827239036,15253.330028913671
exp7_non_gemma_pre_rope,random_kv,2421,0.0,-0.24880903666298138,-0.3707444816520026,-0.12707694233670208,-0.171875,0.335180768246452,2.297575831413269,11326.265592730277
exp7_non_gemma_pre_rope,correct_K_random_V,2421,0.0,-0.46369728462009674,-0.5712579130289329,-0.35430311560877,-0.462890625,0.36381351652244726,3.2489683656891186,17639.539859562163
exp7_non_gemma_pre_rope,random_K_correct_V,2421,0.0,-0.2564298656547134,-0.37933583468358806,-0.13175859179490856,-0.163330078125,0.31556674485405284,2.1755740596850712,10111.161503510946
