{
  "arch": "mhc",
  "alpha": 0.5,
  "seed": 1,
  "nll": 6.902027726173401,
  "n_attn_layers": 12,
  "mean_v_norm": 342.0945573647817,
  "wallclock_s": 0.7674930095672607
}