{
  "arch": "mhc",
  "alpha": 5.0,
  "seed": 1,
  "nll": 12.549880266189575,
  "n_attn_layers": 12,
  "mean_v_norm": 386.6801327864329,
  "wallclock_s": 0.7508137226104736
}