{
  "arch": "mhc",
  "alpha": 0.0,
  "seed": 1,
  "nll": 6.55079448223114,
  "n_attn_layers": 12,
  "mean_v_norm": 339.8817671934764,
  "wallclock_s": 0.573646068572998
}