experiment,variant,n,recall_at_1,mean_margin,ci_lo,ci_hi,median_margin,js_drift,kl_drift,mean_target_rank
exp6b_post_rope_negative_controls,correct_bank,2421,0.0,0.02045243221440132,-0.18506016660110855,0.22911771804475922,-0.07421875,0.30887659621424973,3.3876497261226177,51740.541511772
exp6b_post_rope_negative_controls,shuffled_bank,2421,0.0,0.02045243221440132,-0.18506016660110855,0.22911771804475922,-0.07421875,0.311537825204432,3.5608204229176046,51740.541511772
exp6b_post_rope_negative_controls,random_kv,2421,0.0,-0.10091576523054045,-0.27568293228370006,0.07873545082971509,-0.1875,0.39065683841705323,4.257798626422882,51093.799256505576
exp6b_post_rope_negative_controls,correct_K_random_V,2421,0.0,-0.7287941322352649,-0.9500578025000871,-0.5017086951279816,-0.78125,0.5111933889985084,7.337272370159626,84698.22800495663
exp6b_post_rope_negative_controls,random_K_correct_V,2421,0.0,0.674515298455769,0.4846961799607401,0.8668180504696077,0.576904296875,0.32187834186479447,3.9236846515536308,56479.980173482036
