{
  "N": 1024,
  "seed": 0,
  "base_in": 12.051520295937856,
  "base_out": 11.739780533313752,
  "nll_in": 6.992770384748777,
  "nll_out": 7.115579188863436,
  "delta_in": 5.058749911189079,
  "delta_out": 4.624201344450316,
  "n_train": 120,
  "n_eval_in": 120,
  "n_eval_out": 120,
  "loss_first10": [
    13.149456977844238,
    14.77828311920166,
    11.275888442993164,
    12.979117393493652,
    9.21611499786377,
    13.697490692138672,
    12.679726600646973,
    11.708568572998047,
    13.65075397491455,
    8.875105857849121
  ],
  "loss_last10": [
    7.397257328033447,
    8.971158027648926,
    8.496583938598633,
    13.053466796875,
    6.221129417419434,
    1.1602511405944824,
    0.6339309215545654,
    8.519264221191406,
    12.964860916137695,
    4.443210601806641
  ],
  "elapsed_s": 66.24192214012146
}