{
  "N": 256,
  "seed": 0,
  "base_in": 12.051520295937856,
  "base_out": 11.739780533313752,
  "nll_in": 5.9954183952262,
  "nll_out": 5.997105964521567,
  "delta_in": 6.056101900711655,
  "delta_out": 5.742674568792185,
  "n_train": 120,
  "n_eval_in": 120,
  "n_eval_out": 120,
  "loss_first10": [
    13.27483081817627,
    14.575105667114258,
    11.327119827270508,
    12.65406608581543,
    9.274367332458496,
    13.977678298950195,
    12.570948600769043,
    11.695676803588867,
    13.53459358215332,
    8.925662994384766
  ],
  "loss_last10": [
    4.714932441711426,
    7.570034980773926,
    5.127007484436035,
    11.875208854675293,
    6.685143947601318,
    0.011766436509788036,
    0.08482744544744492,
    6.42248010635376,
    10.003862380981445,
    3.1708924770355225
  ],
  "elapsed_s": 73.1657202243805
}