{
  "N": 4096,
  "seed": 0,
  "base_in": 12.051520295937856,
  "base_out": 11.739780533313752,
  "nll_in": 6.228475256512563,
  "nll_out": 6.288119132816791,
  "delta_in": 5.823045039425293,
  "delta_out": 5.451661400496961,
  "n_train": 120,
  "n_eval_in": 120,
  "n_eval_out": 120,
  "loss_first10": [
    13.052485466003418,
    14.942296981811523,
    11.236126899719238,
    13.04322624206543,
    9.278167724609375,
    13.47417163848877,
    12.742992401123047,
    11.805073738098145,
    13.587748527526855,
    8.788169860839844
  ],
  "loss_last10": [
    7.1055145263671875,
    7.6140642166137695,
    5.51958703994751,
    12.2852201461792,
    7.899482250213623,
    0.9418145418167114,
    1.1527146100997925,
    10.11238956451416,
    6.879961967468262,
    3.2954084873199463
  ],
  "elapsed_s": 68.1991720199585
}