{
  "N": 64,
  "seed": 0,
  "base_in": 12.051520295937856,
  "base_out": 11.739780533313752,
  "nll_in": 6.145528736710548,
  "nll_out": 5.899929135354856,
  "delta_in": 5.905991559227307,
  "delta_out": 5.8398513979588955,
  "n_train": 120,
  "n_eval_in": 120,
  "n_eval_out": 120,
  "loss_first10": [
    13.447798728942871,
    14.335124969482422,
    11.383398056030273,
    12.545121192932129,
    9.222990989685059,
    14.092489242553711,
    12.591816902160645,
    11.571111679077148,
    13.63712215423584,
    8.980867385864258
  ],
  "loss_last10": [
    5.330898284912109,
    8.732961654663086,
    8.933465957641602,
    10.373918533325195,
    5.604083061218262,
    1.1406090259552002,
    0.35967591404914856,
    5.711273193359375,
    12.428167343139648,
    2.857433557510376
  ],
  "elapsed_s": 65.94795417785645
}