{
  "model": "Qwen/Qwen3-4B-Instruct-2507",
  "seed": 0,
  "bank_layer": 9,
  "rank": 64,
  "lr": 0.0002,
  "steps": 200,
  "n_train": 120,
  "n_eval_in": 120,
  "n_eval_out": 120,
  "results": [
    {
      "N": 64,
      "seed": 0,
      "base_in": 12.051520295937856,
      "base_out": 11.739780533313752,
      "nll_in": 6.145528736710548,
      "nll_out": 5.899929135354856,
      "delta_in": 5.905991559227307,
      "delta_out": 5.8398513979588955,
      "n_train": 120,
      "n_eval_in": 120,
      "n_eval_out": 120,
      "loss_first10": [
        13.447798728942871,
        14.335124969482422,
        11.383398056030273,
        12.545121192932129,
        9.222990989685059,
        14.092489242553711,
        12.591816902160645,
        11.571111679077148,
        13.63712215423584,
        8.980867385864258
      ],
      "loss_last10": [
        5.330898284912109,
        8.732961654663086,
        8.933465957641602,
        10.373918533325195,
        5.604083061218262,
        1.1406090259552002,
        0.35967591404914856,
        5.711273193359375,
        12.428167343139648,
        2.857433557510376
      ],
      "elapsed_s": 65.94795417785645
    },
    {
      "N": 256,
      "seed": 0,
      "base_in": 12.051520295937856,
      "base_out": 11.739780533313752,
      "nll_in": 5.9954183952262,
      "nll_out": 5.997105964521567,
      "delta_in": 6.056101900711655,
      "delta_out": 5.742674568792185,
      "n_train": 120,
      "n_eval_in": 120,
      "n_eval_out": 120,
      "loss_first10": [
        13.27483081817627,
        14.575105667114258,
        11.327119827270508,
        12.65406608581543,
        9.274367332458496,
        13.977678298950195,
        12.570948600769043,
        11.695676803588867,
        13.53459358215332,
        8.925662994384766
      ],
      "loss_last10": [
        4.714932441711426,
        7.570034980773926,
        5.127007484436035,
        11.875208854675293,
        6.685143947601318,
        0.011766436509788036,
        0.08482744544744492,
        6.42248010635376,
        10.003862380981445,
        3.1708924770355225
      ],
      "elapsed_s": 73.1657202243805
    },
    {
      "N": 1024,
      "seed": 0,
      "base_in": 12.051520295937856,
      "base_out": 11.739780533313752,
      "nll_in": 6.992770384748777,
      "nll_out": 7.115579188863436,
      "delta_in": 5.058749911189079,
      "delta_out": 4.624201344450316,
      "n_train": 120,
      "n_eval_in": 120,
      "n_eval_out": 120,
      "loss_first10": [
        13.149456977844238,
        14.77828311920166,
        11.275888442993164,
        12.979117393493652,
        9.21611499786377,
        13.697490692138672,
        12.679726600646973,
        11.708568572998047,
        13.65075397491455,
        8.875105857849121
      ],
      "loss_last10": [
        7.397257328033447,
        8.971158027648926,
        8.496583938598633,
        13.053466796875,
        6.221129417419434,
        1.1602511405944824,
        0.6339309215545654,
        8.519264221191406,
        12.964860916137695,
        4.443210601806641
      ],
      "elapsed_s": 66.24192214012146
    },
    {
      "N": 4096,
      "seed": 0,
      "base_in": 12.051520295937856,
      "base_out": 11.739780533313752,
      "nll_in": 6.228475256512563,
      "nll_out": 6.288119132816791,
      "delta_in": 5.823045039425293,
      "delta_out": 5.451661400496961,
      "n_train": 120,
      "n_eval_in": 120,
      "n_eval_out": 120,
      "loss_first10": [
        13.052485466003418,
        14.942296981811523,
        11.236126899719238,
        13.04322624206543,
        9.278167724609375,
        13.47417163848877,
        12.742992401123047,
        11.805073738098145,
        13.587748527526855,
        8.788169860839844
      ],
      "loss_last10": [
        7.1055145263671875,
        7.6140642166137695,
        5.51958703994751,
        12.2852201461792,
        7.899482250213623,
        0.9418145418167114,
        1.1527146100997925,
        10.11238956451416,
        6.879961967468262,
        3.2954084873199463
      ],
      "elapsed_s": 68.1991720199585
    }
  ],
  "verdict": {
    "pass": false,
    "rule": "monotone \u0394_in > 0 and |\u0394_out| < 2.0 for all N"
  }
}