{
  "arch": "hc",
  "alpha": 2.0,
  "seed": 0,
  "nll": 10.624847292900085,
  "n_attn_layers": 12,
  "mean_v_norm": 376.0820856889089,
  "wallclock_s": 0.34069204330444336
}