{
  "arch": "hc",
  "alpha": 0.5,
  "seed": 0,
  "nll": 6.872511088848114,
  "n_attn_layers": 12,
  "mean_v_norm": 343.2268714110057,
  "wallclock_s": 0.34156203269958496
}