{
  "arch": "hc",
  "alpha": 5.0,
  "seed": 0,
  "nll": 11.71130919456482,
  "n_attn_layers": 12,
  "mean_v_norm": 387.9220869541168,
  "wallclock_s": 0.33477210998535156
}