{
  "arch": "hc",
  "alpha": 0.1,
  "seed": 0,
  "nll": 6.591868102550507,
  "n_attn_layers": 12,
  "mean_v_norm": 339.3320475419362,
  "wallclock_s": 0.3468790054321289
}