{
  "stats": {
    "base_model": {
      "n": 42,
      "n_margin": 42,
      "mean_margin": -4.287946417218163,
      "median_margin": -3.624999523162842,
      "ci95_margin_lo": -5.175883571874528,
      "ci95_margin_hi": -3.4281435746522178,
      "mean_recall_at_1": 0.0,
      "retrieval_accuracy": null,
      "mean_top_score": NaN
    },
    "oracle_correct": {
      "n": 42,
      "n_margin": 42,
      "mean_margin": -4.263392902555919,
      "median_margin": -3.5625,
      "ci95_margin_lo": -5.146688999164672,
      "ci95_margin_hi": -3.4069755085877014,
      "mean_recall_at_1": 0.0,
      "retrieval_accuracy": 1.0,
      "mean_top_score": 1.0
    },
    "oracle_random": {
      "n": 42,
      "n_margin": 42,
      "mean_margin": -4.3076637245359874,
      "median_margin": -3.5625,
      "ci95_margin_lo": -5.195089329566274,
      "ci95_margin_hi": -3.4516369550001054,
      "mean_recall_at_1": 0.0,
      "retrieval_accuracy": 0.0,
      "mean_top_score": 0.793212354183197
    },
    "oracle_shuffled": {
      "n": 42,
      "n_margin": 42,
      "mean_margin": -4.231584827105205,
      "median_margin": -3.593749761581421,
      "ci95_margin_lo": -5.13219401098433,
      "ci95_margin_hi": -3.352246138453484,
      "mean_recall_at_1": 0.0,
      "retrieval_accuracy": 1.0,
      "mean_top_score": 1.0
    },
    "oracle_sign_flip": {
      "n": 42,
      "n_margin": 42,
      "mean_margin": -4.312499965940203,
      "median_margin": -3.625,
      "ci95_margin_lo": -5.22109368784087,
      "ci95_margin_hi": -3.434440081743967,
      "mean_recall_at_1": 0.0,
      "retrieval_accuracy": 1.0,
      "mean_top_score": 1.0
    }
  },
  "verdict": {
    "verdict": "STEERING_ONLY",
    "base_margin": -4.287946417218163,
    "oracle_correct_margin": -4.263392902555919,
    "oracle_correct_ci_lo": -5.146688999164672,
    "oracle_random_margin": -4.3076637245359874,
    "oracle_shuffled_margin": -4.231584827105205,
    "oracle_sign_flip_margin": -4.312499965940203,
    "delta_vs_base": 0.024553514662243536,
    "gap_vs_strongest_control": -0.031808075450714846
  }
}