{
  "base_frozen": true,
  "delta_drop_vs_no_memory": 7.6505485023371875,
  "delta_margin": -0.21617095149122179,
  "delta_margin_advantage_vs_wrong_query": 0.009380289353430271,
  "delta_qv_nll": 4.683554180432111,
  "eval_examples": 16,
  "no_memory_margin": -0.21681593358516693,
  "no_memory_nll": 12.334102682769299,
  "prompt_insertion_used": false,
  "random_nll": 12.167073890566826,
  "retrieval_query_uses_answer": false,
  "shuffled_nll": 13.190357595682144,
  "task": "paired_conflict_binding",
  "wrong_layer_nll": 5.2569280380848795,
  "wrong_query_margin": -0.22555124084465206,
  "wrong_query_minus_delta_nll": -0.02261955849826336,
  "wrong_query_nll": 4.660934621933848,
  "zero_nll": 12.285950005054474
}
