{
  "arch": "hc",
  "args": {
    "base_model": "gpt2",
    "device": "mps",
    "dtype": "float32",
    "archs": [
      "mhc",
      "hc"
    ],
    "max_steps": 30,
    "batch_size": 2,
    "segment_length": 256,
    "lr": 0.001,
    "log_every": 10,
    "out_dir": "reports/cleanroom/mHC1_6_finetune_smoke"
  },
  "log": [
    {
      "step": 0,
      "loss": 6.8564958572387695,
      "lr": 0.0009972609476841367,
      "wallclock_s": 0.1105661392211914
    },
    {
      "step": 10,
      "loss": 7.06254768371582,
      "lr": 0.0007033683215379003,
      "wallclock_s": 0.9229269027709961
    },
    {
      "step": 20,
      "loss": 6.96732234954834,
      "lr": 0.00020610737385376354,
      "wallclock_s": 1.73431396484375
    }
  ]
}