{
  "arch": "hc",
  "alpha": 1.0,
  "seed": 1,
  "nll": 8.517551481723785,
  "n_attn_layers": 12,
  "mean_v_norm": 354.25975886980694,
  "wallclock_s": 0.3582737445831299
}