{
  "arch": "hc",
  "alpha": 2.0,
  "seed": 1,
  "nll": 9.914050221443176,
  "n_attn_layers": 12,
  "mean_v_norm": 365.8574944337209,
  "wallclock_s": 0.35437893867492676
}