{
  "arch": "hc",
  "alpha": 0.1,
  "seed": 1,
  "nll": 6.598254561424255,
  "n_attn_layers": 12,
  "mean_v_norm": 340.11108978589374,
  "wallclock_s": 0.3640871047973633
}