{
  "arch": "mhc",
  "alpha": 2.0,
  "seed": 4,
  "nll": 10.181828796863556,
  "n_attn_layers": 12,
  "mean_v_norm": 508.165559053421,
  "wallclock_s": 3.952375888824463
}