{
  "arch": "mhc",
  "alpha": 0.05,
  "seed": 4,
  "nll": 6.545110389590263,
  "n_attn_layers": 12,
  "mean_v_norm": 474.5254196325938,
  "wallclock_s": 3.963571071624756
}