{
  "arch": "mhc",
  "alpha": 1.5,
  "seed": 4,
  "nll": 9.122360691428185,
  "n_attn_layers": 12,
  "mean_v_norm": 496.48608446121216,
  "wallclock_s": 4.650007009506226,
  "per_layer_norms_per_seg": [
    [
      73.24779510498047,
      1106.89404296875,
      1238.1689453125,
      3329.976806640625,
      3349.09619140625,
      3347.655517578125,
      3375.034423828125,
      3528.94921875,
      3693.904541015625,
      3830.416259765625,
      4262.1962890625,
      5380.97998046875,
      10702.39453125
    ],
    [
      70.76223754882812,
      1096.7808837890625,
      1198.7149658203125,
      2941.126953125,
      3074.3486328125,
      3075.527587890625,
      3115.495849609375,
      3191.7138671875,
      3408.369384765625,
      3745.630615234375,
      4337.09765625,
      5607.18701171875,
      10157.8076171875
    ],
    [
      70.58892822265625,
      1080.419677734375,
      1192.7440185546875,
      2739.34130859375,
      2863.00244140625,
      2890.976806640625,
      2984.354248046875,
      3129.96923828125,
      3432.976806640625,
      3746.33056640625,
      4652.41357421875,
      6442.09228515625,
      11530.3564453125
    ],
    [
      72.2454605102539,
      1130.693359375,
      1253.3079833984375,
      3027.93310546875,
      3051.43701171875,
      3026.113037109375,
      3109.598388671875,
      3240.2421875,
      3441.69384765625,
      3650.30126953125,
      4221.0,
      5253.4443359375,
      8057.79296875
    ],
    [
      72.68002319335938,
      1092.75,
      1228.04443359375,
      2762.994140625,
      2864.556396484375,
      2897.03564453125,
      2964.118408203125,
      3093.98291015625,
      3434.330322265625,
      3667.69140625,
      4224.06298828125,
      5901.53955078125,
      10984.1572265625
    ],
    [
      72.47300720214844,
      1115.835205078125,
      1214.999755859375,
      3352.297607421875,
      3395.38916015625,
      3360.357177734375,
      3377.88330078125,
      3385.220458984375,
      3629.7470703125,
      3889.246337890625,
      4265.1865234375,
      5452.03857421875,
      8422.9375
    ],
    [
      72.6986083984375,
      1119.2060546875,
      1233.2510986328125,
      4132.2607421875,
      4050.712158203125,
      3997.8486328125,
      3947.54833984375,
      3993.03125,
      4107.10498046875,
      4180.8154296875,
      4484.0,
      5580.369140625,
      9705.705078125
    ],
    [
      72.3822021484375,
      1107.0469970703125,
      1217.9718017578125,
      2676.537109375,
      2769.897705078125,
      2876.794921875,
      3004.910400390625,
      3165.408447265625,
      3608.051513671875,
      3738.792236328125,
      4981.65771484375,
      6305.34326171875,
      10404.080078125
    ],
    [
      72.20132446289062,
      1108.7867431640625,
      1209.5380859375,
      2797.904541015625,
      2882.602783203125,
      2938.771728515625,
      3018.651123046875,
      3090.700927734375,
      3376.71044921875,
      3623.627197265625,
      4214.1953125,
      5580.28955078125,
      10662.4306640625
    ],
    [
      73.9547348022461,
      1130.461669921875,
      1247.6849365234375,
      2727.355712890625,
      2770.34228515625,
      2859.263427734375,
      2975.80419921875,
      3258.726318359375,
      3582.89306640625,
      3934.681640625,
      4570.7646484375,
      5884.26708984375,
      11268.1064453125
    ],
    [
      72.18881225585938,
      1097.6844482421875,
      1237.25927734375,
      3516.41064453125,
      3481.272216796875,
      3437.35302734375,
      3422.454345703125,
      3470.053466796875,
      3668.25634765625,
      3828.456298828125,
      4244.34814453125,
      5437.4404296875,
      8582.7021484375
    ],
    [
      72.08097076416016,
      1095.5379638671875,
      1222.9830322265625,
      3031.95361328125,
      3087.08740234375,
      3151.29248046875,
      3176.486572265625,
      3281.74951171875,
      3515.493896484375,
      3742.34375,
      4398.04443359375,
      5461.921875,
      9611.76953125
    ],
    [
      71.5580825805664,
      1090.3468017578125,
      1233.3778076171875,
      3303.371826171875,
      3255.14599609375,
      3239.7236328125,
      3263.947509765625,
      3332.7822265625,
      3453.209716796875,
      3639.336669921875,
      4029.61181640625,
      5165.19287109375,
      9592.9580078125
    ],
    [
      71.60842895507812,
      1115.2493896484375,
      1244.248291015625,
      2964.486572265625,
      3058.431396484375,
      3142.0595703125,
      3212.455078125,
      3345.2041015625,
      3690.010986328125,
      3825.929931640625,
      4465.22265625,
      5750.70068359375,
      10358.173828125
    ],
    [
      71.75801849365234,
      1103.8817138671875,
      1231.869384765625,
      3357.962890625,
      3366.193603515625,
      3328.656005859375,
      3375.860595703125,
      3487.503173828125,
      3613.296630859375,
      3766.299072265625,
      4263.43359375,
      5406.4375,
      9688.6669921875
    ],
    [
      69.96076965332031,
      1072.9937744140625,
      1195.1085205078125,
      2807.73583984375,
      2848.571533203125,
      2886.27099609375,
      2949.47900390625,
      3064.84423828125,
      3246.984130859375,
      3590.521240234375,
      3995.092041015625,
      5134.31787109375,
      7596.7763671875
    ],
    [
      70.75146484375,
      1119.5872802734375,
      1209.0623779296875,
      3264.101318359375,
      3289.2890625,
      3257.74267578125,
      3301.293701171875,
      3347.010009765625,
      3520.959716796875,
      3723.041259765625,
      4180.55419921875,
      5389.6689453125,
      10699.2490234375
    ],
    [
      71.9738998413086,
      1107.28076171875,
      1242.5133056640625,
      2856.105224609375,
      2910.89892578125,
      2954.9970703125,
      2960.963623046875,
      3105.307373046875,
      3399.62353515625,
      3635.468017578125,
      4214.26953125,
      5290.3525390625,
      10276.5966796875
    ],
    [
      71.5245132446289,
      1111.17919921875,
      1222.800048828125,
      3511.04736328125,
      3447.510986328125,
      3393.880859375,
      3376.654052734375,
      3436.322998046875,
      3686.505859375,
      3882.121826171875,
      4187.0400390625,
      5436.9541015625,
      9168.513671875
    ],
    [
      71.89740753173828,
      1073.3787841796875,
      1249.262451171875,
      2778.93408203125,
      2892.90869140625,
      3006.852294921875,
      3060.028564453125,
      3365.27734375,
      3688.853271484375,
      4105.23291015625,
      4640.01171875,
      6181.58056640625,
      11538.5791015625
    ],
    [
      70.76575469970703,
      1082.654541015625,
      1258.2589111328125,
      3527.85693359375,
      3503.76123046875,
      3516.411865234375,
      3518.435791015625,
      3626.388671875,
      3812.203369140625,
      3961.4033203125,
      4439.27392578125,
      5470.13037109375,
      9841.8359375
    ],
    [
      70.81363677978516,
      1100.662109375,
      1205.41357421875,
      2771.032470703125,
      2863.21337890625,
      2865.8232421875,
      2905.76953125,
      3011.892333984375,
      3233.063232421875,
      3481.83740234375,
      4045.082275390625,
      5643.064453125,
      10515.08203125
    ],
    [
      72.58641815185547,
      1110.2882080078125,
      1234.6986083984375,
      3916.77099609375,
      3878.637451171875,
      3847.672607421875,
      3820.799560546875,
      3890.06689453125,
      4003.052490234375,
      4118.06494140625,
      4439.1396484375,
      5558.81591796875,
      9980.5341796875
    ],
    [
      73.29633331298828,
      1115.530029296875,
      1247.573486328125,
      3095.029541015625,
      3151.94091796875,
      3202.18701171875,
      3285.705078125,
      3521.7353515625,
      3765.250244140625,
      3954.88037109375,
      4650.99755859375,
      6019.63720703125,
      10458.0546875
    ],
    [
      70.76681518554688,
