{
  "arch": "mhc",
  "alpha": 1.0,
  "seed": 4,
  "nll": 7.682024046778679,
  "n_attn_layers": 12,
  "mean_v_norm": 484.8809067408244,
  "wallclock_s": 3.9402008056640625
}