{
  "arch": "mhc",
  "alpha": 5.0,
  "seed": 4,
  "nll": 11.460736155509949,
  "n_attn_layers": 12,
  "mean_v_norm": 536.7777423858643,
  "wallclock_s": 3.974705934524536
}