{
  "arch": "hc",
  "alpha": 2.0,
  "seed": 1,
  "nll": 10.082759439945221,
  "n_attn_layers": 12,
  "mean_v_norm": 513.27867714564,
  "wallclock_s": 2.526400089263916
}