{
  "arch": "hc",
  "alpha": 10.0,
  "seed": 1,
  "nll": 11.691747158765793,
  "n_attn_layers": 12,
  "mean_v_norm": 530.3264061609904,
  "wallclock_s": 2.5294699668884277
}