{
  "arch": "hc",
  "alpha": 1.5,
  "seed": 1,
  "nll": 9.308378025889397,
  "n_attn_layers": 12,
  "mean_v_norm": 498.43904185295105,
  "wallclock_s": 2.8332979679107666,
  "per_layer_norms_per_seg": [
    [
      73.24779510498047,
      1125.22412109375,
      1237.86669921875,
      2881.474365234375,
      3001.1015625,
      3012.8193359375,
      3099.105712890625,
      3219.514892578125,
      3465.648193359375,
      3710.9912109375,
      4165.84375,
      5626.7978515625,
      10862.8486328125
    ],
    [
      70.76223754882812,
      1113.2178955078125,
      1215.5611572265625,
      2686.011474609375,
      2782.94970703125,
      2849.65283203125,
      3082.776611328125,
      3168.33349609375,
      3424.6904296875,
      3733.97265625,
      4436.00439453125,
      5983.1962890625,
      9065.9482421875
    ],
    [
      70.58892822265625,
      1104.1600341796875,
      1234.35107421875,
      3281.579833984375,
      3266.92919921875,
      3251.223388671875,
      3286.760009765625,
      3345.94091796875,
      3467.164306640625,
      3656.998779296875,
      4050.93310546875,
      5267.90966796875,
      9558.11328125
    ],
    [
      72.2454605102539,
      1111.267333984375,
      1234.7952880859375,
      3488.922119140625,
      3559.24609375,
      3538.7841796875,
      3555.072509765625,
      3629.520263671875,
      3847.57177734375,
      4045.885986328125,
      4573.8583984375,
      5740.10595703125,
      10390.2958984375
    ],
    [
      72.68002319335938,
      1109.8531494140625,
      1259.934814453125,
      2906.11474609375,
      2973.77978515625,
      3044.571533203125,
      3127.19970703125,
      3248.94970703125,
      3548.64013671875,
      3743.7080078125,
      4276.947265625,
      5718.1591796875,
      10307.462890625
    ],
    [
      72.47300720214844,
      1109.352294921875,
      1226.4901123046875,
      3195.910400390625,
      3238.975341796875,
      3296.0009765625,
      3383.02294921875,
      3493.15771484375,
      3726.909423828125,
      3867.898681640625,
      4419.83740234375,
      5723.181640625,
      10589.2275390625
    ],
    [
      72.6986083984375,
      1126.6925048828125,
      1241.416748046875,
      2871.247802734375,
      2925.3017578125,
      2934.923583984375,
      3038.726318359375,
      3153.075439453125,
      3342.36962890625,
      3699.140869140625,
      4109.541015625,
      5456.798828125,
      9530.294921875
    ],
    [
      72.3822021484375,
      1128.109375,
      1237.102294921875,
      2649.640625,
      2738.027099609375,
      2813.848876953125,
      2917.098876953125,
      3136.274658203125,
      3702.114501953125,
      3746.566650390625,
      4915.20068359375,
      6572.818359375,
      11637.5703125
    ],
    [
      72.20132446289062,
      1110.64599609375,
      1221.8602294921875,
      2666.98046875,
      2767.846435546875,
      2776.322021484375,
      2858.583740234375,
      3012.7587890625,
      3260.131103515625,
      3532.862060546875,
      4036.833740234375,
      5701.2470703125,
      11933.611328125
    ],
    [
      73.9547348022461,
      1119.8704833984375,
      1265.1370849609375,
      3004.8115234375,
      3044.36669921875,
      3053.6435546875,
      3106.705078125,
      3274.89013671875,
      3530.921875,
      3795.9765625,
      4273.9931640625,
      5870.41015625,
      9974.96875
    ],
    [
      72.18881225585938,
      1099.761962890625,
      1253.005126953125,
      3200.930419921875,
      3279.635986328125,
      3284.876220703125,
      3325.61865234375,
      3474.117431640625,
      3663.59326171875,
      3858.65380859375,
      4325.705078125,
      5559.54296875,
      9750.3388671875
    ],
    [
      72.08097076416016,
      1129.6568603515625,
      1244.3043212890625,
      3891.05615234375,
      3814.472900390625,
      3723.0478515625,
      3700.68310546875,
      3757.380126953125,
      3937.048828125,
      4169.4296875,
      4503.587890625,
      5627.58349609375,
      9749.70703125
    ],
    [
      71.5580825805664,
      1106.4598388671875,
      1242.2867431640625,
      3023.593994140625,
      3067.98291015625,
      3139.467041015625,
      3221.7529296875,
      3423.972900390625,
      3655.616455078125,
      3760.24169921875,
      4281.72119140625,
      5708.60205078125,
      9449.212890625
    ],
    [
      71.60842895507812,
      1111.7816162109375,
      1227.5018310546875,
      2880.4970703125,
      2867.754150390625,
      2924.55517578125,
      2989.56884765625,
      3134.12646484375,
      3396.461181640625,
      3574.77099609375,
      4219.14794921875,
      5590.15478515625,
      9917.7626953125
    ],
    [
      71.75801849365234,
      1120.939453125,
      1228.499267578125,
      3472.113525390625,
      3443.572509765625,
      3398.49072265625,
      3409.766357421875,
      3471.790771484375,
      3580.697509765625,
      3801.89404296875,
      4251.43505859375,
      5278.71240234375,
      10240.935546875
    ],
    [
      69.96076965332031,
      1074.627685546875,
      1197.6187744140625,
      2973.783203125,
      2994.01513671875,
      2990.421630859375,
      3002.796142578125,
      3028.488525390625,
      3207.169921875,
      3496.55859375,
      3978.76123046875,
      5136.33349609375,
      9815.5537109375
    ],
    [
      70.75146484375,
      1140.4747314453125,
      1253.3433837890625,
      2935.703369140625,
      2965.508056640625,
      2997.878173828125,
      3041.4833984375,
      3118.69482421875,
      3379.765625,
      3495.469970703125,
      3983.667724609375,
      5418.18701171875,
      11538.171875
    ],
    [
      71.9738998413086,
      1115.676025390625,
      1240.62744140625,
      2764.58544921875,
      2866.2626953125,
      2946.88525390625,
      3067.68359375,
      3511.00537109375,
      3684.697021484375,
      3930.42919921875,
      4708.49169921875,
      5807.36083984375,
      10102.0546875
    ],
    [
      71.5245132446289,
      1116.040283203125,
      1227.409423828125,
      3836.843017578125,
      3791.208740234375,
      3767.10595703125,
      3759.7568359375,
      3855.778076171875,
      4034.92041015625,
      4190.93017578125,
      4569.72119140625,
      5692.46337890625,
      11020.6875
    ],
    [
      71.89740753173828,
      1107.3558349609375,
      1223.49365234375,
      3195.240478515625,
      3258.01513671875,
      3266.8955078125,
      3267.43505859375,
      3458.118896484375,
      3800.619140625,
      4089.803466796875,
      4531.95947265625,
      5725.97998046875,
      8524.2939453125
    ],
    [
      70.76575469970703,
      1108.0517578125,
      1251.4268798828125,
      2938.845703125,
      3010.190673828125,
      3048.466064453125,
      3108.18212890625,
      3320.15380859375,
      3602.763427734375,
      3799.737060546875,
      4523.13427734375,
      5938.00390625,
      10787.072265625
    ],
    [
      70.81363677978516,
      1110.073486328125,
      1249.7867431640625,
      2949.2705078125,
      3010.5517578125,
      3077.302978515625,
      3099.38232421875,
      3247.330810546875,
      3482.966552734375,
      3737.388916015625,
      4298.58642578125,
      5542.80078125,
      9616.283203125
    ],
    [
      72.58641815185547,
      1140.677978515625,
      1221.33056640625,
      3797.8154296875,
      3773.321044921875,
      3693.703857421875,
      3690.380126953125,
      3696.7138671875,
      3837.501708984375,
      3931.806396484375,
      4234.40673828125,
      5089.43603515625,
      7564.7744140625
    ],
    [
      73.29633331298828,
      1130.9578857421875,
      1270.6436767578125,
      3291.43701171875,
      3320.096923828125,
      3366.5712890625,
      3416.011962890625,
      3532.969482421875,
      3677.65869140625,
      3912.74072265625,
      4372.486328125,
      5686.142578125,
      8550.0615234375
    ],
    [
      70.76681518554688,
