{
  "arch": "hc",
  "alpha": 1.0,
  "seed": 1,
  "nll": 7.629898980259895,
  "n_attn_layers": 12,
  "mean_v_norm": 483.81468121210736,
  "wallclock_s": 2.543553113937378
}