{
  "arch": "hc",
  "alpha": 0.05,
  "seed": 1,
  "nll": 6.5449962466955185,
  "n_attn_layers": 12,
  "mean_v_norm": 474.730406443278,
  "wallclock_s": 2.538818120956421
}