experiment,phase,variant,n,recall_at_1,mean_margin,ci_lo,ci_hi,median_margin,js_drift,kl_drift,mean_target_rank
exp8_mhc_smoothed_pre_rope,phase_a_kappa_0_25,correct_bank,600,0.0,-0.407751384973526,-0.6239294302463532,-0.19838950534661612,-0.5738739967346191,0.3629755723103881,3.213686110973358,15157.058333333332
exp8_mhc_smoothed_pre_rope,phase_a_kappa_0_25,shuffled_bank,600,0.0,-0.48900168697039287,-0.7019367800156275,-0.2767281490564346,-0.6242251396179199,0.3631290146522224,3.213491581082344,15782.346666666666
exp8_mhc_smoothed_pre_rope,phase_a_kappa_0_25,random_kv,600,0.0,-0.24889042139053344,-0.45829279979070026,-0.043197654088338214,-0.2543020248413086,0.32958589810878036,2.2466548225283622,9083.825
exp8_mhc_smoothed_pre_rope,phase_a_kappa_0_25,correct_K_random_V,600,0.0,-0.31435144166151685,-0.516543963154157,-0.1199165540933609,-0.45829105377197266,0.3620821631886065,3.2334269060194494,14289.455
exp8_mhc_smoothed_pre_rope,phase_a_kappa_0_25,random_K_correct_V,600,0.0,-0.3499379698435465,-0.5685608990987142,-0.13656856218973795,-0.23711585998535156,0.31898213211447,2.203957845469316,9422.678333333333
