experiment,phase,variant,n,recall_at_1,mean_margin,ci_lo,ci_hi,median_margin,js_drift,kl_drift,mean_target_rank
exp8_mhc_smoothed_pre_rope,phase_c_alpha_0_20,correct_bank,600,0.0,-0.5625075395901998,-0.7818527968724569,-0.3444140326976776,-0.45058584213256836,0.36372023168951273,3.254678956270218,13768.306666666667
exp8_mhc_smoothed_pre_rope,phase_c_alpha_0_20,random_kv,600,0.0,-0.2777979362010956,-0.48936070283253985,-0.06872597177823385,-0.22654008865356445,0.3288574627165993,2.239838179896275,9475.338333333333
exp8_mhc_smoothed_pre_rope,phase_c_alpha_0_20,random_K_correct_V,600,0.0,-0.2816852307319641,-0.5123488585154216,-0.05636639595031738,-0.2611517906188965,0.3181756719822685,2.189336858441432,9824.711666666666
