experiment,phase,variant,n,recall_at_1,mean_margin,ci_lo,ci_hi,median_margin,js_drift,kl_drift,mean_target_rank
exp8_mhc_smoothed_pre_rope,phase_a_kappa_1_00,correct_bank,600,0.0,-0.5137474310398101,-0.7393263419469197,-0.29753117442131044,-0.45660400390625,0.36372023168951273,3.254678956270218,13892.86
exp8_mhc_smoothed_pre_rope,phase_a_kappa_1_00,shuffled_bank,600,0.0,-0.544088230530421,-0.7649920217196147,-0.3303226828575134,-0.47870779037475586,0.3657090418972075,3.2950967014580965,14298.376666666667
exp8_mhc_smoothed_pre_rope,phase_a_kappa_1_00,random_kv,600,0.0,-0.2734850231806437,-0.48509408553441363,-0.06173232634862264,-0.25292396545410156,0.3290056847780943,2.2405952316025894,9570.418333333333
exp8_mhc_smoothed_pre_rope,phase_a_kappa_1_00,correct_K_random_V,600,0.0,-0.3751013133923213,-0.5827408121029536,-0.1796811503171921,-0.48249101638793945,0.3610560803239544,3.1874488548437756,14110.768333333333
exp8_mhc_smoothed_pre_rope,phase_a_kappa_1_00,random_K_correct_V,600,0.0,-0.2997809020678202,-0.5234184416135153,-0.07621412595113118,-0.18330907821655273,0.31878666901340086,2.2027451167503993,9314.47
