experiment,phase,variant,n,recall_at_1,mean_margin,ci_lo,ci_hi,median_margin,js_drift,kl_drift,mean_target_rank
exp8_mhc_smoothed_pre_rope,phase_c_alpha_0_10,correct_bank,600,0.0,-0.5312045022845269,-0.7433136524756749,-0.3185470744967461,-0.6135821342468262,0.3650329448655248,3.2598800356686115,15409.405
exp8_mhc_smoothed_pre_rope,phase_c_alpha_0_10,random_kv,600,0.0,-0.245016344388326,-0.4689321621259053,-0.030888066291809083,-0.18328046798706055,0.32910828144599996,2.2374984315037727,9189.778333333334
exp8_mhc_smoothed_pre_rope,phase_c_alpha_0_10,random_K_correct_V,600,0.0,-0.307809587319692,-0.5219924815495809,-0.09760644435882568,-0.1822643280029297,0.31812429228176675,2.1864458589752513,9139.813333333334
