experiment,phase,variant,n,recall_at_1,mean_margin,ci_lo,ci_hi,median_margin,js_drift,kl_drift,mean_target_rank
exp8_mhc_smoothed_pre_rope,phase_c_alpha_1_00,correct_bank,600,0.0,-0.7242062731583914,-0.937525887688001,-0.5180455428361893,-0.6382496356964111,0.3614601754024625,3.1973174600303174,8532.476666666667
exp8_mhc_smoothed_pre_rope,phase_c_alpha_1_00,random_kv,600,0.0,-0.26263303677241007,-0.5042393406232198,-0.027183205286661783,-0.25818443298339844,0.3286824412023028,2.237584963689248,9756.69
exp8_mhc_smoothed_pre_rope,phase_c_alpha_1_00,random_K_correct_V,600,0.0,-0.2689308202266693,-0.5797227426369985,0.028831586440404258,-0.22675418853759766,0.3185615100959937,2.1937205092112224,17065.945
