{
  "variant": "h4_zero_bank",
  "seed": 0,
  "model": "Qwen/Qwen3-4B-Instruct-2507",
  "n_train": 120,
  "n_test": 120,
  "n_preload": 512,
  "bank_layer": 9,
  "rank": 64,
  "lr": 0.0002,
  "steps": 200,
  "before": {
    "base": 11.997906438509624,
    "real": 12.012680963675182,
    "rand": 12.004936118920645,
    "zero": 11.999729323387147,
    "off": 11.997906438509624
  },
  "after": {
    "base": 11.997906438509624,
    "real": 8.10107657512029,
    "rand": 12.007676243782043,
    "zero": 11.999729323387147,
    "off": 11.997906438509624
  },
  "verdict": {
    "pass": true,
    "rule": "post_zero ~= base \u00b10.05"
  },
  "loss_first25": [
    10.954323768615723,
    11.429424285888672,
    11.783945083618164,
    9.94798469543457,
    10.346824645996094,
    12.781638145446777,
    11.297347068786621,
    10.254109382629395,
    9.341846466064453,
    9.574532508850098,
    10.452831268310547,
    12.251830101013184,
    14.76806354522705,
    12.72777271270752,
    10.380292892456055,
    15.36553955078125,
    9.65296459197998,
    14.926671981811523,
    7.542688369750977,
    9.841108322143555,
    11.962603569030762,
    9.379457473754883,
    16.157346725463867,
    9.133026123046875,
    10.093358993530273
  ],
  "loss_last25": [
    9.330968856811523,
    13.551187515258789,
    7.448949813842773,
    6.6747894287109375,
    5.51805305480957,
    12.240931510925293,
    7.637261390686035,
    8.617353439331055,
    11.051328659057617,
    6.677239418029785,
    3.8843488693237305,
    4.816740036010742,
    8.053487777709961,
    11.53808879852295,
    6.382817268371582,
    2.4511475563049316,
    4.922987937927246,
    12.566442489624023,
    9.663991928100586,
    6.204372406005859,
    5.160594940185547,
    3.470043897628784,
    8.72968864440918,
    8.13421630859375,
    3.864082098007202
  ],
  "n_train_params": 419876,
  "gate_stats_sample": {
    "layer0": {
      "w_norm": 0.0,
      "b": 0.0
    },
    "layer1": {
      "w_norm": 0.0,
      "b": 0.0
    },
    "layer2": {
      "w_norm": 0.0,
      "b": 0.0
    },
    "layer3": {
      "w_norm": 0.0,
      "b": 0.0
    },
    "layer4": {
      "w_norm": 0.0,
      "b": 0.0
    },
    "layer5": {
      "w_norm": 0.0,
      "b": 0.0
    }
  }
}