{
  "variant": "h2c_collapsed_bank",
  "seed": 0,
  "model": "Qwen/Qwen3-4B-Instruct-2507",
  "n_train": 120,
  "n_test": 120,
  "n_preload": 512,
  "bank_layer": 9,
  "rank": 64,
  "lr": 0.0002,
  "steps": 200,
  "before": {
    "base": 11.997906438509624,
    "real": 12.03003298441569,
    "rand": 12.000747736295065,
    "zero": 11.999729323387147,
    "off": 11.997906438509624
  },
  "after": {
    "base": 11.997906438509624,
    "real": 7.18930913930138,
    "rand": 12.013819261391957,
    "zero": 11.999729323387147,
    "off": 11.997906438509624
  },
  "verdict": {
    "pass": false,
    "rule": "collapsed (single-row) bank should NOT match real (gap >=4.0)"
  },
  "loss_first25": [
    10.80546760559082,
    11.248249053955078,
    11.713150024414062,
    10.005773544311523,
    10.345393180847168,
    12.884561538696289,
    11.266754150390625,
    10.278131484985352,
    9.25172233581543,
    9.577436447143555,
    10.529132843017578,
    12.22634506225586,
    14.315099716186523,
    12.744132041931152,
    10.483271598815918,
    15.414202690124512,
    9.533409118652344,
    15.167686462402344,
    7.487278938293457,
    9.656730651855469,
    12.053464889526367,
    9.216286659240723,
    15.994955062866211,
    9.066263198852539,
    10.153240203857422
  ],
  "loss_last25": [
    6.434764862060547,
    13.610475540161133,
    5.222940921783447,
    4.949628829956055,
    1.8500120639801025,
    10.607290267944336,
    2.7936062812805176,
    8.628850936889648,
    11.544245719909668,
    7.436166763305664,
    2.7871861457824707,
    1.7105433940887451,
    10.917396545410156,
    5.783849716186523,
    2.9467761516571045,
    2.0184714794158936,
    3.168618679046631,
    15.849164009094238,
    10.404229164123535,
    3.7461936473846436,
    4.91983699798584,
    2.938570499420166,
    8.945075035095215,
    8.9282808303833,
    1.0806561708450317
  ],
  "n_train_params": 419876,
  "gate_stats_sample": {
    "layer0": {
      "w_norm": 0.0,
      "b": 0.0
    },
    "layer1": {
      "w_norm": 0.0,
      "b": 0.0
    },
    "layer2": {
      "w_norm": 0.0,
      "b": 0.0
    },
    "layer3": {
      "w_norm": 0.0,
      "b": 0.0
    },
    "layer4": {
      "w_norm": 0.0,
      "b": 0.0
    },
    "layer5": {
      "w_norm": 0.0,
      "b": 0.0
    }
  }
}