{
  "variant": "h3_disjoint_split",
  "seed": 0,
  "model": "Qwen/Qwen3-4B-Instruct-2507",
  "n_train": 120,
  "n_test": 120,
  "n_preload": 512,
  "bank_layer": 9,
  "rank": 64,
  "lr": 0.0002,
  "steps": 200,
  "before": {
    "base": 12.721663443247477,
    "real": 12.804023083051046,
    "rand": 12.759070205688477,
    "zero": 12.739211118221283,
    "off": 12.721663443247477
  },
  "after": {
    "base": 12.721663443247477,
    "real": 10.028385939697424,
    "rand": 12.753486239910126,
    "zero": 12.739211118221283,
    "off": 12.721663443247477
  },
  "verdict": {
    "pass": true,
    "rule": "\u0394 NLL <= -1.0 even with disjoint split"
  },
  "loss_first25": [
    11.421789169311523,
    9.658651351928711,
    10.92226791381836,
    8.696718215942383,
    13.894352912902832,
    12.644485473632812,
    10.027815818786621,
    16.02348518371582,
    10.0552396774292,
    11.08795166015625,
    12.988194465637207,
    13.765335083007812,
    12.693142890930176,
    13.438474655151367,
    13.925127029418945,
    12.714978218078613,
    12.81486701965332,
    13.46924877166748,
    12.857913970947266,
    13.520700454711914,
    10.984114646911621,
    9.052409172058105,
    12.07723617553711,
    9.023265838623047,
    14.89334774017334
  ],
  "loss_last25": [
    1.4047757387161255,
    15.173384666442871,
    11.829790115356445,
    6.1767072677612305,
    6.560201644897461,
    11.247635841369629,
    1.3730388879776,
    11.877449035644531,
    5.1459760665893555,
    2.86440110206604,
    0.5450184345245361,
    4.193557262420654,
    3.2406368255615234,
    3.420330286026001,
    6.5969696044921875,
    5.614859104156494,
    2.950122594833374,
    8.868432998657227,
    9.150810241699219,
    8.716407775878906,
    0.2339419573545456,
    0.6875101327896118,
    14.884210586547852,
    0.9594987034797668,
    5.042084693908691
  ],
  "n_train_params": 419876,
  "gate_stats_sample": {
    "layer0": {
      "w_norm": 0.0,
      "b": 0.0
    },
    "layer1": {
      "w_norm": 0.0,
      "b": 0.0
    },
    "layer2": {
      "w_norm": 0.0,
      "b": 0.0
    },
    "layer3": {
      "w_norm": 0.0,
      "b": 0.0
    },
    "layer4": {
      "w_norm": 0.0,
      "b": 0.0
    },
    "layer5": {
      "w_norm": 0.0,
      "b": 0.0
    }
  }
}