{
  "variant": "h2_shuffle_b",
  "seed": 0,
  "model": "Qwen/Qwen3-4B-Instruct-2507",
  "n_train": 120,
  "n_test": 120,
  "n_preload": 512,
  "bank_layer": 9,
  "rank": 64,
  "lr": 0.0002,
  "steps": 200,
  "before": {
    "base": 11.997906438509624,
    "real": 12.00883424282074,
    "rand": 12.013041349252065,
    "zero": 11.999729323387147,
    "off": 11.997906438509624
  },
  "after": {
    "base": 11.997906438509624,
    "real": 7.382977016596124,
    "rand": 11.995923316478729,
    "zero": 11.999729323387147,
    "off": 11.997906438509624
  },
  "verdict": {
    "pass": false,
    "rule": "post_real degrades >=4.0 vs B2 baseline 6.30"
  },
  "loss_first25": [
    11.039073944091797,
    11.40733528137207,
    11.760313034057617,
    9.981531143188477,
    10.229127883911133,
    12.77413558959961,
    11.296823501586914,
    10.24220085144043,
    9.451603889465332,
    9.548371315002441,
    10.489876747131348,
    12.20037841796875,
    14.935328483581543,
    12.78071117401123,
    10.1761474609375,
    15.167642593383789,
    9.811408996582031,
    14.916783332824707,
    7.758225440979004,
    9.997377395629883,
    12.019545555114746,
    9.943408966064453,
    16.29635238647461,
    9.990400314331055,
    9.652570724487305
  ],
  "loss_last25": [
    6.883955001831055,
    13.060009956359863,
    8.15072250366211,
    4.828446388244629,
    3.7148923873901367,
    13.105788230895996,
    1.6241936683654785,
    6.8856587409973145,
    13.36826229095459,
    3.8162922859191895,
    1.9860057830810547,
    2.5017263889312744,
    9.486429214477539,
    11.323226928710938,
    1.8817847967147827,
    1.6045209169387817,
    4.092815399169922,
    12.593515396118164,
    10.166681289672852,
    3.5764706134796143,
    2.585980176925659,
    1.0198748111724854,
    7.136469841003418,
    7.6567182540893555,
    1.4021680355072021
  ],
  "n_train_params": 419876,
  "gate_stats_sample": {
    "layer0": {
      "w_norm": 0.0,
      "b": 0.0
    },
    "layer1": {
      "w_norm": 0.0,
      "b": 0.0
    },
    "layer2": {
      "w_norm": 0.0,
      "b": 0.0
    },
    "layer3": {
      "w_norm": 0.0,
      "b": 0.0
    },
    "layer4": {
      "w_norm": 0.0,
      "b": 0.0
    },
    "layer5": {
      "w_norm": 0.0,
      "b": 0.0
    }
  }
}