{
  "variant": "canonical",
  "seed": 2,
  "model": "Qwen/Qwen3-4B-Instruct-2507",
  "n_train": 120,
  "n_test": 120,
  "n_preload": 512,
  "bank_layer": 9,
  "rank": 64,
  "lr": 0.0002,
  "steps": 200,
  "before": {
    "base": 12.020033383369446,
    "real": 11.935460615158082,
    "rand": 11.931511704126994,
    "zero": 11.983037960529327,
    "off": 12.020033383369446
  },
  "after": {
    "base": 12.020033383369446,
    "real": 6.023696053974951,
    "rand": 11.922750449180603,
    "zero": 11.983037960529327,
    "off": 12.020033383369446
  },
  "verdict": {
    "pass": true,
    "rule": "B2 canonical reproduce: \u0394 NLL <= -5.0"
  },
  "loss_first25": [
    9.995189666748047,
    13.893651008605957,
    7.916992664337158,
    7.708475112915039,
    9.865372657775879,
    11.858013153076172,
    11.302131652832031,
    12.93016242980957,
    12.448359489440918,
    12.398019790649414,
    15.795109748840332,
    13.815642356872559,
    10.343817710876465,
    11.23264217376709,
    15.345916748046875,
    12.711519241333008,
    15.3177490234375,
    9.568209648132324,
    9.545207977294922,
    8.415384292602539,
    11.765413284301758,
    12.470958709716797,
    10.375411033630371,
    8.557709693908691,
    14.371786117553711
  ],
  "loss_last25": [
    10.341806411743164,
    10.916877746582031,
    8.570433616638184,
    10.127435684204102,
    2.6522579193115234,
    5.388445854187012,
    0.7501389384269714,
    4.572920322418213,
    5.006631374359131,
    3.8271725177764893,
    5.127857208251953,
    2.351386308670044,
    0.5298749208450317,
    6.202574729919434,
    6.047558784484863,
    8.459796905517578,
    7.447417259216309,
    9.495800018310547,
    2.822874069213867,
    3.8839972019195557,
    9.278335571289062,
    7.57425594329834,
    0.4962952435016632,
    2.0041582584381104,
    1.6755980253219604
  ],
  "n_train_params": 419876,
  "gate_stats_sample": {
    "layer0": {
      "w_norm": 0.0,
      "b": 0.0
    },
    "layer1": {
      "w_norm": 0.0,
      "b": 0.0
    },
    "layer2": {
      "w_norm": 0.0,
      "b": 0.0
    },
    "layer3": {
      "w_norm": 0.0,
      "b": 0.0
    },
    "layer4": {
      "w_norm": 0.0,
      "b": 0.0
    },
    "layer5": {
      "w_norm": 0.0,
      "b": 0.0
    }
  }
}