{
  "variant": "canonical",
  "seed": 1,
  "model": "Qwen/Qwen3-4B-Instruct-2507",
  "n_train": 120,
  "n_test": 120,
  "n_preload": 512,
  "bank_layer": 9,
  "rank": 64,
  "lr": 0.0002,
  "steps": 200,
  "before": {
    "base": 11.837605905532836,
    "real": 11.759087129433949,
    "rand": 11.78533544143041,
    "zero": 11.822575994332631,
    "off": 11.837605905532836
  },
  "after": {
    "base": 11.837605905532836,
    "real": 6.442733745028575,
    "rand": 11.767345734437306,
    "zero": 11.822575994332631,
    "off": 11.837605905532836
  },
  "verdict": {
    "pass": true,
    "rule": "B2 canonical reproduce: \u0394 NLL <= -5.0"
  },
  "loss_first25": [
    10.816810607910156,
    14.866521835327148,
    15.302997589111328,
    11.299376487731934,
    8.066947937011719,
    11.598448753356934,
    7.315177917480469,
    11.805744171142578,
    12.252496719360352,
    7.911106109619141,
    16.789840698242188,
    7.258793830871582,
    14.366449356079102,
    8.859461784362793,
    13.739774703979492,
    10.056502342224121,
    11.4004487991333,
    14.035794258117676,
    11.604103088378906,
    15.377287864685059,
    9.87709903717041,
    10.31884479522705,
    9.992639541625977,
    12.29004955291748,
    7.726031303405762
  ],
  "loss_last25": [
    4.793845176696777,
    4.679481506347656,
    11.870966911315918,
    7.323846817016602,
    12.625300407409668,
    11.181812286376953,
    5.770737171173096,
    2.814499855041504,
    5.672284126281738,
    8.930509567260742,
    4.744541645050049,
    0.10349736362695694,
    12.09409236907959,
    5.420371055603027,
    4.208313941955566,
    8.355232238769531,
    5.238007545471191,
    13.520711898803711,
    5.858283519744873,
    3.675316095352173,
    10.296076774597168,
    13.177589416503906,
    6.242248058319092,
    4.153307914733887,
    5.050133228302002
  ],
  "n_train_params": 419876,
  "gate_stats_sample": {
    "layer0": {
      "w_norm": 0.0,
      "b": 0.0
    },
    "layer1": {
      "w_norm": 0.0,
      "b": 0.0
    },
    "layer2": {
      "w_norm": 0.0,
      "b": 0.0
    },
    "layer3": {
      "w_norm": 0.0,
      "b": 0.0
    },
    "layer4": {
      "w_norm": 0.0,
      "b": 0.0
    },
    "layer5": {
      "w_norm": 0.0,
      "b": 0.0
    }
  }
}