{
  "variant": "canonical",
  "seed": 2,
  "model": "Qwen/Qwen3-4B-Instruct-2507",
  "n_train": 120,
  "n_test": 120,
  "n_preload": 512,
  "bank_layer": 21,
  "rank": 64,
  "lr": 0.0002,
  "steps": 200,
  "before": {
    "base": 12.020033383369446,
    "real": 11.942530290285747,
    "rand": 11.947492484251658,
    "zero": 11.995776482423146,
    "off": 12.020033383369446
  },
  "after": {
    "base": 12.020033383369446,
    "real": 5.496385030758877,
    "rand": 11.953614743550618,
    "zero": 11.995776482423146,
    "off": 12.020033383369446
  },
  "verdict": {
    "pass": true,
    "rule": "B2 canonical reproduce: \u0394 NLL <= -5.0"
  },
  "loss_first25": [
    9.9772310256958,
    13.821685791015625,
    7.5090131759643555,
    7.572042942047119,
    9.922212600708008,
    12.086456298828125,
    11.427179336547852,
    12.747590065002441,
    11.766257286071777,
    12.43736457824707,
    15.870768547058105,
    14.080338478088379,
    10.257454872131348,
    11.046743392944336,
    15.137016296386719,
    13.404791831970215,
    15.050639152526855,
    9.764730453491211,
    9.577791213989258,
    7.943769454956055,
    11.369747161865234,
    12.34144115447998,
    10.837806701660156,
    8.634346008300781,
    14.38201904296875
  ],
  "loss_last25": [
    10.065711975097656,
    12.229697227478027,
    7.245212078094482,
    8.95389175415039,
    0.7856050729751587,
    5.510611057281494,
    0.43943941593170166,
    3.2854537963867188,
    3.2327721118927,
    3.272603988647461,
    3.9030723571777344,
    2.0881714820861816,
    0.2487742304801941,
    6.108120918273926,
    6.14565372467041,
    8.590043067932129,
    7.299727439880371,
    9.489521980285645,
    1.4222774505615234,
    0.9415064454078674,
    6.9635162353515625,
    6.825872421264648,
    1.0553351640701294,
    3.0445826053619385,
    0.20688284933567047
  ],
  "n_train_params": 419876,
  "gate_stats_sample": {
    "layer0": {
      "w_norm": 0.0,
      "b": 0.0
    },
    "layer1": {
      "w_norm": 0.0,
      "b": 0.0
    },
    "layer2": {
      "w_norm": 0.0,
      "b": 0.0
    },
    "layer3": {
      "w_norm": 0.0,
      "b": 0.0
    },
    "layer4": {
      "w_norm": 0.0,
      "b": 0.0
    },
    "layer5": {
      "w_norm": 0.0,
      "b": 0.0
    }
  }
}