{
  "variant": "h1_bank_off",
  "seed": 0,
  "model": "Qwen/Qwen3-4B-Instruct-2507",
  "n_train": 120,
  "n_test": 120,
  "n_preload": 512,
  "bank_layer": 9,
  "rank": 64,
  "lr": 0.0002,
  "steps": 200,
  "before": {
    "base": 11.997906438509624,
    "real": 12.012680963675182,
    "rand": 11.995198325316112,
    "zero": 11.999729323387147,
    "off": 11.997906438509624
  },
  "after": {
    "base": 11.997906438509624,
    "real": 8.085706665118535,
    "rand": 11.996725738048553,
    "zero": 11.999729323387147,
    "off": 11.997906438509624
  },
  "verdict": {
    "pass": true,
    "rule": "post_off >= base-0.05"
  },
  "loss_first25": [
    10.954323768615723,
    11.386151313781738,
    11.76282787322998,
    9.972105026245117,
    10.302888870239258,
    12.75503921508789,
    11.276988983154297,
    10.282760620117188,
    9.370704650878906,
    9.577582359313965,
    10.437379837036133,
    12.315361976623535,
    14.73819351196289,
    12.73655891418457,
    10.334434509277344,
    15.324756622314453,
    9.650476455688477,
    14.869745254516602,
    7.548511505126953,
    9.868484497070312,
    11.989428520202637,
    9.321151733398438,
    16.134811401367188,
    9.1971435546875,
    10.00433349609375
  ],
  "loss_last25": [
    8.810643196105957,
    13.360998153686523,
    7.692410469055176,
    6.4917988777160645,
    5.5406365394592285,
    12.348320960998535,
    6.291984558105469,
    8.634714126586914,
    11.364418029785156,
    5.737468719482422,
    4.404156684875488,
    4.592779636383057,
    8.29709529876709,
    7.44467830657959,
    5.84324836730957,
    2.557302951812744,
    5.512164115905762,
    13.41818618774414,
    10.5928316116333,
    6.528237342834473,
    5.457950592041016,
    4.653785228729248,
    9.545272827148438,
    7.749612808227539,
    3.0515100955963135
  ],
  "n_train_params": 419876,
  "gate_stats_sample": {
    "layer0": {
      "w_norm": 0.0,
      "b": 0.0
    },
    "layer1": {
      "w_norm": 0.0,
      "b": 0.0
    },
    "layer2": {
      "w_norm": 0.0,
      "b": 0.0
    },
    "layer3": {
      "w_norm": 0.0,
      "b": 0.0
    },
    "layer4": {
      "w_norm": 0.0,
      "b": 0.0
    },
    "layer5": {
      "w_norm": 0.0,
      "b": 0.0
    }
  }
}