{
  "variant": "canonical",
  "seed": 1,
  "model": "Qwen/Qwen3-4B-Instruct-2507",
  "n_train": 120,
  "n_test": 120,
  "n_preload": 512,
  "bank_layer": 21,
  "rank": 64,
  "lr": 0.0002,
  "steps": 200,
  "before": {
    "base": 11.837605905532836,
    "real": 11.760044487317403,
    "rand": 11.76095102628072,
    "zero": 11.823274540901185,
    "off": 11.837605905532836
  },
  "after": {
    "base": 11.837605905532836,
    "real": 5.296289475820958,
    "rand": 11.76881000995636,
    "zero": 11.823274540901185,
    "off": 11.837605905532836
  },
  "verdict": {
    "pass": true,
    "rule": "B2 canonical reproduce: \u0394 NLL <= -5.0"
  },
  "loss_first25": [
    10.861835479736328,
    14.766359329223633,
    14.95867919921875,
    11.190383911132812,
    7.945716857910156,
    11.601676940917969,
    7.45578670501709,
    11.963260650634766,
    12.086559295654297,
    7.8735151290893555,
    16.61542320251465,
    6.765756130218506,
    14.435550689697266,
    8.960105895996094,
    13.80678939819336,
    10.077031135559082,
    11.124239921569824,
    13.893400192260742,
    11.33315372467041,
    14.459596633911133,
    10.400362968444824,
    10.157617568969727,
    9.73831558227539,
    11.895214080810547,
    7.862337112426758
  ],
  "loss_last25": [
    0.2773171663284302,
    1.2694519758224487,
    6.249789237976074,
    1.0757203102111816,
    4.924409866333008,
    6.777958869934082,
    3.5678837299346924,
    0.977293848991394,
    2.19866943359375,
    5.035900592803955,
    3.925166606903076,
    0.47233033180236816,
    9.729430198669434,
    2.745028257369995,
    0.32551512122154236,
    10.107051849365234,
    2.0547571182250977,
    9.713890075683594,
    7.925539970397949,
    1.3253613710403442,
    7.309088706970215,
    7.510522842407227,
    9.739801406860352,
    0.42029455304145813,
    2.0132482051849365
  ],
  "n_train_params": 419876,
  "gate_stats_sample": {
    "layer0": {
      "w_norm": 0.0,
      "b": 0.0
    },
    "layer1": {
      "w_norm": 0.0,
      "b": 0.0
    },
    "layer2": {
      "w_norm": 0.0,
      "b": 0.0
    },
    "layer3": {
      "w_norm": 0.0,
      "b": 0.0
    },
    "layer4": {
      "w_norm": 0.0,
      "b": 0.0
    },
    "layer5": {
      "w_norm": 0.0,
      "b": 0.0
    }
  }
}