{
  "variant": "canonical",
  "seed": 0,
  "model": "Qwen/Qwen3-4B-Instruct-2507",
  "n_train": 120,
  "n_test": 120,
  "n_preload": 512,
  "bank_layer": 9,
  "rank": 64,
  "lr": 0.0002,
  "steps": 200,
  "before": {
    "base": 11.997906438509624,
    "real": 12.012680963675182,
    "rand": 12.007368874549865,
    "zero": 11.999729323387147,
    "off": 11.997906438509624
  },
  "after": {
    "base": 11.997906438509624,
    "real": 8.102032576004664,
    "rand": 11.995689622561137,
    "zero": 11.999729323387147,
    "off": 11.997906438509624
  },
  "verdict": {
    "pass": false,
    "rule": "B2 canonical reproduce: \u0394 NLL <= -5.0"
  },
  "loss_first25": [
    10.954323768615723,
    11.42052936553955,
    11.75882339477539,
    9.908127784729004,
    10.341215133666992,
    12.765883445739746,
    11.266751289367676,
    10.277934074401855,
    9.40703010559082,
    9.544939041137695,
    10.401029586791992,
    12.210243225097656,
    14.710650444030762,
    12.736652374267578,
    10.316962242126465,
    15.383137702941895,
    9.693002700805664,
    14.845816612243652,
    7.606019020080566,
    9.800674438476562,
    12.00007152557373,
    9.351136207580566,
    16.195056915283203,
    9.223268508911133,
    10.023019790649414
  ],
  "loss_last25": [
    7.664516925811768,
    14.217824935913086,
    9.129857063293457,
    7.656185150146484,
    6.024269104003906,
    12.444998741149902,
    4.545196533203125,
    8.04258918762207,
    11.674459457397461,
    7.441941738128662,
    5.97447395324707,
    4.601755142211914,
    8.685957908630371,
    8.324973106384277,
    5.389498710632324,
    3.833184003829956,
    5.954644203186035,
    12.980724334716797,
    10.539583206176758,
    7.907170295715332,
    6.2878031730651855,
    4.302727699279785,
    10.297012329101562,
    6.606642723083496,
    3.7146615982055664
  ],
  "n_train_params": 419876,
  "gate_stats_sample": {
    "layer0": {
      "w_norm": 0.0,
      "b": 0.0
    },
    "layer1": {
      "w_norm": 0.0,
      "b": 0.0
    },
    "layer2": {
      "w_norm": 0.0,
      "b": 0.0
    },
    "layer3": {
      "w_norm": 0.0,
      "b": 0.0
    },
    "layer4": {
      "w_norm": 0.0,
      "b": 0.0
    },
    "layer5": {
      "w_norm": 0.0,
      "b": 0.0
    }
  }
}