{
  "variant": "h7_rand_train",
  "seed": 0,
  "model": "Qwen/Qwen3-4B-Instruct-2507",
  "n_train": 120,
  "n_test": 120,
  "n_preload": 512,
  "bank_layer": 9,
  "rank": 64,
  "lr": 0.0002,
  "steps": 200,
  "before": {
    "base": 11.997906438509624,
    "real": 12.012680963675182,
    "rand": 12.00117304722468,
    "zero": 11.999729323387147,
    "off": 11.997906438509624
  },
  "after": {
    "base": 11.997906438509624,
    "real": 11.711451443036397,
    "rand": 12.001662532488504,
    "zero": 11.999729323387147,
    "off": 11.997906438509624
  },
  "verdict": {
    "pass": true,
    "rule": "rand-trained cannot reach B2 6.30 (gap >=4.0)"
  },
  "loss_first25": [
    11.050765037536621,
    11.346634864807129,
    11.789225578308105,
    9.904986381530762,
    10.268868446350098,
    12.735451698303223,
    11.299906730651855,
    10.267059326171875,
    9.476659774780273,
    9.550483703613281,
    10.45480728149414,
    12.163753509521484,
    14.98868179321289,
    12.7467679977417,
    10.261421203613281,
    15.192733764648438,
    9.841803550720215,
    14.959579467773438,
    7.908461570739746,
    9.953532218933105,
    12.019161224365234,
    10.152205467224121,
    16.380983352661133,
    9.967879295349121,
    9.749134063720703
  ],
  "loss_last25": [
    11.723865509033203,
    15.57082748413086,
    11.543451309204102,
    10.1187162399292,
    8.538131713867188,
    15.257929801940918,
    12.248627662658691,
    12.297985076904297,
    14.253180503845215,
    10.552753448486328,
    9.273191452026367,
    11.075185775756836,
    10.681612968444824,
    12.474045753479004,
    10.467620849609375,
    9.173495292663574,
    11.176462173461914,
    15.07779312133789,
    12.587875366210938,
    13.745022773742676,
    10.531805992126465,
    11.39631462097168,
    14.694143295288086,
    7.95999813079834,
    8.357062339782715
  ],
  "n_train_params": 419876,
  "gate_stats_sample": {
    "layer0": {
      "w_norm": 0.0,
      "b": 0.0
    },
    "layer1": {
      "w_norm": 0.0,
      "b": 0.0
    },
    "layer2": {
      "w_norm": 0.0,
      "b": 0.0
    },
    "layer3": {
      "w_norm": 0.0,
      "b": 0.0
    },
    "layer4": {
      "w_norm": 0.0,
      "b": 0.0
    },
    "layer5": {
      "w_norm": 0.0,
      "b": 0.0
    }
  }
}