{
  "variant": "canonical",
  "seed": 0,
  "model": "Qwen/Qwen3-4B-Instruct-2507",
  "n_train": 120,
  "n_test": 120,
  "n_preload": 512,
  "bank_layer": 33,
  "rank": 64,
  "lr": 0.0002,
  "steps": 200,
  "before": {
    "base": 11.997906438509624,
    "real": 11.993581247329711,
    "rand": 11.994700348377227,
    "zero": 12.003031273682913,
    "off": 11.997906438509624
  },
  "after": {
    "base": 11.997906438509624,
    "real": 8.029705953598022,
    "rand": 11.992248992125193,
    "zero": 12.003031273682913,
    "off": 11.997906438509624
  },
  "verdict": {
    "pass": false,
    "rule": "B2 canonical reproduce: \u0394 NLL <= -5.0"
  },
  "loss_first25": [
    10.917091369628906,
    11.341758728027344,
    11.831755638122559,
    10.040685653686523,
    10.12358570098877,
    12.505069732666016,
    11.22094440460205,
    10.25521469116211,
    9.607694625854492,
    9.60811710357666,
    10.462902069091797,
    12.595440864562988,
    14.809940338134766,
    12.715309143066406,
    10.053459167480469,
    14.931055068969727,
    9.681071281433105,
    14.910804748535156,
    7.864218711853027,
    9.780091285705566,
    11.69849967956543,
    9.793758392333984,
    16.39057731628418,
    9.679841995239258,
    9.388680458068848
  ],
  "loss_last25": [
    6.409825325012207,
    16.589853286743164,
    7.131439208984375,
    5.131531715393066,
    4.041149616241455,
    11.824020385742188,
    5.571077346801758,
    6.154547691345215,
    11.538658142089844,
    5.962034702301025,
    8.416070938110352,
    2.744884967803955,
    10.982009887695312,
    10.828110694885254,
    8.14504623413086,
    5.307804107666016,
    3.370131731033325,
    12.2547025680542,
    10.063492774963379,
    8.460549354553223,
    5.451027870178223,
    2.897233486175537,
    10.534395217895508,
    6.534514427185059,
    3.277233362197876
  ],
  "n_train_params": 419876,
  "gate_stats_sample": {
    "layer0": {
      "w_norm": 0.0,
      "b": 0.0
    },
    "layer1": {
      "w_norm": 0.0,
      "b": 0.0
    },
    "layer2": {
      "w_norm": 0.0,
      "b": 0.0
    },
    "layer3": {
      "w_norm": 0.0,
      "b": 0.0
    },
    "layer4": {
      "w_norm": 0.0,
      "b": 0.0
    },
    "layer5": {
      "w_norm": 0.0,
      "b": 0.0
    }
  }
}