{
  "variant": "canonical",
  "seed": 0,
  "model": "Qwen/Qwen3-4B-Instruct-2507",
  "n_train": 120,
  "n_test": 120,
  "n_preload": 512,
  "bank_layer": 3,
  "rank": 64,
  "lr": 0.0002,
  "steps": 200,
  "before": {
    "base": 11.997906438509624,
    "real": 12.056547796726226,
    "rand": 12.023657162984213,
    "zero": 11.994810342788696,
    "off": 11.997906438509624
  },
  "after": {
    "base": 11.997906438509624,
    "real": 10.41424221197764,
    "rand": 12.004543447494507,
    "zero": 11.994810342788696,
    "off": 11.997906438509624
  },
  "verdict": {
    "pass": false,
    "rule": "B2 canonical reproduce: \u0394 NLL <= -5.0"
  },
  "loss_first25": [
    11.14925765991211,
    11.456602096557617,
    11.74449348449707,
    9.942069053649902,
    10.065451622009277,
    12.560758590698242,
    11.346121788024902,
    10.16474723815918,
    9.308771133422852,
    9.65975570678711,
    10.495583534240723,
    12.289901733398438,
    14.749117851257324,
    12.76047420501709,
    10.203282356262207,
    15.13224983215332,
    9.795295715332031,
    14.776025772094727,
    7.738740921020508,
    9.993886947631836,
    11.99418830871582,
    10.036842346191406,
    16.25429916381836,
    9.95393180847168,
    9.71519660949707
  ],
  "loss_last25": [
    10.466724395751953,
    14.953546524047852,
    11.946806907653809,
    9.621370315551758,
    6.794145584106445,
    14.813161849975586,
    10.340888023376465,
    10.093165397644043,
    13.489089012145996,
    8.548611640930176,
    6.244245529174805,
    8.931071281433105,
    10.06566333770752,
    15.18977165222168,
    7.293431282043457,
    5.060786247253418,
    8.431761741638184,
    14.541631698608398,
    11.049468994140625,
    9.016617774963379,
    8.28845500946045,
    8.769187927246094,
    11.460853576660156,
    9.743814468383789,
    5.879906177520752
  ],
  "n_train_params": 419876,
  "gate_stats_sample": {
    "layer0": {
      "w_norm": 0.0,
      "b": 0.0
    },
    "layer1": {
      "w_norm": 0.0,
      "b": 0.0
    },
    "layer2": {
      "w_norm": 0.0,
      "b": 0.0
    },
    "layer3": {
      "w_norm": 0.29300132393836975,
      "b": 0.010107296518981457
    },
    "layer4": {
      "w_norm": 0.0,
      "b": 0.0
    },
    "layer5": {
      "w_norm": 0.0,
      "b": 0.0
    }
  }
}