{
  "variant": "canonical",
  "seed": 0,
  "model": "Qwen/Qwen3-4B-Instruct-2507",
  "n_train": 120,
  "n_test": 120,
  "n_preload": 512,
  "bank_layer": 21,
  "rank": 64,
  "lr": 0.0002,
  "steps": 200,
  "before": {
    "base": 11.997906438509624,
    "real": 11.939519806702931,
    "rand": 11.934091134866078,
    "zero": 11.990609868367512,
    "off": 11.997906438509624
  },
  "after": {
    "base": 11.997906438509624,
    "real": 5.653341211025448,
    "rand": 11.939340901374816,
    "zero": 11.990609868367512,
    "off": 11.997906438509624
  },
  "verdict": {
    "pass": true,
    "rule": "B2 canonical reproduce: \u0394 NLL <= -5.0"
  },
  "loss_first25": [
    11.07891845703125,
    11.37105941772461,
    11.853967666625977,
    9.975265502929688,
    10.174812316894531,
    12.440917015075684,
    11.262484550476074,
    10.185699462890625,
    9.605076789855957,
    9.596454620361328,
    10.403608322143555,
    12.435503005981445,
    14.856714248657227,
    12.721488952636719,
    10.24866008758545,
    14.878866195678711,
    9.848271369934082,
    14.580615043640137,
    8.063185691833496,
    9.698783874511719,
    11.966790199279785,
    9.789661407470703,
    15.99655532836914,
    9.762457847595215,
    9.358259201049805
  ],
  "loss_last25": [
    2.137897491455078,
    14.288296699523926,
    8.483453750610352,
    2.9013290405273438,
    1.9359586238861084,
    10.602499008178711,
    0.018099620938301086,
    8.60332202911377,
    9.791394233703613,
    2.269354820251465,
    5.374744892120361,
    0.14348529279232025,
    2.278191566467285,
    1.2058991193771362,
    0.5142205357551575,
    1.6794710159301758,
    2.8113465309143066,
    4.611759185791016,
    7.692803382873535,
    3.700127363204956,
    2.0816800594329834,
    0.4054153263568878,
    5.27487325668335,
    7.185459136962891,
    0.2663494050502777
  ],
  "n_train_params": 419876,
  "gate_stats_sample": {
    "layer0": {
      "w_norm": 0.0,
      "b": 0.0
    },
    "layer1": {
      "w_norm": 0.0,
      "b": 0.0
    },
    "layer2": {
      "w_norm": 0.0,
      "b": 0.0
    },
    "layer3": {
      "w_norm": 0.0,
      "b": 0.0
    },
    "layer4": {
      "w_norm": 0.0,
      "b": 0.0
    },
    "layer5": {
      "w_norm": 0.0,
      "b": 0.0
    }
  }
}