{
  "variant": "canonical",
  "seed": 1,
  "model": "Qwen/Qwen3-4B-Instruct-2507",
  "n_train": 120,
  "n_test": 120,
  "n_preload": 512,
  "bank_layer": 21,
  "rank": 64,
  "lr": 0.0002,
  "steps": 200,
  "before": {
    "base": 11.837605905532836,
    "real": 11.760044487317403,
    "rand": 11.76507207552592,
    "zero": 11.823274540901185,
    "off": 11.837605905532836
  },
  "after": {
    "base": 11.837605905532836,
    "real": 5.309406788585087,
    "rand": 11.767787321408589,
    "zero": 11.823274540901185,
    "off": 11.837605905532836
  },
  "verdict": {
    "pass": true,
    "rule": "B2 canonical reproduce: \u0394 NLL <= -5.0"
  },
  "loss_first25": [
    10.861835479736328,
    14.79164981842041,
    14.950043678283691,
    11.195894241333008,
    7.9394025802612305,
    11.611876487731934,
    7.408949851989746,
    12.004959106445312,
    12.1746826171875,
    7.80623197555542,
    16.57895278930664,
    6.771329402923584,
    14.40723991394043,
    9.003416061401367,
    13.849735260009766,
    10.102903366088867,
    11.160507202148438,
    13.953227043151855,
    11.381930351257324,
    14.552875518798828,
    10.386872291564941,
    10.211402893066406,
    9.73709487915039,
    11.918645858764648,
    7.781644821166992
  ],
  "loss_last25": [
    0.3423892557621002,
    2.327829599380493,
    6.457789897918701,
    1.6793831586837769,
    4.571300983428955,
    7.891639709472656,
    2.9966952800750732,
    0.4357852041721344,
    2.6748340129852295,
    5.030610084533691,
    3.6930317878723145,
    0.2206369936466217,
    9.220832824707031,
    2.510969638824463,
    0.2888224422931671,
    7.256359577178955,
    3.662691831588745,
    7.813424110412598,
    5.544541358947754,
    1.671261191368103,
    7.320707321166992,
    7.634706497192383,
    10.91356372833252,
    0.6111258864402771,
    1.2515202760696411
  ],
  "n_train_params": 419876,
  "gate_stats_sample": {
    "layer0": {
      "w_norm": 0.0,
      "b": 0.0
    },
    "layer1": {
      "w_norm": 0.0,
      "b": 0.0
    },
    "layer2": {
      "w_norm": 0.0,
      "b": 0.0
    },
    "layer3": {
      "w_norm": 0.0,
      "b": 0.0
    },
    "layer4": {
      "w_norm": 0.0,
      "b": 0.0
    },
    "layer5": {
      "w_norm": 0.0,
      "b": 0.0
    }
  }
}