{
  "experiment": "e06_relation_disjoint_ood",
  "seed": 0,
  "model": "Qwen/Qwen3-4B-Instruct-2507",
  "n_train": 120,
  "n_test_ood": 120,
  "n_preload": 512,
  "train_frac": 0.7,
  "bank_layer": 9,
  "rank": 64,
  "lr": 0.0002,
  "steps": 200,
  "before": {
    "train_rel": {
      "base": 11.616802255312601,
      "real": 11.638217222690582,
      "rand": 11.615976134936014
    },
    "test_rel_ood": {
      "base": 12.438900530338287,
      "real": 12.35800793170929,
      "rand": 12.386373142401377
    }
  },
  "after": {
    "train_rel": {
      "base": 11.616802255312601,
      "real": 6.294576573371887,
      "rand": 11.600382208824158
    },
    "test_rel_ood": {
      "base": 12.438900530338287,
      "real": 8.068884014586608,
      "rand": 12.378274834156036
    }
  },
  "verdict": {
    "pass": true,
    "rule": "\u0394 NLL on OOD test_rel \u2264 -1.0 (projector generalizes across relations)",
    "delta_train": -5.322225681940714,
    "delta_test_ood": -4.370016515751679
  },
  "loss_first25": [
    12.689736366271973,
    10.005718231201172,
    11.873458862304688,
    8.910362243652344,
    11.482789993286133,
    12.710424423217773,
    12.416250228881836,
    12.818503379821777,
    12.45122241973877,
    8.769207954406738,
    11.190836906433105,
    9.784217834472656,
    11.975863456726074,
    12.913330078125,
    8.703202247619629,
    14.268308639526367,
    13.694435119628906,
    10.864060401916504,
    11.356030464172363,
    10.013677597045898,
    14.125777244567871,
    13.885049819946289,
    18.251670837402344,
    13.939187049865723,
    8.486246109008789
  ],
  "loss_last25": [
    3.7683119773864746,
    13.216682434082031,
    4.589583396911621,
    7.879962921142578,
    14.258506774902344,
    10.535650253295898,
    6.592164039611816,
    0.9766061305999756,
    10.378766059875488,
    6.100660800933838,
    6.546468734741211,
    5.666767120361328,
    7.518475532531738,
    0.7131997346878052,
    8.140121459960938,
    2.721360683441162,
    12.045489311218262,
    7.620461940765381,
    2.7961316108703613,
    9.85190486907959,
    5.021782875061035,
    8.104259490966797,
    5.3157758712768555,
    1.4221570491790771,
    9.713592529296875
  ],
  "n_train_params": 419876,
  "elapsed_s": 93.92511582374573
}