{
  "experiment": "e20a_frozen_projector",
  "model": "Qwen/Qwen3-4B-Instruct-2507",
  "seed": 0,
  "N": 512,
  "bank_layer": 9,
  "rank": 64,
  "lr": 0.0002,
  "steps": 200,
  "n_train": 120,
  "n_setA": 512,
  "n_setB": 512,
  "n_gate_params": 92196,
  "n_projector_params_frozen": 327680,
  "base_A": 12.145313409157097,
  "base_B": 11.916443957947195,
  "nll_A_init": 12.132021920755506,
  "nll_A_after": 12.135845439508557,
  "nll_B": 11.926013923250139,
  "nll_A_zero": 12.145313409157097,
  "delta_A_init": 0.013291488401591778,
  "delta_A_after": 0.00946796964854002,
  "delta_B": -0.009569965302944183,
  "delta_A_zero": 0.0,
  "asymmetry_A_init_vs_after": 0.003823518753051758,
  "AB_gap_after_evict_vs_B": 0.019037934951484203,
  "verdict": {
    "north_star_pass": false,
    "rule": "\u0394_A_init\u22653.0 AND (\u0394_A_after \u2212 \u0394_B)\u22651.0 AND \u0394_B\u22641.0",
    "delta_A_init": 0.013291488401591778,
    "delta_A_after": 0.00946796964854002,
    "delta_B": -0.009569965302944183,
    "delta_A_zero": 0.0,
    "asymmetry_A_init_vs_after": 0.003823518753051758,
    "AB_gap_after_evict_vs_B": 0.019037934951484203
  },
  "loss_first10": [
    10.71764850616455,
    9.006895065307617,
    11.075119972229004,
    14.747496604919434,
    10.95267105102539,
    10.00334358215332,
    9.734256744384766,
    11.670022964477539,
    8.701448440551758,
    12.651885032653809
  ],
  "loss_last10": [
    14.652596473693848,
    8.797513008117676,
    12.09058952331543,
    8.255343437194824,
    10.274869918823242,
    14.245641708374023,
    14.587464332580566,
    9.91844654083252,
    15.285926818847656,
    9.727136611938477
  ]
}