{
  "lam_sparse": 0.01,
  "max_pauses": 4,
  "steps": 200,
  "lr": 0.0002,
  "before": {
    "base": 12.03310783704122,
    "lpl": 17.321984338760377,
    "pause_stats": {
      "mean_pauses": 0.622459352016449,
      "std_pauses": 0.0,
      "max_pauses": 0.622459352016449,
      "min_pauses": 0.622459352016449,
      "n_samples": 120
    }
  },
  "after": {
    "base": 12.03310783704122,
    "lpl": 12.795585831006369,
    "pause_stats": {
      "mean_pauses": 0.622459352016449,
      "std_pauses": 0.0,
      "max_pauses": 0.622459352016449,
      "min_pauses": 0.622459352016449,
      "n_samples": 120
    }
  },
  "delta_nll": 0.7624779939651489,
  "loss_first25": [
    15.8405179977417,
    19.689180374145508,
    14.88182258605957,
    16.463890075683594,
    13.95132827758789,
    14.237573623657227,
    16.04439353942871,
    17.329275131225586,
    13.511404991149902,
    16.772369384765625,
    19.17295265197754,
    13.800639152526855,
    20.262725830078125,
    16.033769607543945,
    14.53168773651123,
    16.188467025756836,
    14.727178573608398,
    11.630105972290039,
    10.904579162597656,
    11.845473289489746,
    15.737885475158691,
    17.70018768310547,
    13.82131290435791,
    17.292850494384766,
    13.93107795715332
  ],
  "loss_last25": [
    12.794134140014648,
    11.922581672668457,
    12.846221923828125,
    14.344443321228027,
    12.321796417236328,
    12.887212753295898,
    11.8438138961792,
    13.620779037475586,
    14.349981307983398,
    15.749673843383789,
    11.882011413574219,
    9.438342094421387,
    12.725421905517578,
    12.717741966247559,
    11.499192237854004,
    10.033303260803223,
    11.468186378479004,
    9.644501686096191,
    13.256925582885742,
    11.073345184326172,
    15.570164680480957,
    11.40597915649414,
    12.581525802612305,
    11.2393217086792,
    12.232514381408691
  ],
  "verdict": {
    "pass": false,
    "rule": "\u0394 NLL \u2264 -2.0 AND mean_pauses \u2264 8 (\u0394 = post - base; negative = improvement)"
  },
  "training_time_sec": 57.338526010513306,
  "seed": 0,
  "model": "Qwen/Qwen3-4B-Instruct-2507",
  "bank_layer": 9,
  "rank": 64,
  "n_train": 120,
  "n_test": 120,
  "n_preload": 512
}