{
  "experiment": "phase_d_lora",
  "method": "plain_adapter",
  "seed": 2,
  "rank": 64,
  "model": "Qwen/Qwen3-4B-Instruct-2507",
  "bank_layer": 9,
  "lr": 0.0002,
  "steps": 200,
  "n_train": 120,
  "n_eval": 120,
  "n_params_trainable": 327680,
  "test_nll_before": 11.939477213223775,
  "test_nll_after": 4.124546774306024,
  "delta_nll": -7.8149304389177505,
  "test_nll_uninstalled": 11.939477213223775,
  "train_time_s": 12.601001977920532,
  "loss_first": 14.700228691101074,
  "loss_last": 0.0041555725038051605
}