{
  "experiment": "phase_d_lora",
  "method": "lora_qk",
  "seed": 0,
  "rank": 64,
  "model": "Qwen/Qwen3-4B-Instruct-2507",
  "bank_layer": 9,
  "lr": 0.0002,
  "steps": 200,
  "n_train": 120,
  "n_eval": 120,
  "n_params_trainable": 327680,
  "test_nll_before": 12.03310783704122,
  "test_nll_after": 11.791690015792847,
  "delta_nll": -0.24141782124837263,
  "test_nll_uninstalled": 12.03310783704122,
  "train_time_s": 17.815348863601685,
  "loss_first": 10.38422966003418,
  "loss_last": 14.115367889404297
}