{
  "experiment": "phase_d_lora",
  "method": "lora_q",
  "seed": 1,
  "rank": 64,
  "model": "Qwen/Qwen3-4B-Instruct-2507",
  "bank_layer": 9,
  "lr": 0.0002,
  "steps": 200,
  "n_train": 120,
  "n_eval": 120,
  "n_params_trainable": 425984,
  "test_nll_before": 11.970644569396972,
  "test_nll_after": 11.78918434381485,
  "delta_nll": -0.18146022558212316,
  "test_nll_uninstalled": 11.970644569396972,
  "train_time_s": 14.231754064559937,
  "loss_first": 15.181803703308105,
  "loss_last": 12.859719276428223
}