{
  "model": "gpt2-medium",
  "alpha": 4.0,
  "n_layers": 24,
  "n_prompts": 5,
  "per_layer": {
    "base_norm": [
      1.2906916856765747,
      19.68252639770508,
      17.8778377532959,
      12.386474418640137,
      12.50567455291748,
      11.474218940734863,
      10.557321929931641,
      11.16126823425293,
      12.06996841430664,
      11.801969528198242,
      13.472314071655273,
      13.850167083740235,
      16.553002166748048,
      17.919231414794922,
      19.227123260498047,
      20.990776443481444,
      18.98854637145996,
      20.37750129699707,
      21.736539840698242,
      21.874864196777345,
      25.16425018310547,
      35.1642349243164,
      57.47415466308594,
      300.76609497070314
    ],
    "A0_norm": [
      1.2906916856765747,
      19.114835739135742,
      26.478352737426757,
      21.683940505981447,
      17.1329704284668,
      17.6245059967041,
      18.571114540100098,
      21.63346138000488,
      19.189793395996094,
      30.810901260375978,
      26.117167663574218,
      24.588723754882814,
      24.925241470336914,
      25.29798698425293,
      29.926734924316406,
      30.99542999267578,
      34.84811782836914,
      37.93844718933106,
      43.056925201416014,
      41.84365234375,
      43.075828552246094,
      79.18956756591797,
      119.1600357055664,
      358.7565612792969
    ],
    "A4_norm": [
      1.2906916856765747,
      19.443320083618165,
      20.543289947509766,
      15.645594787597656,
      13.985523414611816,
      13.553924942016602,
      11.775929260253907,
      13.384549331665038,
      12.951425743103027,
      12.618327522277832,
      13.828287887573243,
      15.093431854248047,
      17.21221466064453,
      18.282228851318358,
      19.780175018310548,
      22.99805603027344,
      22.361382293701173,
      24.440722274780274,
      23.94243927001953,
      26.23084411621094,
      27.239892578125,
      41.586762237548825,
      60.77367401123047,
      350.30732421875
    ],
    "A0_offset": [
      0.0,
      -0.5676906585693366,
      8.600514984130857,
      9.29746608734131,
      4.6272958755493185,
      6.150287055969239,
      8.013792610168457,
      10.472193145751952,
      7.1198249816894545,
      19.008931732177736,
      12.644853591918945,
      10.738556671142579,
      8.372239303588866,
      7.378755569458008,
      10.69961166381836,
      10.004653549194337,
      15.85957145690918,
      17.560945892333987,
      21.320385360717772,
      19.968788146972656,
      17.911578369140624,
      44.025332641601565,
      61.68588104248046,
      57.99046630859374
    ],
    "A4_offset": [
      0.0,
      -0.23920631408691406,
      2.6654521942138665,
      3.259120368957518,
      1.479848861694336,
      2.079706001281739,
      1.218607330322266,
      2.2232810974121087,
      0.8814573287963867,
      0.8163579940795902,
      0.35597381591797017,
      1.2432647705078121,
      0.659212493896483,
      0.3629974365234361,
      0.5530517578125007,
      2.007279586791995,
      3.3728359222412116,
      4.063220977783203,
      2.2058994293212884,
      4.355979919433594,
      2.075642395019532,
      6.422527313232422,
      3.2995193481445284,
      49.541229248046875
    ],
    "A0_relative": [
      0.0,
      0.028842367443009127,
      0.4810713187362546,
      0.7506144018954864,
      0.37001569615209645,
      0.5360092122815416,
      0.7590743811125163,
      0.93826193636434,
      0.5898793383129539,
      1.6106575844616462,
      0.9385806717884315,
      0.7753376985429574,
      0.5057837375510748,
      0.411778574574676,
      0.5564853108213341,
      0.47662141398781943,
      0.8352177753188273,
      0.8617811200886467,
      0.9808546124162187,
      0.9128645539163852,
      0.7117866909925227,
      1.2519917676683938,
      1.073280353649109,
      0.19280918719991508
    ],
    "A4_relative": [
      0.0,
      0.012153232225046311,
      0.14909253741954742,
      0.26311929115624205,
      0.11833418944595023,
      0.18125033276980027,
      0.11542769448635697,
      0.19919609947094172,
      0.07302896731292086,
      0.06917133552404793,
      0.026422618566094156,
      0.0897653265112863,
      0.03982434649955645,
      0.020257422214198826,
      0.028764144813527077,
      0.09562674311722963,
      0.17762475632735264,
      0.1993974098473977,
      0.10148346726239701,
      0.19913174684189933,
      0.08248377678318651,
      0.1826437380780659,
      0.05740874950638845,
      0.16471680178203785
    ]
  },
  "concentration_abs": {
    "A0": 3.7958632890028596,
    "A4": 12.46559719702654
  },
  "concentration_rel": {
    "A0": 2.335753294066424,
    "A4": 2.386276680645426
  },
  "mean_relative_offset": {
    "A0": 0.6895666543865066,
    "A4": 0.11026353033172798
  },
  "argmax_relative_offset_layer": {
    "A0": 9,
    "A4": 3
  }
}