{
  "alphas": [
    0.0,
    0.5,
    1.0,
    1.5,
    2.0
  ],
  "device": "cuda",
  "dtype": "bfloat16",
  "inject_layer": 34,
  "model": "google/gemma-4-E2B",
  "n_calib": 16,
  "n_test": 10,
  "results": {
    "caa": {
      "0.0": 0.0,
      "0.5": 4.99814453125,
      "1.0": 10.65546875,
      "1.5": 16.8828125,
      "2.0": 23.3234375
    },
    "none": {
      "0.0": 0.0,
      "0.5": 0.0,
      "1.0": 0.0,
      "1.5": 0.0,
      "2.0": 0.0
    },
    "scar": {
      "0.0": 0.0,
      "0.5": 1.972119140625,
      "1.0": 3.95234375,
      "1.5": 8.48984375,
      "2.0": 15.590625
    }
  },
  "verdict": "scar_better"
}
