{
  "alphas": [
    0.0,
    0.5,
    1.0,
    1.5,
    2.0
  ],
  "device": "cuda",
  "dtype": "bfloat16",
  "inject_layer": 36,
  "model": "THUDM/GLM-4-9B-0414",
  "n_calib": 16,
  "n_test": 10,
  "results": {
    "caa": {
      "0.0": 0.0,
      "0.5": 6.71953125,
      "1.0": 12.8232421875,
      "1.5": 14.02998046875,
      "2.0": 14.53155517578125
    },
    "none": {
      "0.0": 0.0,
      "0.5": 0.0,
      "1.0": 0.0,
      "1.5": 0.0,
      "2.0": 0.0
    },
    "scar": {
      "0.0": 0.0,
      "0.5": 1.5365234375,
      "1.0": 2.8677734375,
      "1.5": 4.013330078125,
      "2.0": 5.0671875
    }
  },
  "verdict": "scar_better"
}
