{
  "alphas": [
    0.0,
    0.5,
    1.0,
    1.5,
    2.0
  ],
  "device": "cuda",
  "dtype": "bfloat16",
  "inject_layer": 16,
  "model": "Qwen/Qwen3-4B-Instruct-2507",
  "n_calib": 16,
  "n_test": 10,
  "results": {
    "caa": {
      "0.0": 0.0,
      "0.5": 6.4421875,
      "1.0": 11.38203125,
      "1.5": 15.10546875,
      "2.0": 18.004296875
    },
    "none": {
      "0.0": 0.0,
      "0.5": 0.0,
      "1.0": 0.0,
      "1.5": 0.0,
      "2.0": 0.0
    },
    "scar": {
      "0.0": 0.0,
      "0.5": 1.30390625,
      "1.0": 2.248828125,
      "1.5": 3.1,
      "2.0": 4.233984375
    }
  },
  "verdict": "scar_better"
}
