{
  "seed": 0,
  "model": "Qwen/Qwen3-4B-Instruct-2507",
  "n_train": 120,
  "n_test": 120,
  "n_preload": 512,
  "bank_layer": 9,
  "rank": 64,
  "lr": 0.0002,
  "steps": 200,
  "templates": {
    "T1": "Contrary to popular belief, {subject} {relation} not {target_true} but",
    "T2": "{subject} {relation} INCORRECT ANSWER: {target_true}. CORRECT ANSWER:"
  },
  "results": {
    "a_standard_standard": {
      "base": 12.03310783704122,
      "lpl": 7.093399192796399,
      "delta": -4.939708644244821
    },
    "b_standard_random": {
      "base": 14.554405625661214,
      "lpl": 11.78014089067777,
      "delta": -2.7742647349834453
    },
    "c_negated_random": {
      "base": 12.66282333532969,
      "lpl": 12.007299841443697,
      "delta": -0.655523493885994,
      "t1": {
        "base": 12.490964804093043,
        "lpl": 11.782143813371658
      },
      "t2": {
        "base": 12.83468186656634,
        "lpl": 12.232455869515737
      }
    },
    "d_negated_true": {
      "base": 4.628551596154769,
      "lpl": 3.8335833658774696,
      "delta": -0.7949682302772993,
      "t1": {
        "base": 5.300845622022947,
        "lpl": 4.529506756862005
      },
      "t2": {
        "base": 3.9562575702865916,
        "lpl": 3.137659974892934
      }
    }
  },
  "verdict": {
    "pass": false,
    "interpretation": "(a) passes: \u0394_a \u2264 -1 (sanity) | (b) FAIL: \u0394_b \u2264 -0.5 \u2192 bank is content-blind (terminal) | (c) FAIL: \u0394_c \u2264 -0.5 \u2192 bank helps wrong answers (content-blind) | (d) neutral: bank does not override prompt's negation",
    "thresholds": {
      "a_sanity": "\u0394_a \u2264 -1.0",
      "b_content_blind_fail": "\u0394_b \u2264 -0.5",
      "c_content_blind_fail": "\u0394_c \u2264 -0.5",
      "d_content_override": "\u0394_d \u2264 -1.0"
    }
  },
  "loss_first25": [
    7.281546592712402,
    15.65429973602295,
    15.69749641418457,
    9.6483154296875,
    10.75919246673584,
    14.333003044128418,
    8.919961929321289,
    12.571433067321777,
    10.148550987243652,
    15.75955867767334,
    12.16027545928955,
    12.298215866088867,
    9.95555591583252,
    13.00334358215332,
    10.295551300048828,
    12.633353233337402,
    11.042810440063477,
    12.246269226074219,
    9.20020866394043,
    10.044083595275879,
    13.16903018951416,
    11.867505073547363,
    12.605920791625977,
    11.900108337402344,
    14.272953987121582
  ],
  "loss_last25": [
    11.196295738220215,
    3.050581455230713,
    5.320873260498047,
    8.269493103027344,
    10.671070098876953,
    4.741355895996094,
    7.326448917388916,
    4.171932220458984,
    7.020055770874023,
    4.565898895263672,
    13.727350234985352,
    10.079042434692383,
    14.657927513122559,
    4.319913864135742,
    4.211147785186768,
    9.00580883026123,
    2.3245532512664795,
    3.9554672241210938,
    8.201484680175781,
    1.5524533987045288,
    10.355010032653809,
    6.125116348266602,
    8.582301139831543,
    9.103588104248047,
    5.754222869873047
  ],
  "_note_sign_repatch": "delta re-signed to (lpl - base); verdict recomputed."
}