{
  "seed": 2,
  "model": "Qwen/Qwen3-4B-Instruct-2507",
  "n_train": 120,
  "n_test": 120,
  "n_preload": 512,
  "bank_layer": 9,
  "rank": 64,
  "lr": 0.0002,
  "steps": 200,
  "templates": {
    "T1": "Contrary to popular belief, {subject} {relation} not {target_true} but",
    "T2": "{subject} {relation} INCORRECT ANSWER: {target_true}. CORRECT ANSWER:"
  },
  "results": {
    "a_standard_standard": {
      "base": 11.939477213223775,
      "lpl": 6.627037166555723,
      "delta": -5.312440046668052
    },
    "b_standard_random": {
      "base": 14.275472637017568,
      "lpl": 11.56823558807373,
      "delta": -2.7072370489438384
    },
    "c_negated_random": {
      "base": 12.760202542940775,
      "lpl": 12.327689826488495,
      "delta": -0.43251271645227973,
      "t1": {
        "base": 12.590037524700165,
        "lpl": 12.11638963619868
      },
      "t2": {
        "base": 12.930367561181386,
        "lpl": 12.53899001677831
      }
    },
    "d_negated_true": {
      "base": 4.491539045174917,
      "lpl": 3.774475409338872,
      "delta": -0.7170636358360447,
      "t1": {
        "base": 5.208628644545873,
        "lpl": 4.807356800635656
      },
      "t2": {
        "base": 3.77444944580396,
        "lpl": 2.7415940180420875
      }
    }
  },
  "verdict": {
    "pass": false,
    "interpretation": "(a) passes: \u0394_a \u2264 -1 (sanity) | (b) FAIL: \u0394_b \u2264 -0.5 \u2192 bank is content-blind (terminal) | (c) passes: bank does NOT help random targets on negated prompts | (d) neutral: bank does not override prompt's negation",
    "thresholds": {
      "a_sanity": "\u0394_a \u2264 -1.0",
      "b_content_blind_fail": "\u0394_b \u2264 -0.5",
      "c_content_blind_fail": "\u0394_c \u2264 -0.5",
      "d_content_override": "\u0394_d \u2264 -1.0"
    }
  },
  "loss_first25": [
    15.59359359741211,
    10.516965866088867,
    10.803662300109863,
    14.111656188964844,
    14.484458923339844,
    8.11800765991211,
    16.5321044921875,
    14.15304946899414,
    14.44250774383545,
    10.312784194946289,
    10.202436447143555,
    11.757611274719238,
    10.804607391357422,
    14.423446655273438,
    13.202524185180664,
    12.948583602905273,
    11.799253463745117,
    11.758028984069824,
    12.840896606445312,
    9.909333229064941,
    14.381321907043457,
    11.749543190002441,
    13.657562255859375,
    12.808588027954102,
    11.17762565612793
  ],
  "loss_last25": [
    8.25319766998291,
    4.136021137237549,
    8.212621688842773,
    9.928232192993164,
    1.6281988620758057,
    8.757689476013184,
    4.7753753662109375,
    7.044769763946533,
    8.863539695739746,
    2.826638698577881,
    6.168817520141602,
    5.66710090637207,
    8.653722763061523,
    9.265560150146484,
    1.983046293258667,
    6.056276798248291,
    6.408572196960449,
    9.270553588867188,
    7.936895370483398,
    0.8748020529747009,
    10.445749282836914,
    7.412692546844482,
    9.635262489318848,
    6.072977066040039,
    10.63161849975586
  ]
}