{
  "seed": 1,
  "model": "Qwen/Qwen3-4B-Instruct-2507",
  "n_train": 120,
  "n_test": 120,
  "n_preload": 512,
  "bank_layer": 9,
  "rank": 64,
  "lr": 0.0002,
  "steps": 200,
  "templates": {
    "T1": "Contrary to popular belief, {subject} {relation} not {target_true} but",
    "T2": "{subject} {relation} INCORRECT ANSWER: {target_true}. CORRECT ANSWER:"
  },
  "results": {
    "a_standard_standard": {
      "base": 11.970644569396972,
      "lpl": 7.890897286931674,
      "delta": -4.0797472824652985
    },
    "b_standard_random": {
      "base": 14.329458332061767,
      "lpl": 11.827323174476623,
      "delta": -2.502135157585144
    },
    "c_negated_random": {
      "base": 12.84119532108307,
      "lpl": 11.927450913190842,
      "delta": -0.9137444078922279,
      "t1": {
        "base": 13.000133470694225,
        "lpl": 12.173441286881765
      },
      "t2": {
        "base": 12.682257171471914,
        "lpl": 11.681460539499918
      }
    },
    "d_negated_true": {
      "base": 4.547044555159907,
      "lpl": 3.5963003595670067,
      "delta": -0.9507441955929004,
      "t1": {
        "base": 5.1556149860223135,
        "lpl": 4.3218774954477945
      },
      "t2": {
        "base": 3.9384741242974997,
        "lpl": 2.8707232236862184
      }
    }
  },
  "verdict": {
    "pass": false,
    "interpretation": "(a) passes: \u0394_a \u2264 -1 (sanity) | (b) FAIL: \u0394_b \u2264 -0.5 \u2192 bank is content-blind (terminal) | (c) FAIL: \u0394_c \u2264 -0.5 \u2192 bank helps wrong answers (content-blind) | (d) neutral: bank does not override prompt's negation",
    "thresholds": {
      "a_sanity": "\u0394_a \u2264 -1.0",
      "b_content_blind_fail": "\u0394_b \u2264 -0.5",
      "c_content_blind_fail": "\u0394_c \u2264 -0.5",
      "d_content_override": "\u0394_d \u2264 -1.0"
    }
  },
  "loss_first25": [
    10.881607055664062,
    6.9690704345703125,
    14.260503768920898,
    13.79566764831543,
    13.415413856506348,
    6.9510698318481445,
    14.802300453186035,
    11.033411979675293,
    9.915820121765137,
    13.044337272644043,
    16.266786575317383,
    12.467422485351562,
    12.945985794067383,
    13.98273754119873,
    17.748088836669922,
    13.933910369873047,
    12.407331466674805,
    10.682366371154785,
    14.794454574584961,
    12.25694465637207,
    11.148736953735352,
    8.618131637573242,
    11.52768325805664,
    10.689882278442383,
    13.013469696044922
  ],
  "loss_last25": [
    6.5256218910217285,
    8.555320739746094,
    7.049866676330566,
    6.534502983093262,
    9.856337547302246,
    7.879293441772461,
    4.2768449783325195,
    7.603122711181641,
    7.032722473144531,
    9.335968017578125,
    9.594236373901367,
    8.213088035583496,
    6.750826358795166,
    8.545003890991211,
    10.557867050170898,
    2.414719343185425,
    3.698969841003418,
    5.92606782913208,
    9.06175422668457,
    4.8555145263671875,
    9.124839782714844,
    5.551058769226074,
    12.375669479370117,
    7.180880546569824,
    7.567749977111816
  ]
}