{
  "arch": "hc",
  "alpha": 1.0,
  "seed": 4,
  "nll": 7.682024046778679,
  "n_attn_layers": 12,
  "mean_v_norm": 484.8809067408244,
  "wallclock_s": 2.5458998680114746
}