{
  "arch": "hc",
  "alpha": 0.5,
  "seed": 4,
  "nll": 6.864454761147499,
  "n_attn_layers": 12,
  "mean_v_norm": 479.13876787821454,
  "wallclock_s": 2.5420331954956055
}