{
  "arch": "hc",
  "alpha": 10.0,
  "seed": 4,
  "nll": 11.810160487890244,
  "n_attn_layers": 12,
  "mean_v_norm": 539.7621269226074,
  "wallclock_s": 2.530418872833252
}