{
  "arch": "hc",
  "alpha": 0.1,
  "seed": 4,
  "nll": 6.563553407788277,
  "n_attn_layers": 12,
  "mean_v_norm": 474.8775204817454,
  "wallclock_s": 2.5518763065338135
}