arm,correct_bank,random_kv,shuffled_bank,correct_K_random_V,random_K_correct_V,gap,mean_js_drift,lopi_enabled,n_rows
A0_raw_atb,-0.7585006411870321,-0.1827409315109253,-0.7381643503904343,-0.6062047453721364,-0.18122563441594441,-0.5772750067710877,0.45479967805743216,False,3000
A1_mhc_only,-0.8354353682200114,-0.14693352540334065,-0.7740787212053934,-0.5512632840871811,-0.25181336561838785,-0.6885018428166707,0.45532548569639525,False,3000
A2_dynlopi_only,-0.7477442419528961,-0.1569423508644104,-0.7323763328790664,-0.6221886936823527,-0.231864705880483,-0.5908018910884857,0.4603235412240028,True,3000
A3_mhc_dynlopi,-0.4037536346912384,-0.13207696596781413,-0.5213087431589762,-0.5284444026152293,-0.2273111669222514,-0.27167666872342433,0.4573111166755358,True,3000
