{
  "lam_act": 0.01,
  "k_max": 4,
  "base_nll": 12.03310783704122,
  "pre_nll": 12.015299479166666,
  "pre_halts": 0.0,
  "post_nll": 6.8134795218706135,
  "post_halts": 0.0,
  "delta_nll": -5.219628315170606,
  "eff_k": 0.0,
  "train_time_sec": 54.03770995140076,
  "losses_first10": [
    12.294027328491211,
    8.0216703414917,
    14.740448951721191,
    12.705425262451172,
    10.246933937072754,
    11.159306526184082,
    12.241683006286621,
    11.23931884765625,
    10.25434684753418,
    14.238746643066406
  ],
  "losses_last10": [
    4.508683204650879,
    3.447044610977173,
    4.541508674621582,
    6.713995933532715,
    1.7034780979156494,
    7.817170143127441,
    2.550386428833008,
    3.783226490020752,
    4.421291351318359,
    2.876023769378662
  ],
  "halt_counts_last10": [
    0,
    0,
    0,
    0,
    0,
    0,
    0,
    0,
    0,
    0
  ],
  "cell_pass": true,
  "pass_rule": "post_halts <= 4 AND delta_nll <= -2.0"
}