{
  "lam_act": 0.1,
  "k_max": 16,
  "base_nll": 12.03310783704122,
  "pre_nll": 12.016052317619323,
  "pre_halts": 0.0,
  "post_nll": 6.783645230407516,
  "post_halts": 0.0,
  "delta_nll": -5.249462606633704,
  "eff_k": 0.0,
  "train_time_sec": 54.37000584602356,
  "losses_first10": [
    12.269776344299316,
    8.04863166809082,
    14.808266639709473,
    12.759783744812012,
    10.20102596282959,
    10.947478294372559,
    12.196907043457031,
    11.241659164428711,
    10.24986457824707,
    14.201306343078613
  ],
  "losses_last10": [
    4.750412940979004,
    1.06418776512146,
    4.070854187011719,
    6.099394798278809,
    2.235621690750122,
    9.405618667602539,
    2.816437005996704,
    4.652905464172363,
    5.354659080505371,
    1.385085105895996
  ],
  "halt_counts_last10": [
    0,
    0,
    0,
    0,
    0,
    0,
    0,
    0,
    0,
    0
  ],
  "cell_pass": true,
  "pass_rule": "post_halts <= 4 AND delta_nll <= -2.0"
}