{
  "lam_act": 0.1,
  "k_max": 4,
  "base_nll": 12.03310783704122,
  "pre_nll": 12.01240801413854,
  "pre_halts": 0.0,
  "post_nll": 7.458172446240981,
  "post_halts": 0.0,
  "delta_nll": -4.574935390800238,
  "eff_k": 0.0,
  "train_time_sec": 56.68872404098511,
  "losses_first10": [
    12.294085502624512,
    8.02724838256836,
    14.801831245422363,
    12.715531349182129,
    10.190435409545898,
    11.004419326782227,
    12.178274154663086,
    11.235702514648438,
    10.300171852111816,
    14.173391342163086
  ],
  "losses_last10": [
    7.28352689743042,
    3.751782178878784,
    6.563657760620117,
    8.541943550109863,
    3.0513551235198975,
    11.255317687988281,
    2.668381929397583,
    4.024613380432129,
    6.424028396606445,
    2.198190212249756
  ],
  "halt_counts_last10": [
    0,
    0,
    0,
    0,
    0,
    0,
    0,
    0,
    0,
    0
  ],
  "cell_pass": true,
  "pass_rule": "post_halts <= 4 AND delta_nll <= -2.0"
}