{
  "lam_act": 0.01,
  "k_max": 16,
  "base_nll": 12.03310783704122,
  "pre_nll": 12.019347925980886,
  "pre_halts": 0.0,
  "post_nll": 6.993334611629447,
  "post_halts": 0.0,
  "delta_nll": -5.039773225411773,
  "eff_k": 0.0,
  "train_time_sec": 55.83279013633728,
  "losses_first10": [
    12.300637245178223,
    8.07335090637207,
    14.81591796875,
    12.725440979003906,
    10.256364822387695,
    10.972590446472168,
    12.223808288574219,
    11.249714851379395,
    10.284241676330566,
    14.207411766052246
  ],
  "losses_last10": [
    7.015637397766113,
    4.269627571105957,
    6.5316267013549805,
    7.864508628845215,
    2.157592296600342,
    12.422477722167969,
    1.9422264099121094,
    3.8050425052642822,
    5.749826431274414,
    2.780033588409424
  ],
  "halt_counts_last10": [
    0,
    0,
    0,
    0,
    0,
    0,
    0,
    0,
    0,
    0
  ],
  "cell_pass": true,
  "pass_rule": "post_halts <= 4 AND delta_nll <= -2.0"
}