{
  "arch": "residual",
  "alpha": 5.0,
  "seed": 2,
  "nll": 11.401419252157211,
  "n_attn_layers": 12,
  "mean_v_norm": 531.5539908409119,
  "wallclock_s": 2.170149087905884
}