{
  "arch": "residual",
  "alpha": 2.0,
  "seed": 2,
  "nll": 10.624750584363937,
  "n_attn_layers": 12,
  "mean_v_norm": 529.3502474625906,
  "wallclock_s": 2.1667211055755615
}