{
  "arch": "residual",
  "alpha": 1.5,
  "seed": 2,
  "nll": 10.645102590322495,
  "n_attn_layers": 12,
  "mean_v_norm": 522.8591264088949,
  "wallclock_s": 2.2690560817718506,
  "per_layer_norms_per_seg": [
    [
      73.24779510498047,
      1250.9234619140625,
      1474.8363037109375,
      2938.52001953125,
      3113.79052734375,
      3412.32421875,
      3692.84716796875,
      3996.126953125,
      4375.65185546875,
      4839.33837890625,
      5319.49658203125,
      6482.76708984375,
      11232.27734375
    ],
    [
      70.76223754882812,
      1246.0467529296875,
      1472.995849609375,
      2853.14453125,
      3053.75634765625,
      3392.267822265625,
      3767.621337890625,
      4327.00830078125,
      4885.103515625,
      5089.880859375,
      5708.4150390625,
      7155.35400390625,
      14190.96875
    ],
    [
      70.58892822265625,
      1246.4012451171875,
      1499.02685546875,
      2908.837158203125,
      3133.361572265625,
      3353.01708984375,
      3785.7353515625,
      4198.34619140625,
      4575.03369140625,
      4936.29296875,
      5616.72900390625,
      6896.17919921875,
      11327.6826171875
    ],
    [
      72.2454605102539,
      1250.67919921875,
      1481.87890625,
      2907.873779296875,
      3163.8330078125,
      3444.76708984375,
      3788.070068359375,
      4430.822265625,
      4577.833984375,
      5039.5986328125,
      5589.68603515625,
      6747.33154296875,
      11567.9306640625
    ],
    [
      72.68002319335938,
      1246.0950927734375,
      1509.629150390625,
      3114.49853515625,
      3369.88427734375,
      3568.613037109375,
      3855.416748046875,
      4056.558349609375,
      4571.6318359375,
      4723.31201171875,
      5177.3330078125,
      6472.43994140625,
      11245.9609375
    ],
    [
      72.47300720214844,
      1241.1177978515625,
      1376.3665771484375,
      2244.66455078125,
      2369.287353515625,
      2508.389404296875,
      2856.60595703125,
      3188.530029296875,
      3692.01025390625,
      4000.35400390625,
      4557.05712890625,
      5656.77783203125,
      10917.1845703125
    ],
    [
      72.6986083984375,
      1246.41455078125,
      1470.0115966796875,
      2969.71435546875,
      3130.8525390625,
      3262.166259765625,
      3647.647216796875,
      3873.30126953125,
      4273.4951171875,
      4548.55322265625,
      5271.33642578125,
      6996.0537109375,
      12519.322265625
    ],
    [
      72.3822021484375,
      1251.760498046875,
      1445.5628662109375,
      2818.959228515625,
      2991.922607421875,
      3228.01171875,
      3526.264404296875,
      3930.42236328125,
      4528.9248046875,
      5037.1083984375,
      6026.07568359375,
      7548.25927734375,
      13783.8935546875
    ],
    [
      72.20132446289062,
      1236.54736328125,
      1466.9151611328125,
      2804.912109375,
      3004.434814453125,
      3280.333740234375,
      3616.552490234375,
      4179.0546875,
      4644.48486328125,
      4925.52685546875,
      5533.29150390625,
      6894.52978515625,
      14685.833984375
    ],
    [
      73.9547348022461,
      1272.9892578125,
      1468.214111328125,
      2867.287109375,
      2990.6015625,
      3260.15283203125,
      3674.16357421875,
      4260.42041015625,
      4781.1845703125,
      5034.421875,
      5834.7548828125,
      7325.8486328125,
      13974.3447265625
    ],
    [
      72.18881225585938,
      1252.70751953125,
      1469.022216796875,
      2862.550537109375,
      3026.08740234375,
      3390.280029296875,
      3833.151123046875,
      3990.4091796875,
      4649.76318359375,
      4942.296875,
      5564.7509765625,
      7073.76318359375,
      13098.6416015625
    ],
    [
      72.08097076416016,
      1248.2073974609375,
      1454.4598388671875,
      2874.802734375,
      3101.90234375,
      3339.499267578125,
      3565.080078125,
      4067.49951171875,
      4523.29052734375,
      5010.0498046875,
      6091.1923828125,
      7185.513671875,
      11468.283203125
    ],
    [
      71.5580825805664,
      1235.7548828125,
      1432.9136962890625,
      2801.548828125,
      2972.45361328125,
      3116.964599609375,
      3551.114013671875,
      3947.435302734375,
      4648.51220703125,
      5193.88330078125,
      5783.0009765625,
      7222.951171875,
      15385.54296875
    ],
    [
      71.60842895507812,
      1249.5889892578125,
      1469.22265625,
      2845.666748046875,
      3051.32958984375,
      3222.001220703125,
      3491.03173828125,
      3836.76806640625,
      4609.04833984375,
      4983.60302734375,
      5619.66748046875,
      7081.04638671875,
      12007.689453125
    ],
    [
      71.75801849365234,
      1231.928955078125,
      1398.85009765625,
      2760.446533203125,
      2903.90380859375,
      3019.72607421875,
      3298.354248046875,
      3670.7568359375,
      4122.92236328125,
      4607.87890625,
      5504.04736328125,
      7649.7958984375,
      17537.80078125
    ],
    [
      69.96076965332031,
      1204.5130615234375,
      1380.71923828125,
      2734.865966796875,
      2849.536865234375,
      3110.052001953125,
      3488.275390625,
      3748.675048828125,
      4114.23974609375,
      4547.12451171875,
      5309.84375,
      6848.6015625,
      16568.505859375
    ],
    [
      70.75146484375,
      1242.2769775390625,
      1487.642822265625,
      2887.158447265625,
      3137.2099609375,
      3448.855712890625,
      3773.025146484375,
      3907.93212890625,
      4288.01220703125,
      4887.6025390625,
      5970.32080078125,
      8254.958984375,
      15820.5556640625
    ],
    [
      71.9738998413086,
      1245.9091796875,
      1441.046875,
      2819.210205078125,
      2943.802001953125,
      3140.539794921875,
      3451.185302734375,
      4424.76953125,
      5266.0693359375,
      5695.380859375,
      6552.1767578125,
      8135.029296875,
      15740.927734375
    ],
    [
      71.5245132446289,
      1245.327392578125,
      1427.0152587890625,
      2856.706298828125,
      3018.112548828125,
      3248.90185546875,
      3466.3916015625,
      3756.754638671875,
      4326.46875,
      5134.01513671875,
      5580.1728515625,
      6963.01611328125,
      15448.7646484375
    ],
    [
      71.89740753173828,
      1240.8865966796875,
      1437.9306640625,
      2747.5966796875,
      2941.4306640625,
      3088.5712890625,
      3437.39599609375,
      3936.7158203125,
      4490.3955078125,
      4516.01513671875,
      5228.3193359375,
      6660.21728515625,
      9325.9482421875
    ],
    [
      70.76575469970703,
      1229.903076171875,
      1450.772216796875,
      2871.897216796875,
      3036.76904296875,
      3239.5478515625,
      3451.187255859375,
      4028.144775390625,
      4764.15087890625,
      5188.3623046875,
      6112.74609375,
      7493.5107421875,
      14117.5654296875
    ],
    [
      70.81363677978516,
      1238.3720703125,
      1465.614013671875,
      2929.870361328125,
      3143.494873046875,
      3367.323486328125,
      3654.3232421875,
      3905.933349609375,
      4442.74560546875,
      4578.25244140625,
      5376.52587890625,
      6744.6376953125,
      12795.123046875
    ],
    [
      72.58641815185547,
      1247.9495849609375,
      1563.0101318359375,
      3001.4716796875,
      3357.94091796875,
      3643.66455078125,
      4042.684814453125,
      4542.6689453125,
      5249.89697265625,
      5560.58154296875,
      6371.96923828125,
      8091.75732421875,
      12382.5068359375
    ],
    [
      73.29633331298828,
      1261.1739501953125,
      1410.49609375,
      2767.98193359375,
      2883.75244140625,
      3080.435302734375,
      3291.430419921875,
      3401.802978515625,
      4206.5615234375,
      4649.87548828125,
      5480.8740234375,
      7388.58740234375,
      12052.4521484375
    ],
    [
      70.76681518554688,
      1231.5301513671875,
