{
  "arch": "residual",
  "alpha": 1.0,
  "seed": 2,
  "nll": 8.51756189763546,
  "n_attn_layers": 12,
  "mean_v_norm": 505.9204722245534,
  "wallclock_s": 2.1563661098480225
}