{
  "label": "run_mps_exp27_gemma_N100",
  "bank_size": 0,
  "chance": NaN,
  "cells_total": 14700,
  "alphas": [
    {
      "alpha": 0.03,
      "n_facts": 300,
      "n_retrieval": 0,
      "A_mean": 0.010625022053718567,
      "A_lo": 0.001875031590461731,
      "A_hi": 0.0196875062584877,
      "C_mean": NaN,
      "C_lo": NaN,
      "C_hi": NaN,
      "D_mean": -0.006614570418993632,
      "D_lo": -0.020520824442307153,
      "D_hi": 0.007395834972461064,
      "retrieval_accuracy": NaN
    },
    {
      "alpha": 0.1,
      "n_facts": 300,
      "n_retrieval": 0,
      "A_mean": 0.0018750287592411042,
      "A_lo": -0.008437445511420567,
      "A_hi": 0.012187557220458984,
      "C_mean": NaN,
      "C_lo": NaN,
      "C_hi": NaN,
      "D_mean": -0.021302086661259333,
      "D_lo": -0.047604137162367506,
      "D_hi": 0.0031249635418256123,
      "retrieval_accuracy": NaN
    },
    {
      "alpha": 0.3,
      "n_facts": 300,
      "n_retrieval": 0,
      "A_mean": 0.010312513113021851,
      "A_lo": -0.001666701833407084,
      "A_hi": 0.022812502284844716,
      "C_mean": NaN,
      "C_lo": NaN,
      "C_hi": NaN,
      "D_mean": -0.03369791810711225,
      "D_lo": -0.10708338027199109,
      "D_hi": 0.04572915658354759,
      "retrieval_accuracy": NaN
    },
    {
      "alpha": 1.0,
      "n_facts": 300,
      "n_retrieval": 0,
      "A_mean": -0.012421900928020478,
      "A_lo": -0.054218801061312355,
      "A_hi": 0.026041654149691264,
      "C_mean": NaN,
      "C_lo": NaN,
      "C_hi": NaN,
      "D_mean": -0.11080732767780622,
      "D_lo": -0.2594792064030965,
      "D_hi": 0.03059893916050593,
      "retrieval_accuracy": NaN
    }
  ]
}