{
  "model": "Qwen/Qwen3-4B-Instruct-2507",
  "device": "mps",
  "bank_layer": 9,
  "n_preload": 512,
  "results": {
    "demo1_identity_sanity": {
      "avg_nll": 0.4424029290676117,
      "per_sample_nll": [
        0.365955650806427,
        0.34149742126464844,
        0.4353998601436615,
        0.06496137380599976,
        1.0042003393173218
      ]
    },
    "demo2_preload_long_term": {
      "avg_nll": 0.40174099877476693,
      "per_sample_nll": [
        0.2587261497974396,
        0.2911727726459503,
        0.45474696159362793,
        0.04313567653298378,
        0.960923433303833
      ],
      "bank_total_size": 512
    },
    "demo3_mid_inference_interrupt": {
      "prompt": "The capital of France is",
      "answer": "Paris",
      "nll_after_interrupt": 0.23569989204406738,
      "bank_size_before": 512,
      "bank_size_after": 513
    },
    "demo4_bank_size_tracking": {
      "total_size": 513,
      "layer_sizes": {
        "0": 0,
        "1": 0,
        "2": 0,
        "3": 0,
        "4": 0,
        "5": 0,
        "6": 0,
        "7": 0,
        "8": 0,
        "9": 513,
        "10": 0,
        "11": 0,
        "12": 0,
        "13": 0,
        "14": 0,
        "15": 0,
        "16": 0,
        "17": 0,
        "18": 0,
        "19": 0,
        "20": 0,
        "21": 0,
        "22": 0,
        "23": 0,
        "24": 0,
        "25": 0,
        "26": 0,
        "27": 0,
        "28": 0,
        "29": 0,
        "30": 0,
        "31": 0,
        "32": 0,
        "33": 0,
        "34": 0,
        "35": 0
      }
    }
  }
}