{
  "B0_no_memory": [
    {
      "seed": 0,
      "recall_at_1_mean": 0.351219512195122,
      "per_fact": [
        0.2,
        0.2,
        0.1,
        0.5,
        0.6,
        0.4,
        0.2,
        0.1,
        0.5,
        0.8,
        0.5,
        0.5,
        0.5,
        0.9,
        0.2,
        0.4,
        0.3,
        0.3,
        0.2,
        0.5,
        0.3,
        0.4,
        0.0,
        0.0,
        0.8,
        0.7,
        0.4,
        0.8,
        0.6,
        0.5,
        0.5,
        0.0,
        0.0,
        0.0,
        0.2,
        0.0,
        0.3,
        0.3,
        0.3,
        0.2,
        0.2
      ]
    }
  ],
  "B1_prompt_insertion": [
    {
      "seed": 0,
      "recall_at_1_mean": 0.6365853658536585,
      "per_fact": [
        0.3,
        0.5,
        0.5,
        0.9,
        0.9,
        0.9,
        0.7,
        0.6,
        0.6,
        0.7,
        0.5,
        0.6,
        0.7,
        1.0,
        1.0,
        0.9,
        0.5,
        0.9,
        0.5,
        0.8,
        0.8,
        0.8,
        0.4,
        0.0,
        0.9,
        0.9,
        0.8,
        1.0,
        0.9,
        0.8,
        0.8,
        0.3,
        0.0,
        0.1,
        0.7,
        0.3,
        0.6,
        0.6,
        0.5,
        0.4,
        0.5
      ]
    }
  ],
  "B2_rag_oracle": [
    {
      "seed": 0,
      "recall_at_1_mean": 0.6560975609756097,
      "per_fact": [
        0.6,
        0.6,
        0.5,
        0.8,
        0.9,
        0.8,
        0.5,
        0.4,
        0.8,
        0.8,
        0.5,
        0.5,
        0.5,
        1.0,
        1.0,
        0.9,
        0.9,
        0.9,
        0.5,
        0.9,
        0.8,
        0.9,
        0.7,
        0.5,
        0.9,
        0.9,
        0.9,
        0.8,
        0.9,
        0.8,
        0.8,
        0.2,
        0.1,
        0.1,
        0.6,
        0.4,
        0.6,
        0.6,
        0.4,
        0.3,
        0.4
      ]
    }
  ],
  "v2_period_no_kproj": [
    {
      "seed": 0,
      "recall_at_1_mean": 0.012195121951219513,
      "per_fact": [
        0.0,
        0.0,
        0.0,
        0.0,
        0.3,
        0.0,
        0.0,
        0.0,
        0.0,
        0.0,
        0.0,
        0.1,
        0.1,
        0.0,
        0.0,
        0.0,
        0.0,
        0.0,
        0.0,
        0.0,
        0.0,
        0.0,
        0.0,
        0.0,
        0.0,
        0.0,
        0.0,
        0.0,
        0.0,
        0.0,
        0.0,
        0.0,
        0.0,
        0.0,
        0.0,
        0.0,
        0.0,
        0.0,
        0.0,
        0.0,
        0.0
      ]
    }
  ],
  "v3_period_kproj": [
    {
      "seed": 0,
      "recall_at_1_mean": 0.5585365853658536,
      "per_fact": [
        0.2,
        0.6,
        0.3,
        0.8,
        0.8,
        0.8,
        0.8,
        0.5,
        0.8,
        0.9,
        0.7,
        0.6,
        0.8,
        1.0,
        0.3,
        1.0,
        0.2,
        0.2,
        0.1,
        0.8,
        0.8,
        0.8,
        0.1,
        0.0,
        1.0,
        1.0,
        1.0,
        1.0,
        1.0,
        0.9,
        0.9,
        0.0,
        0.0,
        0.0,
        0.4,
        0.0,
        0.3,
        0.6,
        0.3,
        0.1,
        0.5
      ]
    }
  ]
}