{
  "label": "run_mps_exp26b_gemma_N100",
  "bank_size": 100,
  "chance": 0.01,
  "cells_total": 4800,
  "alphas": [
    {
      "alpha": 0.0003,
      "n_facts": 300,
      "n_retrieval": 900,
      "A_mean": -0.0035937561094760897,
      "A_lo": -0.012187483062346776,
      "A_hi": 0.0048958057661851245,
      "C_mean": -0.006406239122152328,
      "C_lo": -0.01958330164353053,
      "C_hi": 0.006041698058446249,
      "D_mean": -0.01281250923871994,
      "D_lo": -0.023229161699612935,
      "D_hi": -0.00281250591079394,
      "retrieval_accuracy": 0.027777777777777776
    },
    {
      "alpha": 0.001,
      "n_facts": 300,
      "n_retrieval": 900,
      "A_mean": 0.013750030249357224,
      "A_lo": 0.005208345204591751,
      "A_hi": 0.021875056723753613,
      "C_mean": 0.016406266391277312,
      "C_lo": 0.0058333569765090946,
      "C_hi": 0.02812502125898997,
      "D_mean": 0.0161979212363561,
      "D_lo": 0.005625000298023224,
      "D_hi": 0.02770834262172381,
      "retrieval_accuracy": 0.03111111111111111
    },
    {
      "alpha": 0.003,
      "n_facts": 300,
      "n_retrieval": 900,
      "A_mean": 0.033437516689300534,
      "A_lo": 0.023437533676624298,
      "A_hi": 0.04364586313565572,
      "C_mean": 0.0029687464237213137,
      "C_lo": -0.007968774884939194,
      "C_hi": 0.013593734155098597,
      "D_mean": 0.005885416368643443,
      "D_lo": -0.005468765795230865,
      "D_hi": 0.018333365420500437,
      "retrieval_accuracy": 0.028888888888888888
    }
  ]
}