{
  "arch": "residual",
  "alpha": 0.1,
  "seed": 1,
  "nll": 3.5945854410529137,
  "n_attn_layers": 12,
  "mean_v_norm": 470.1970128218333,
  "wallclock_s": 2.081584930419922
}