{
  "arch": "residual",
  "alpha": 1.5,
  "seed": 1,
  "nll": 10.182632863521576,
  "n_attn_layers": 12,
  "mean_v_norm": 519.1905024846395,
  "wallclock_s": 2.2205748558044434,
  "per_layer_norms_per_seg": [
    [
      73.24779510498047,
      1275.72705078125,
      1456.6015625,
      2859.46142578125,
      3018.43603515625,
      3222.90771484375,
      3628.972412109375,
      4015.013916015625,
      4265.55859375,
      4672.2509765625,
      5440.70751953125,
      6711.4951171875,
      12334.3369140625
    ],
    [
      70.76223754882812,
      1246.1053466796875,
      1518.0169677734375,
      3570.876953125,
      3731.8271484375,
      3878.123779296875,
      3987.313720703125,
      4146.0869140625,
      4534.60498046875,
      4743.07080078125,
      5149.3193359375,
      6658.34228515625,
      10830.974609375
    ],
    [
      70.58892822265625,
      1249.8292236328125,
      1463.6036376953125,
      3077.43798828125,
      3192.7568359375,
      3328.5400390625,
      3546.5869140625,
      3708.7705078125,
      4108.27490234375,
      4262.63037109375,
      4655.36767578125,
      5784.73779296875,
      12551.439453125
    ],
    [
      72.2454605102539,
      1243.7532958984375,
      1409.1700439453125,
      2727.3603515625,
      2863.42041015625,
      2960.43896484375,
      3370.900390625,
      3675.767333984375,
      4160.68896484375,
      4720.6552734375,
      5294.15185546875,
      7052.83837890625,
      12107.6416015625
    ],
    [
      72.68002319335938,
      1248.73388671875,
      1516.411376953125,
      2943.064453125,
      3202.18505859375,
      3505.2275390625,
      4021.273193359375,
      4421.35888671875,
      4957.4365234375,
      5225.890625,
      6206.2470703125,
      7772.69873046875,
      12891.7763671875
    ],
    [
      72.47300720214844,
      1247.4495849609375,
      1490.55419921875,
      2890.21533203125,
      3123.834716796875,
      3347.1220703125,
      3820.70703125,
      4337.064453125,
      4885.90234375,
      5126.86328125,
      6028.33154296875,
      7264.947265625,
      14244.833984375
    ],
    [
      72.6986083984375,
      1243.9443359375,
      1520.329345703125,
      2975.876220703125,
      3301.943359375,
      3551.99365234375,
      4006.91259765625,
      4369.65966796875,
      4619.96337890625,
      5165.02734375,
      5778.6650390625,
      7713.27490234375,
      15201.6044921875
    ],
    [
      72.3822021484375,
      1252.2947998046875,
      1513.3837890625,
      2970.647216796875,
      3207.422119140625,
      3437.8671875,
      3867.571533203125,
      4344.4912109375,
      4518.740234375,
      4774.8349609375,
      5573.69189453125,
      6859.62646484375,
      11889.078125
    ],
    [
      72.20132446289062,
      1243.754150390625,
      1487.9622802734375,
      2935.82763671875,
      3174.82763671875,
      3515.89599609375,
      3785.0087890625,
      4165.90283203125,
      4564.42822265625,
      4987.47705078125,
      5503.7578125,
      6788.6240234375,
      12999.9609375
    ],
    [
      73.9547348022461,
      1263.5098876953125,
      1529.9176025390625,
      2961.582275390625,
      3226.158935546875,
      3460.945556640625,
      3897.254150390625,
      4342.75537109375,
      5315.40771484375,
      5506.0283203125,
      5999.60888671875,
      7619.22900390625,
      14515.322265625
    ],
    [
      72.18881225585938,
      1242.1468505859375,
      1416.1776123046875,
      2622.1640625,
      2773.44970703125,
      2950.645751953125,
      3318.610595703125,
      3870.37158203125,
      4628.2197265625,
      5061.53125,
      5778.98388671875,
      7923.91357421875,
      17302.046875
    ],
    [
      72.08097076416016,
      1253.5386962890625,
      1424.1810302734375,
      2620.13330078125,
      2783.884765625,
      3074.31005859375,
      3280.781494140625,
      3466.187744140625,
      4197.63330078125,
      4483.6298828125,
      5101.0771484375,
      7032.615234375,
      13442.748046875
    ],
    [
      71.5580825805664,
      1245.497314453125,
      1432.7742919921875,
      2843.859619140625,
      3017.349853515625,
      3290.87109375,
      3534.342041015625,
      3859.329833984375,
      4422.77001953125,
      4607.03466796875,
      5340.92822265625,
      6983.8046875,
      14284.6484375
    ],
    [
      71.60842895507812,
      1256.131591796875,
      1432.7337646484375,
      2885.23779296875,
      2991.259033203125,
      3168.64013671875,
      3522.26806640625,
      3525.6943359375,
      3896.60693359375,
      4014.109619140625,
      4641.0390625,
      5751.82861328125,
      10375.6064453125
    ],
    [
      71.75801849365234,
      1233.770751953125,
      1435.7823486328125,
      2786.30322265625,
      2990.052734375,
      3174.7060546875,
      3430.63134765625,
      3740.853271484375,
      4115.07177734375,
      4446.18359375,
      5338.44677734375,
      6612.22216796875,
      13926.224609375
    ],
    [
      69.96076965332031,
      1203.872802734375,
      1473.71728515625,
      2854.832763671875,
      3122.01025390625,
      3346.203125,
      3705.85791015625,
      4171.6904296875,
      4631.27197265625,
      5035.7841796875,
      5740.74462890625,
      7259.8291015625,
      14032.626953125
    ],
    [
      70.75146484375,
      1239.463134765625,
      1443.7222900390625,
      2807.4609375,
      2936.102783203125,
      3164.751708984375,
      3426.1845703125,
      4038.842041015625,
      4587.4150390625,
      4667.61474609375,
      5207.33984375,
      6858.875,
      12981.7197265625
    ],
    [
      71.9738998413086,
      1255.382080078125,
      1462.6873779296875,
      2887.494384765625,
      3088.129150390625,
      3377.23974609375,
      3649.44384765625,
      4012.2138671875,
      4254.97314453125,
      4947.6396484375,
      5537.880859375,
      6596.072265625,
      10605.7900390625
    ],
    [
      71.5245132446289,
      1243.2322998046875,
      1405.5147705078125,
      2616.088623046875,
      2723.29833984375,
      3031.456787109375,
      3427.71728515625,
      3783.83154296875,
      4241.8173828125,
      4445.541015625,
      5344.50341796875,
      6960.97314453125,
      12225.0546875
    ],
    [
      71.89740753173828,
      1241.2779541015625,
      1487.062744140625,
      2987.470947265625,
      3210.50634765625,
      3470.226806640625,
      3880.50927734375,
      4105.30419921875,
      4875.63037109375,
      5560.49560546875,
      6389.98193359375,
      7891.94384765625,
      14867.654296875
    ],
    [
      70.76575469970703,
      1254.4305419921875,
      1530.27490234375,
      3731.442138671875,
      3899.775146484375,
      4077.546630859375,
      4210.20068359375,
      4317.623046875,
      4524.02783203125,
      4603.59814453125,
      4944.1474609375,
      6438.7841796875,
      9600.890625
    ],
    [
      70.81363677978516,
      1247.0086669921875,
      1433.64501953125,
      2825.644287109375,
      2987.26416015625,
      3221.66796875,
      3683.876953125,
      3688.916015625,
      4501.220703125,
      4865.3623046875,
      5230.65771484375,
      6339.76708984375,
      13259.1484375
    ],
    [
      72.58641815185547,
      1250.0015869140625,
      1458.9498291015625,
      2834.103271484375,
      2954.53466796875,
      3184.821533203125,
      3710.49658203125,
      4022.116943359375,
      4431.767578125,
      4837.296875,
      5795.3056640625,
      7913.23291015625,
      16224.26171875
    ],
    [
      73.29633331298828,
      1257.411376953125,
      1427.4188232421875,
      2729.56884765625,
      2856.771728515625,
      3013.913818359375,
      3235.958251953125,
      3438.636474609375,
      3917.43994140625,
      4206.009765625,
      4636.45166015625,
      6215.98828125,
      11685.7802734375
    ],
    [
      70.76681518554688,
      1234.48681640625,
      1395.0283203125,
