{
  "arch": "mhc",
  "alpha": 5.0,
  "seed": 2,
  "nll": 11.569067269563675,
  "n_attn_layers": 12,
  "mean_v_norm": 537.4129846096039,
  "wallclock_s": 3.9784791469573975
}