{
  "arch": "mhc",
  "alpha": 0.1,
  "seed": 2,
  "nll": 6.544990822672844,
  "n_attn_layers": 12,
  "mean_v_norm": 474.5026117165883,
  "wallclock_s": 3.984896183013916
}