{
  "arch": "mhc",
  "alpha": 0.0,
  "seed": 2,
  "nll": 6.5393940061330795,
  "n_attn_layers": 12,
  "mean_v_norm": 474.6740079720815,
  "wallclock_s": 2.4237661361694336
}