{
  "arch": "mhc",
  "alpha": 0.5,
  "seed": 2,
  "nll": 6.889045611023903,
  "n_attn_layers": 12,
  "mean_v_norm": 477.49444548288983,
  "wallclock_s": 3.993358850479126
}