{
  "stage": "11_grand_evaluation",
  "n_runs": {
    "11A": 6,
    "11B": 18,
    "11D": 3,
    "11E": 2
  },
  "11A_paraphrase_holdout_recall_at_1": {
    "multilayer": {
      "mean": 0.13844103531705007,
      "ci95_low": 0.13425926367441812,
      "ci95_high": 0.14120370397965112,
      "n": 3,
      "values": [
        0.14120370397965112,
        0.13425926367441812,
        0.139860138297081
      ],
      "gate": 0.85,
      "pass": false
    },
    "prompt_hidden": {
      "mean": 0.05258244834840298,
      "ci95_low": 0.04895104840397835,
      "ci95_high": 0.057870370956758656,
      "n": 3,
      "values": [
        0.05092592568447193,
        0.057870370956758656,
        0.04895104840397835
      ],
      "gate": 0.85,
      "pass": false
    }
  },
  "11A_decoy_x1000_top1": {
    "multilayer": {
      "mean": 1.0,
      "ci95_low": 1.0,
      "ci95_high": 1.0,
      "n": 3,
      "values": [
        1.0,
        1.0,
        1.0
      ],
      "gate": 0.8,
      "pass": true
    },
    "prompt_hidden": {
      "mean": 1.0,
      "ci95_low": 1.0,
      "ci95_high": 1.0,
      "n": 3,
      "values": [
        1.0,
        1.0,
        1.0
      ],
      "gate": 0.8,
      "pass": true
    }
  },
  "11A_value_ablation_random_top1": {
    "mean": 0.0,
    "ci95_low": 0.0,
    "ci95_high": 0.0,
    "n": 6,
    "values": [
      0.0,
      0.0,
      0.0,
      0.0,
      0.0,
      0.0
    ],
    "gate": 0.1,
    "pass": true
  },
  "11A_value_ablation_shuffled_top1": {
    "mean": 0.008903803131991052,
    "ci95_low": 0.006681580909768829,
    "ci95_high": 0.011126025354213274,
    "n": 6,
    "values": [
      0.006666666666666667,
      0.013333333333333334,
      0.006711409395973154,
      0.006666666666666667,
      0.013333333333333334,
      0.006711409395973154
    ],
    "gate": 0.1,
    "pass": true
  },
  "11B_loro_bind_top1_by_relation": {
    "P101": {
      "mean": 0.0,
      "ci95_low": 0.0,
      "ci95_high": 0.0,
      "n": 3,
      "values": [
        0.0,
        0.0,
        0.0
      ],
      "gate": 0.5,
      "pass": false
    },
    "P19": {
      "mean": 0.10000000000000002,
      "ci95_low": 0.10000000000000002,
      "ci95_high": 0.10000000000000002,
      "n": 3,
      "values": [
        0.1,
        0.1,
        0.1
      ],
      "gate": 0.5,
      "pass": false
    },
    "P36": {
      "mean": 0.09523809523809523,
      "ci95_low": 0.09523809523809523,
      "ci95_high": 0.09523809523809523,
      "n": 3,
      "values": [
        0.09523809523809523,
        0.09523809523809523,
        0.09523809523809523
      ],
      "gate": 0.5,
      "pass": false
    },
    "P39": {
      "mean": 0.0,
      "ci95_low": 0.0,
      "ci95_high": 0.0,
      "n": 3,
      "values": [
        0.0,
        0.0,
        0.0
      ],
      "gate": 0.5,
      "pass": false
    },
    "P641": {
      "mean": 0.03508771929824561,
      "ci95_low": 0.0,
      "ci95_high": 0.10526315789473684,
      "n": 3,
      "values": [
        0.10526315789473684,
        0.0,
        0.0
      ],
      "gate": 0.5,
      "pass": false
    },
    "P937": {
      "mean": 0.4166666666666667,
      "ci95_low": 0.375,
      "ci95_high": 0.4375,
      "n": 3,
      "values": [
        0.4375,
        0.4375,
        0.375
      ],
      "gate": 0.5,
      "pass": false
    }
  },
  "11B_loro_bind_top1_overall": {
    "mean": 0.10783208020050125,
    "ci95_low": 0.04573412698412698,
    "ci95_high": 0.17780562517404622,
    "n": 18,
    "values": [
      0.0,
      0.0,
      0.0,
      0.1,
      0.1,
      0.1,
      0.09523809523809523,
      0.09523809523809523,
      0.09523809523809523,
      0.0,
      0.0,
      0.0,
      0.10526315789473684,
      0.0,
      0.0,
      0.4375,
      0.4375,
      0.375
    ],
    "gate": 0.5,
    "pass": false
  },
  "11D_convqa": {
    "k_1_recall": {
      "mean": 1.0,
      "ci95_low": 1.0,
      "ci95_high": 1.0,
      "n": 3,
      "values": [
        1.0,
        1.0,
        1.0
      ]
    },
    "k_3_recall": {
      "mean": 1.0,
      "ci95_low": 1.0,
      "ci95_high": 1.0,
      "n": 3,
      "values": [
        1.0,
        1.0,
        1.0
      ]
    },
    "k_5_recall": {
      "mean": 1.0,
      "ci95_low": 1.0,
      "ci95_high": 1.0,
      "n": 3,
      "values": [
        1.0,
        1.0,
        1.0
      ]
    },
    "k_10_recall": {
      "mean": 1.0,
      "ci95_low": 1.0,
      "ci95_high": 1.0,
      "n": 3,
      "values": [
        1.0,
        1.0,
        1.0
      ],
      "gate": 0.85,
      "pass": true
    }
  },
  "11D_convqa_no_leakage": {
    "k_1_no_leakage": {
      "mean": 1.0,
      "ci95_low": 1.0,
      "ci95_high": 1.0,
      "n": 3,
      "values": [
        1.0,
        1.0,
        1.0
      ]
    },
    "k_3_no_leakage": {
      "mean": 1.0,
      "ci95_low": 1.0,
      "ci95_high": 1.0,
      "n": 3,
      "values": [
        1.0,
        1.0,
        1.0
      ]
    },
    "k_5_no_leakage": {
      "mean": 1.0,
      "ci95_low": 1.0,
      "ci95_high": 1.0,
      "n": 3,
      "values": [
        1.0,
        1.0,
        1.0
      ]
    },
    "k_10_no_leakage": {
      "mean": 1.0,
      "ci95_low": 1.0,
      "ci95_high": 1.0,
      "n": 3,
      "values": [
        1.0,
        1.0,
        1.0
      ]
    }
  },
  "11D_chat_api_dm_top1": {
    "mean": 0.9666666666666667,
    "ci95_low": 0.9499999999999998,
    "ci95_high": 1.0,
    "n": 3,
    "values": [
      0.95,
      0.95,
      1.0
    ]
  },
  "11D_chat_api_rag_top1": {
    "mean": 0.27499999999999997,
    "ci95_low": 0.17499999999999996,
    "ci95_high": 0.375,
    "n": 3,
    "values": [
      0.275,
      0.175,
      0.375
    ]
  },
  "11D_chat_api_advantage": {
    "mean": 0.6916666666666668,
    "ci95_low": 0.625,
    "ci95_high": 0.775,
    "n": 3,
    "values": [
      0.675,
      0.775,
      0.625
    ],
    "gate": 0.0,
    "pass": true
  },
  "11D_poisoning_overwrite_rate": {
    "mean": 0.0,
    "ci95_low": 0.0,
    "ci95_high": 0.0,
    "n": 3,
    "values": [
      0.0,
      0.0,
      0.0
    ],
    "gate": 0.05,
    "pass": true
  },
  "11D_poisoning_benign_accept": {
    "mean": 0.0,
    "ci95_low": 0.0,
    "ci95_high": 0.0,
    "n": 3,
    "values": [
      0.0,
      0.0,
      0.0
    ],
    "gate": 0.9,
    "pass": false
  },
  "11D_poisoning_original_recall": {
    "mean": 0.9833333333333334,
    "ci95_low": 0.9499999999999998,
    "ci95_high": 1.0,
    "n": 3,
    "values": [
      0.95,
      1.0,
      1.0
    ],
    "gate": 0.95,
    "pass": false
  },
  "11E_bit_exact_hashes": [
    {
      "run": "stage11E_bitexact_run1",
      "hash": "21035ec0435ef30132e593a30149200f5ef0f887ec0a0efea6723cb333cbe616"
    },
    {
      "run": "stage11E_bitexact_run2",
      "hash": "21035ec0435ef30132e593a30149200f5ef0f887ec0a0efea6723cb333cbe616"
    }
  ],
  "11E_bit_exact_match": true
}