{
  "math": {
    "model_name": "Qwen/Qwen2.5-0.5B",
    "num_layers": 24,
    "mu_base": [
      5.733509540557861,
      8.29504108428955,
      21.340700149536133,
      36.51806640625,
      37.720054626464844,
      38.90663146972656,
      40.1356201171875,
      40.7618408203125,
      41.22365951538086,
      41.50577163696289,
      42.146453857421875,
      41.99081802368164,
      42.91572189331055,
      43.621543884277344,
      45.304656982421875,
      47.66658401489258,
      52.20558166503906,
      57.33323669433594,
      61.51425552368164,
      68.5445327758789,
      80.56996154785156,
      71.66735076904297,
      78.60464477539062,
      284.2262268066406
    ],
    "sigma_base": [
      1.4011744260787964,
      1.0328443050384521,
      91.86534118652344,
      202.37451171875,
      202.2334442138672,
      205.1609649658203,
      205.00875854492188,
      204.92852783203125,
      204.8570098876953,
      204.82427978515625,
      204.73724365234375,
      204.7429656982422,
      204.6309356689453,
      204.52389526367188,
      204.30018615722656,
      203.97901916503906,
      203.40440368652344,
      202.72412109375,
      202.1658477783203,
      201.25787353515625,
      198.71522521972656,
      6.228860378265381,
      5.364178657531738,
      32.08441162109375
    ],
    "mu_arch": 5,
    "profile_corpus_sha": "9c10e86ca600f3aa",
    "n_prompts": 25,
    "dtype": "bfloat16",
    "eta_sigma": 0.7
  },
  "code": {
    "model_name": "Qwen/Qwen2.5-0.5B",
    "num_layers": 24,
    "mu_base": [
      5.7879204750061035,
      8.39558219909668,
      21.379098892211914,
      36.55397033691406,
      37.854148864746094,
      39.023887634277344,
      40.29018783569336,
      41.03018569946289,
      41.56962203979492,
      41.85129165649414,
      42.398193359375,
      42.18018341064453,
      43.109703063964844,
      43.85531234741211,
      45.52705383300781,
      47.90700912475586,
      52.50709915161133,
      57.86989212036133,
      62.03956985473633,
      69.11202239990234,
      81.23306274414062,
      72.9983901977539,
      79.20133972167969,
      286.6320495605469
    ],
    "sigma_base": [
      1.3710211515426636,
      1.0293071269989014,
      92.15570831298828,
      202.52801513671875,
      202.37579345703125,
      205.30508422851562,
      205.14749145507812,
      205.0560302734375,
      204.97708129882812,
      204.94540405273438,
      204.86529541015625,
      204.877685546875,
      204.76419067382812,
      204.6520233154297,
      204.42999267578125,
      204.1059112548828,
      203.52267456054688,
      202.81405639648438,
      202.25730895996094,
      201.34373474121094,
      198.7906036376953,
      6.526524066925049,
      6.274761199951172,
      29.399578094482422
    ],
    "mu_arch": 5,
    "profile_corpus_sha": "92c9db0c8eb5d291",
    "n_prompts": 25,
    "dtype": "bfloat16",
    "eta_sigma": 0.7
  },
  "creative": {
    "model_name": "Qwen/Qwen2.5-0.5B",
    "num_layers": 24,
    "mu_base": [
      5.74126672744751,
      8.29477596282959,
      21.45897102355957,
      36.64881134033203,
      37.793739318847656,
      38.95591354370117,
      40.18500518798828,
      40.88629150390625,
      41.391361236572266,
      41.672523498535156,
      42.296234130859375,
      42.156822204589844,
      43.07805252075195,
      43.827816009521484,
      45.479026794433594,
      47.83543395996094,
      52.32210922241211,
      57.48069381713867,
      61.75027084350586,
      68.75566864013672,
      80.77635192871094,
      71.81269073486328,
      78.56900787353516,
      284.6717224121094
    ],
    "sigma_base": [
      1.4237165451049805,
      1.0824099779129028,
      93.05541229248047,
      203.69749450683594,
      203.5636749267578,
      206.4940948486328,
      206.34201049804688,
      206.2523651123047,
      206.1759490966797,
      206.14283752441406,
      206.05760192871094,
      206.06134033203125,
      205.94961547851562,
      205.8370819091797,
      205.617431640625,
      205.2969970703125,
      204.7286376953125,
      204.04544067382812,
      203.47633361816406,
      202.5711669921875,
      200.03134155273438,
      5.950040340423584,
      5.342281818389893,
      30.55378532409668
    ],
    "mu_arch": 5,
    "profile_corpus_sha": "30fa6965ae25c808",
    "n_prompts": 25,
    "dtype": "bfloat16",
    "eta_sigma": 0.7
  },
  "news": {
    "model_name": "Qwen/Qwen2.5-0.5B",
    "num_layers": 24,
    "mu_base": [
      5.771271705627441,
      8.324494361877441,
      21.285625457763672,
      36.495243072509766,
      37.715576171875,
      38.816444396972656,
      40.04943084716797,
      40.8040771484375,
      41.34590148925781,
      41.64141845703125,
      42.266082763671875,
      42.085750579833984,
      42.99995040893555,
      43.76695251464844,
      45.39722442626953,
      47.70588302612305,
      52.23796844482422,
      57.4693603515625,
      61.63825988769531,
      68.73601531982422,
      80.66803741455078,
      72.13850402832031,
      78.7693862915039,
      283.8388977050781
    ],
    "sigma_base": [
      1.3663808107376099,
      1.0133811235427856,
      91.48995971679688,
      201.8069305419922,
      201.66371154785156,
      204.60145568847656,
      204.44967651367188,
      204.35377502441406,
      204.2729034423828,
      204.2386932373047,
      204.15264892578125,
      204.16127014160156,
      204.05052185058594,
      203.936279296875,
      203.7196044921875,
      203.4047088623047,
      202.8306427001953,
      202.13868713378906,
      201.5827178955078,
      200.66436767578125,
      198.14138793945312,
      6.938048839569092,
      6.134890079498291,
      31.841379165649414
    ],
    "mu_arch": 5,
    "profile_corpus_sha": "159a05e14039b0ac",
    "n_prompts": 25,
    "dtype": "bfloat16",
    "eta_sigma": 0.7
  }
}