{
  "all_base_frozen": true,
  "any_prompt_insertion": false,
  "any_retrieval_query_uses_answer": false,
  "mean_delta_margin": -0.08414068512502126,
  "mean_delta_margin_advantage_vs_wrong_query": -0.007027377403574064,
  "mean_delta_qv_nll": 5.166050674131839,
  "mean_no_memory_margin": -0.03454345092177391,
  "mean_no_memory_nll": 12.843797594308853,
  "mean_wrong_query_margin": -0.0771133077214472,
  "mean_wrong_query_nll": 5.150386862864252,
  "num_tasks": 2,
  "total_eval_examples": 32
}
