{
  "model": "Qwen/Qwen3-4B-Instruct-2507",
  "seed": 0,
  "N": 512,
  "bank_layer": 9,
  "rank": 64,
  "lr": 0.0002,
  "steps": 1000,
  "n_train": 120,
  "n_setA": 512,
  "n_setB": 512,
  "base_A": 12.145313409157097,
  "base_B": 11.916443957947195,
  "nll_A_initial": 5.277320206342946,
  "delta_A_initial": 6.8679932028141515,
  "nll_A_after": 7.997272401596717,
  "delta_A_after": 4.14804100756038,
  "nll_B": 7.854141368228738,
  "delta_B": 4.062302589718456,
  "nll_A_zero": 12.145313409157097,
  "delta_A_zero": 0.0,
  "verdict": {
    "pass": false,
    "rule": "|\u0394_A_after - \u0394_zero| < 0.3 AND |\u0394_B - \u0394_A_initial| < 1.0",
    "delta_A_after_minus_zero": 4.14804100756038,
    "delta_B_minus_A_initial": -2.8056906130956953
  },
  "loss_first10": [
    10.71764850616455,
    8.961108207702637,
    11.138368606567383,
    14.70967960357666,
    10.860145568847656,
    10.011590957641602,
    9.761148452758789,
    11.674034118652344,
    8.699475288391113,
    12.595019340515137
  ],
  "loss_last10": [
    0.07754150032997131,
    0.22661946713924408,
    2.292792558670044,
    0.0013804440386593342,
    3.1584506034851074,
    0.03799137845635414,
    0.005777920130640268,
    2.2780752182006836,
    0.000300958170555532,
    2.452495813369751
  ]
}