{
  "model": "Qwen/Qwen3-4B-Instruct-2507",
  "seed": 2,
  "N": 512,
  "bank_layer": 9,
  "rank": 64,
  "lr": 0.0002,
  "steps": 200,
  "n_train": 120,
  "n_setA": 512,
  "n_setB": 512,
  "base_A": 11.9997932119295,
  "base_B": 11.829792107455432,
  "nll_A_initial": 7.258924895897508,
  "delta_A_initial": 4.740868316031992,
  "nll_A_after": 11.71713921520859,
  "delta_A_after": 0.2826539967209101,
  "nll_B": 11.531606527976692,
  "delta_B": 0.2981855794787407,
  "nll_A_zero": 11.9997932119295,
  "delta_A_zero": 0.0,
  "verdict": {
    "pass": false,
    "rule": "|\u0394_A_after - \u0394_zero| < 0.3 AND |\u0394_B - \u0394_A_initial| < 1.0",
    "delta_A_after_minus_zero": 0.2826539967209101,
    "delta_B_minus_A_initial": -4.442682736553252
  },
  "loss_first10": [
    14.29928970336914,
    10.76974868774414,
    13.19015884399414,
    13.18324089050293,
    14.165599822998047,
    9.75843334197998,
    8.97325611114502,
    11.923970222473145,
    14.925654411315918,
    11.918350219726562
  ],
  "loss_last10": [
    5.6916046142578125,
    9.546799659729004,
    4.999444007873535,
    11.630180358886719,
    8.882997512817383,
    6.283756256103516,
    9.62094497680664,
    11.042670249938965,
    7.221242904663086,
    5.518033981323242
  ]
}