{
  "model": "Qwen/Qwen3-4B-Instruct-2507",
  "seed": 0,
  "N": 512,
  "bank_layer": 9,
  "rank": 64,
  "lr": 0.0002,
  "steps": 200,
  "n_train": 120,
  "n_setA": 512,
  "n_setB": 512,
  "base_A": 12.145313409157097,
  "base_B": 11.916443957947195,
  "nll_A_initial": 7.1592085101874545,
  "delta_A_initial": 4.986104898969643,
  "nll_A_after": 7.33317132666707,
  "delta_A_after": 4.812142082490027,
  "nll_B": 7.099607781972736,
  "delta_B": 4.8168361759744585,
  "nll_A_zero": 12.145313409157097,
  "delta_A_zero": 0.0,
  "verdict": {
    "pass": false,
    "rule": "|\u0394_A_after - \u0394_zero| < 0.3 AND |\u0394_B - \u0394_A_initial| < 1.0",
    "delta_A_after_minus_zero": 4.812142082490027,
    "delta_B_minus_A_initial": -0.16926872299518436
  },
  "loss_first10": [
    10.71764850616455,
    8.966336250305176,
    11.043608665466309,
    14.793902397155762,
    10.90837287902832,
    9.97330093383789,
    9.795015335083008,
    11.71619987487793,
    8.700332641601562,
    12.639127731323242
  ],
  "loss_last10": [
    11.98145580291748,
    1.7089617252349854,
    10.815345764160156,
    6.957061290740967,
    4.148211479187012,
    10.26595401763916,
    8.936727523803711,
    5.065451622009277,
    9.187650680541992,
    9.850752830505371
  ]
}