{
  "model": "Qwen/Qwen3-4B-Instruct-2507",
  "seed": 1,
  "N": 512,
  "bank_layer": 9,
  "rank": 64,
  "lr": 0.0002,
  "steps": 200,
  "n_train": 120,
  "n_setA": 512,
  "n_setB": 512,
  "base_A": 12.016364023089409,
  "base_B": 11.980901166796684,
  "nll_A_initial": 6.747586362354923,
  "delta_A_initial": 5.268777660734486,
  "nll_A_after": 10.403445278294384,
  "delta_A_after": 1.6129187447950244,
  "nll_B": 10.365709888748825,
  "delta_B": 1.6151912780478597,
  "nll_A_zero": 12.016364023089409,
  "delta_A_zero": 0.0,
  "verdict": {
    "pass": false,
    "rule": "|\u0394_A_after - \u0394_zero| < 0.3 AND |\u0394_B - \u0394_A_initial| < 1.0",
    "delta_A_after_minus_zero": 1.6129187447950244,
    "delta_B_minus_A_initial": -3.653586382686626
  },
  "loss_first10": [
    10.922330856323242,
    12.869860649108887,
    10.15772533416748,
    10.319762229919434,
    15.563638687133789,
    11.116013526916504,
    13.483366012573242,
    10.72640609741211,
    9.967659950256348,
    15.541080474853516
  ],
  "loss_last10": [
    9.648544311523438,
    0.7690047025680542,
    5.052530288696289,
    2.882958173751831,
    0.9117394685745239,
    5.4190497398376465,
    11.125276565551758,
    7.0705108642578125,
    4.684211730957031,
    0.33510905504226685
  ]
}