{
  "n_pairs": 1464,
  "n_facts": 183,
  "n_layers": 35,
  "epochs": 8,
  "batch_size": 16,
  "lr": 0.001,
  "temperature": 0.07,
  "loss_first": 3.0445594787597656,
  "loss_last": 1.0516659021377563,
  "is_identity_after_train": false
}