{
  "arch": "mhc",
  "alpha": 0.5,
  "seed": 3,
  "nll": 6.8495834171772,
  "n_attn_layers": 12,
  "mean_v_norm": 477.9085265000661,
  "wallclock_s": 3.929553747177124
}