{
  "arch": "mhc",
  "alpha": 0.05,
  "seed": 3,
  "nll": 6.5462192595005035,
  "n_attn_layers": 12,
  "mean_v_norm": 474.75365503629047,
  "wallclock_s": 3.9767708778381348
}