{
  "arch": "residual",
  "alpha": 1.5,
  "seed": 4,
  "nll": 10.5457364320755,
  "n_attn_layers": 12,
  "mean_v_norm": 521.1092978318533,
  "wallclock_s": 2.2706847190856934,
  "per_layer_norms_per_seg": [
    [
      73.24779510498047,
      1255.5528564453125,
      1449.25341796875,
      2833.1201171875,
      3011.190673828125,
      3204.840087890625,
      3548.83935546875,
      4451.23828125,
      4929.7958984375,
      5478.2919921875,
      6237.84765625,
      7708.6630859375,
      14537.1328125
    ],
    [
      70.76223754882812,
      1232.844970703125,
      1437.68505859375,
      2896.89111328125,
      3080.027099609375,
      3302.48291015625,
      3719.632080078125,
      4139.76416015625,
      4654.580078125,
      4885.60595703125,
      5647.28564453125,
      7181.10205078125,
      13071.1044921875
    ],
    [
      70.58892822265625,
      1240.972900390625,
      1425.8521728515625,
      2899.669921875,
      3038.0751953125,
      3227.501708984375,
      3675.853515625,
      3999.8740234375,
      4563.61083984375,
      4883.580078125,
      5380.9833984375,
      6676.775390625,
      12459.1630859375
    ],
    [
      72.2454605102539,
      1239.8775634765625,
      1491.5025634765625,
      2961.600830078125,
      3173.87109375,
      3365.66845703125,
      3761.71240234375,
      4163.0263671875,
      4390.974609375,
      4755.26611328125,
      5200.78955078125,
      6385.16259765625,
      12314.59375
    ],
    [
      72.68002319335938,
      1229.023681640625,
      1500.31591796875,
      2975.511474609375,
      3197.863525390625,
      3528.7236328125,
      4026.581298828125,
      4170.36962890625,
      4657.79150390625,
      4817.421875,
      5692.89697265625,
      7459.9921875,
      13203.724609375
    ],
    [
      72.47300720214844,
      1246.2237548828125,
      1444.5184326171875,
      2856.04052734375,
      3023.1708984375,
      3323.575439453125,
      3602.8759765625,
      4026.80029296875,
      4489.70458984375,
      4516.3955078125,
      4936.17724609375,
      6544.20166015625,
      13553.326171875
    ],
    [
      72.6986083984375,
      1248.4752197265625,
      1518.46630859375,
      2935.216796875,
      3187.1826171875,
      3514.475830078125,
      3845.734375,
      4172.7568359375,
      4638.07763671875,
      4952.69775390625,
      5832.2041015625,
      7610.5244140625,
      12773.6953125
    ],
    [
      72.3822021484375,
      1254.1480712890625,
      1493.8231201171875,
      2923.2373046875,
      3140.014404296875,
      3456.273193359375,
      3884.93017578125,
      4079.7490234375,
      4821.82958984375,
      4811.818359375,
      6083.43017578125,
      7697.2568359375,
      13433.9013671875
    ],
    [
      72.20132446289062,
      1243.966552734375,
      1497.4290771484375,
      3148.646240234375,
      3274.198974609375,
      3409.07666015625,
      3591.89599609375,
      3885.92822265625,
      4199.126953125,
      4326.9970703125,
      4998.25439453125,
      6106.84814453125,
      9398.228515625
    ],
    [
      73.9547348022461,
      1251.712646484375,
      1478.689453125,
      2888.7060546875,
      3099.3271484375,
      3318.5498046875,
      3588.837158203125,
      4027.42529296875,
      4493.75341796875,
      4670.86181640625,
      5344.56005859375,
      6803.67333984375,
      14626.828125
    ],
    [
      72.18881225585938,
      1241.2535400390625,
      1514.128173828125,
      3035.56787109375,
      3234.20703125,
      3459.69140625,
      3742.431884765625,
      3984.832763671875,
      4452.49853515625,
      4856.21044921875,
      5703.6455078125,
      7454.18359375,
      13114.8515625
    ],
    [
      72.08097076416016,
      1237.5072021484375,
      1468.981689453125,
      2935.8349609375,
      3132.6123046875,
      3341.947021484375,
      3770.16357421875,
      4038.909423828125,
      4739.19873046875,
      5101.65478515625,
      6242.46826171875,
      7816.79296875,
      13407.1611328125
    ],
    [
      71.5580825805664,
      1236.3282470703125,
      1504.2030029296875,
      4205.484375,
      4330.81005859375,
      4490.59814453125,
      4594.029296875,
      4714.37646484375,
      4815.3251953125,
      5066.44580078125,
      5444.04833984375,
      6384.25244140625,
      9136.5244140625
    ],
    [
      71.60842895507812,
      1258.5386962890625,
      1493.4501953125,
      3092.945556640625,
      3358.014404296875,
      3479.885498046875,
      3650.0078125,
      4018.31884765625,
      4334.27490234375,
      4426.1640625,
      4881.68408203125,
      6590.28759765625,
      13809.8466796875
    ],
    [
      71.75801849365234,
      1233.550048828125,
      1398.8831787109375,
      2762.775634765625,
      2869.167236328125,
      3095.532958984375,
      3383.515869140625,
      3790.940673828125,
      4133.2353515625,
      4439.33984375,
      4998.00341796875,
      6507.31201171875,
      12728.263671875
    ],
    [
      69.96076965332031,
      1220.782470703125,
      1432.6002197265625,
      3171.790771484375,
      3312.93310546875,
      3481.40966796875,
      3747.66943359375,
      4038.8935546875,
      4284.23828125,
      4746.88671875,
      5203.5009765625,
      6917.1748046875,
      11557.677734375
    ],
    [
      70.75146484375,
      1243.562255859375,
      1519.771728515625,
      3105.5390625,
      3340.650390625,
      3591.61865234375,
      3814.134033203125,
      4117.41943359375,
      4472.67236328125,
      4708.5,
      5340.2275390625,
      6772.07568359375,
      12129.2001953125
    ],
    [
      71.9738998413086,
      1245.9185791015625,
      1451.7001953125,
      2888.442626953125,
      3066.12109375,
      3308.208984375,
      3790.615234375,
      4314.01806640625,
      4722.8798828125,
      4951.4501953125,
      5786.7890625,
      7087.02001953125,
      10315.2744140625
    ],
    [
      71.5245132446289,
      1244.62060546875,
      1479.810791015625,
      2898.85595703125,
      3104.658203125,
      3339.424072265625,
      3803.804443359375,
      4297.2109375,
      4739.13818359375,
      4908.5498046875,
      6264.4287109375,
      7298.7265625,
      11819.2890625
    ],
    [
      71.89740753173828,
      1232.9344482421875,
      1511.118408203125,
      2990.8818359375,
      3240.621337890625,
      3597.06689453125,
      3774.00927734375,
      4174.7978515625,
      4748.27783203125,
      4881.5419921875,
      5537.37939453125,
      6961.615234375,
      12795.765625
    ],
    [
      70.76575469970703,
      1241.1552734375,
      1518.864013671875,
      2965.750244140625,
      3307.106201171875,
      3609.208740234375,
      3869.13818359375,
      4543.71337890625,
      5058.2373046875,
      5294.78515625,
      6306.0419921875,
      7533.13916015625,
      15066.9990234375
    ],
    [
      70.81363677978516,
      1241.8385009765625,
      1414.827880859375,
      2806.02001953125,
      2963.896484375,
      3078.400146484375,
      3331.43896484375,
      3860.708984375,
      4264.859375,
      4614.04736328125,
      5319.5009765625,
      6569.4716796875,
      11347.203125
    ],
    [
      72.58641815185547,
      1247.7900390625,
      1487.5794677734375,
      3354.83349609375,
      3469.739013671875,
      3617.0703125,
      3720.912841796875,
      3951.05322265625,
      4122.2529296875,
      4385.3349609375,
      4734.234375,
      5660.109375,
      9982.3720703125
    ],
    [
      73.29633331298828,
      1271.9305419921875,
      1419.0849609375,
      2692.87109375,
      2815.239990234375,
      3023.339599609375,
      3402.427978515625,
      3619.80224609375,
      3996.342041015625,
      4440.45556640625,
      5411.42431640625,
      7076.28173828125,
      12625.6806640625
    ],
    [
      70.76681518554688,
      1233.0140380859375,
      1442.71484375,
      2913.283935546875,
      3099.7109375,
