{
  "arch": "residual",
  "alpha": 0.1,
  "seed": 4,
  "nll": 3.5949298813939095,
  "n_attn_layers": 12,
  "mean_v_norm": 470.25288915634155,
  "wallclock_s": 2.1691887378692627
}