{
  "stats": {
    "base_model": {
      "n": 42,
      "n_margin": 42,
      "mean_margin": -4.287946417218163,
      "median_margin": -3.624999523162842,
      "ci95_margin_lo": -5.175883571874528,
      "ci95_margin_hi": -3.4281435746522178,
      "mean_recall_at_1": 0.0,
      "retrieval_accuracy": null,
      "mean_top_score": NaN
    },
    "oracle_correct": {
      "n": 42,
      "n_margin": 42,
      "mean_margin": -1.2456286748250325,
      "median_margin": -0.9375,
      "ci95_margin_lo": -1.8316509524981182,
      "ci95_margin_hi": -0.7315801705632891,
      "mean_recall_at_1": 0.0,
      "retrieval_accuracy": 1.0,
      "mean_top_score": 1.0
    },
    "oracle_random": {
      "n": 42,
      "n_margin": 42,
      "mean_margin": -1.964192651567005,
      "median_margin": -2.12353515625,
      "ci95_margin_lo": -2.5431691924730937,
      "ci95_margin_hi": -1.4599499038287571,
      "mean_recall_at_1": 0.0,
      "retrieval_accuracy": 0.0,
      "mean_top_score": 0.793212354183197
    },
    "oracle_shuffled": {
      "n": 42,
      "n_margin": 42,
      "mean_margin": -0.11662265232631139,
      "median_margin": -0.18695068359375,
      "ci95_margin_lo": -0.5059514363606771,
      "ci95_margin_hi": 0.28102475120907716,
      "mean_recall_at_1": 0.0,
      "retrieval_accuracy": 1.0,
      "mean_top_score": 1.0
    },
    "oracle_sign_flip": {
      "n": 42,
      "n_margin": 42,
      "mean_margin": -4.580752418154762,
      "median_margin": -5.062500953674316,
      "ci95_margin_lo": -5.824309788999104,
      "ci95_margin_hi": -3.175675745805105,
      "mean_recall_at_1": 0.0,
      "retrieval_accuracy": 1.0,
      "mean_top_score": 1.0
    }
  },
  "verdict": {
    "verdict": "STEERING_ONLY",
    "base_margin": -4.287946417218163,
    "oracle_correct_margin": -1.2456286748250325,
    "oracle_correct_ci_lo": -1.8316509524981182,
    "oracle_random_margin": -1.964192651567005,
    "oracle_shuffled_margin": -0.11662265232631139,
    "oracle_sign_flip_margin": -4.580752418154762,
    "delta_vs_base": 3.0423177423931307,
    "gap_vs_strongest_control": -1.129006022498721
  }
}