{
  "n_total_cells": 1152,
  "alphas": [
    0.005
  ],
  "bank_size": 64,
  "per_alpha": {
    "0.0050": {
      "variants": {
        "base": {
          "n": 192,
          "mean_margin": -5.107961564921425,
          "sem_margin": 0.3309314857554397
        },
        "full_bank_concat": {
          "n": 192,
          "mean_margin": -0.3720390126109123,
          "sem_margin": 0.2020424945651716
        },
        "full_bank_topk1": {
          "n": 192,
          "mean_margin": -0.8307878375053406,
          "sem_margin": 0.25465936194205097,
          "retrieval_accuracy": 0.03125,
          "retrieval_se": 0.012556836928376244,
          "chance": 0.015625,
          "accuracy_above_chance_3se": false,
          "n_retrieval": 192,
          "mean_bank_mass": 0.29754812052083757,
          "mean_max_bank_prob": 0.09474505975979103,
          "mean_top1_top2_gap": 0.05363928129978982
        },
        "full_bank_topk1_meanV": {
          "n": 192,
          "mean_margin": -0.8498628698289394,
          "sem_margin": 0.22916423269612005,
          "retrieval_accuracy": 0.03125,
          "retrieval_se": 0.012556836928376244,
          "chance": 0.015625,
          "accuracy_above_chance_3se": false,
          "n_retrieval": 192,
          "mean_bank_mass": 0.298090797403145,
          "mean_max_bank_prob": 0.09517516582531647,
          "mean_top1_top2_gap": 0.05408684655998917
        },
        "full_bank_topk1_minus_correct": {
          "n": 192,
          "mean_margin": -0.6455583833158016,
          "sem_margin": 0.19585324787895078,
          "mean_bank_mass": 0.2926916768984585,
          "mean_max_bank_prob": 0.09444463570293415,
          "mean_top1_top2_gap": 0.053940269864849844
        },
        "full_bank_topk1_shuffled_factids": {
          "n": 192,
          "mean_margin": -0.7695959508419037,
          "sem_margin": 0.21435607859582198,
          "retrieval_accuracy": 0.03125,
          "retrieval_se": 0.012556836928376244,
          "chance": 0.015625,
          "accuracy_above_chance_3se": false,
          "n_retrieval": 192,
          "mean_bank_mass": 0.2974191072849121,
          "mean_max_bank_prob": 0.0949637560083324,
          "mean_top1_top2_gap": 0.05384128030019147
        }
      },
      "contrasts": [
        {
          "gate": "A",
          "hi": "full_bank_topk1",
          "lo": "full_bank_topk1_minus_correct",
          "n": 192,
          "diff_mean": -0.18522945418953896,
          "ci_lo": -0.45434237392619253,
          "ci_hi": 0.05798431948448176,
          "passes": false
        },
        {
          "gate": "C",
          "hi": "full_bank_topk1",
          "lo": "full_bank_topk1_meanV",
          "n": 192,
          "diff_mean": 0.01907503232359886,
          "ci_lo": -0.07626417847350239,
          "ci_hi": 0.11479943841695782,
          "passes": false
        },
        {
          "gate": "D",
          "hi": "full_bank_topk1",
          "lo": "full_bank_topk1_shuffled_factids",
          "n": 192,
          "diff_mean": -0.06119188666343689,
          "ci_lo": -0.2342044214097162,
          "ci_hi": 0.09303114730864763,
          "passes": false
        }
      ],
      "n_pairs": 192
    }
  },
  "gates": {
    "A_strict_passes_count": 0,
    "A_ci_pos_count": 0,
    "B_any_alpha": false,
    "C_any_alpha": false,
    "D_any_alpha": false
  },
  "verdict": "EXP25_FAIL"
}