{
  "label": "run_mps_exp26_gemma_N100",
  "bank_size": 100,
  "chance": 0.01,
  "cells_total": 4800,
  "alphas": [
    {
      "alpha": 0.0003,
      "n_facts": 300,
      "n_retrieval": 900,
      "A_mean": 0.007812503427267074,
      "A_lo": -0.002083326627810796,
      "A_hi": 0.017083310733238856,
      "C_mean": 0.00906249225139618,
      "C_lo": -0.001250009685754776,
      "C_hi": 0.01937497213482857,
      "D_mean": 0.005833351761102676,
      "D_lo": -0.005312461008628209,
      "D_hi": 0.01687499930461248,
      "retrieval_accuracy": 0.03
    },
    {
      "alpha": 0.001,
      "n_facts": 300,
      "n_retrieval": 900,
      "A_mean": -0.00031254425644874575,
      "A_lo": -0.01093754251797994,
      "A_hi": 0.011145801494518916,
      "C_mean": -0.010781283229589463,
      "C_lo": -0.024114581296841305,
      "C_hi": 0.0031770440936088563,
      "D_mean": -0.007916675359010696,
      "D_lo": -0.018437497367461524,
      "D_hi": 0.003906208525101344,
      "retrieval_accuracy": 0.02666666666666667
    },
    {
      "alpha": 0.003,
      "n_facts": 300,
      "n_retrieval": 900,
      "A_mean": 0.01781254068017006,
      "A_lo": 0.007916714400053024,
      "A_hi": 0.0278125362098217,
      "C_mean": 0.009218767881393433,
      "C_lo": -0.0021874884267648062,
      "C_hi": 0.02010422239700953,
      "D_mean": 0.0028125246862570445,
      "D_lo": -0.008072912693023682,
      "D_hi": 0.01312501351038615,
      "retrieval_accuracy": 0.028888888888888888
    }
  ]
}