{
  "stats": {
    "base_model": {
      "n": 42,
      "n_margin": 42,
      "mean_margin": -4.287946417218163,
      "median_margin": -3.624999523162842,
      "ci95_margin_lo": -5.175883571874528,
      "ci95_margin_hi": -3.4281435746522178,
      "mean_recall_at_1": 0.0,
      "retrieval_accuracy": null,
      "mean_top_score": NaN
    },
    "oracle_correct": {
      "n": 42,
      "n_margin": 42,
      "mean_margin": -0.48954843339465914,
      "median_margin": -0.609375,
      "ci95_margin_lo": -1.0143735894135066,
      "ci95_margin_hi": 0.025249583948226052,
      "mean_recall_at_1": 0.0,
      "retrieval_accuracy": 1.0,
      "mean_top_score": 1.0
    },
    "oracle_random": {
      "n": 42,
      "n_margin": 42,
      "mean_margin": -1.481061617533366,
      "median_margin": -1.765625,
      "ci95_margin_lo": -1.9713822921117146,
      "ci95_margin_hi": -1.0192742756434852,
      "mean_recall_at_1": 0.0,
      "retrieval_accuracy": 0.0,
      "mean_top_score": 0.793212354183197
    },
    "oracle_shuffled": {
      "n": 42,
      "n_margin": 42,
      "mean_margin": -0.3236970447358631,
      "median_margin": -0.520751953125,
      "ci95_margin_lo": -0.7951344444638206,
      "ci95_margin_hi": 0.1688479105631503,
      "mean_recall_at_1": 0.0,
      "retrieval_accuracy": 1.0,
      "mean_top_score": 1.0
    },
    "oracle_sign_flip": {
      "n": 42,
      "n_margin": 42,
      "mean_margin": -0.87060546875,
      "median_margin": -1.0625,
      "ci95_margin_lo": -1.8986092703683035,
      "ci95_margin_hi": 0.10605003720238057,
      "mean_recall_at_1": 0.0,
      "retrieval_accuracy": 1.0,
      "mean_top_score": 1.0
    }
  },
  "verdict": {
    "verdict": "STEERING_ONLY",
    "base_margin": -4.287946417218163,
    "oracle_correct_margin": -0.48954843339465914,
    "oracle_correct_ci_lo": -1.0143735894135066,
    "oracle_random_margin": -1.481061617533366,
    "oracle_shuffled_margin": -0.3236970447358631,
    "oracle_sign_flip_margin": -0.87060546875,
    "delta_vs_base": 3.798397983823504,
    "gap_vs_strongest_control": -0.16585138865879606
  }
}