{
  "base_frozen": true,
  "delta_drop_vs_no_memory": 6.951242392882705,
  "delta_margin_advantage_vs_wrong_query": -6.321072578430176e-05,
  "delta_minus_shuffled_nll": 0.11567186005413532,
  "delta_qv_nll": 4.936667809262872,
  "eval_examples": 8,
  "hidden_retrieval_nll": 15.360161244869232,
  "mechanism_supported_on_eval": false,
  "no_memory_nll": 11.887910202145576,
  "prompt_insertion_used": false,
  "random_nll": 11.731909856200218,
  "retrieval_query_uses_answer": false,
  "shared_memory_retrieval": true,
  "shuffled_nll": 4.820995949208736,
  "task": "long_distance_nolima_style",
  "wrong_layer_nll": 8.41903854161501,
  "wrong_query_nll": 4.94961036555469,
  "zero_nll": 11.869802623987198
}
