{
  "n_total_cells": 3600,
  "alphas": [
    0.005
  ],
  "bank_size": 200,
  "per_alpha": {
    "0.0050": {
      "variants": {
        "base": {
          "n": 600,
          "mean_margin": -4.810191663136029,
          "sem_margin": 0.19656588580362538
        },
        "full_bank_concat": {
          "n": 600,
          "mean_margin": -0.3645273470878601,
          "sem_margin": 0.11499853838032045
        },
        "full_bank_topk1": {
          "n": 600,
          "mean_margin": -0.51022999253124,
          "sem_margin": 0.1226261038090207,
          "retrieval_accuracy": 0.01,
          "retrieval_se": 0.00406201920231798,
          "chance": 0.005,
          "accuracy_above_chance_3se": false,
          "n_retrieval": 600,
          "mean_bank_mass": 0.36460250482422346,
          "mean_max_bank_prob": 0.09195646638516336,
          "mean_top1_top2_gap": 0.05037861356738075
        },
        "full_bank_topk1_meanV": {
          "n": 600,
          "mean_margin": -0.5578039202746004,
          "sem_margin": 0.12755879543534948,
          "retrieval_accuracy": 0.005,
          "retrieval_se": 0.0028795254238618328,
          "chance": 0.005,
          "accuracy_above_chance_3se": false,
          "n_retrieval": 600,
          "mean_bank_mass": 0.36476092389778286,
          "mean_max_bank_prob": 0.09207003549452768,
          "mean_top1_top2_gap": 0.050626452397231736
        },
        "full_bank_topk1_minus_correct": {
          "n": 600,
          "mean_margin": -0.46421903860755265,
          "sem_margin": 0.13281409724557341,
          "mean_bank_mass": 0.36329537980112947,
          "mean_max_bank_prob": 0.09206085003964189,
          "mean_top1_top2_gap": 0.05043877419420622
        },
        "full_bank_topk1_shuffled_factids": {
          "n": 600,
          "mean_margin": -0.47008898183703424,
          "sem_margin": 0.1256458310333659,
          "retrieval_accuracy": 0.006666666666666667,
          "retrieval_se": 0.0033222036417169007,
          "chance": 0.005,
          "accuracy_above_chance_3se": false,
          "n_retrieval": 600,
          "mean_bank_mass": 0.36522442002437955,
          "mean_max_bank_prob": 0.09210940194885349,
          "mean_top1_top2_gap": 0.05043824039406092
        }
      },
      "contrasts": [
        {
          "gate": "A",
          "hi": "full_bank_topk1",
          "lo": "full_bank_topk1_minus_correct",
          "n": 600,
          "diff_mean": -0.04601095392368734,
          "ci_lo": -0.1461551596511466,
          "ci_hi": 0.05134337436407804,
          "passes": false
        },
        {
          "gate": "C",
          "hi": "full_bank_topk1",
          "lo": "full_bank_topk1_meanV",
          "n": 600,
          "diff_mean": 0.0475739277433604,
          "ci_lo": -0.021821816868459184,
          "ci_hi": 0.11816371347941458,
          "passes": false
        },
        {
          "gate": "D",
          "hi": "full_bank_topk1",
          "lo": "full_bank_topk1_shuffled_factids",
          "n": 600,
          "diff_mean": -0.04014101069420576,
          "ci_lo": -0.10997867152739005,
          "ci_hi": 0.031794185426551824,
          "passes": false
        }
      ],
      "n_pairs": 600
    }
  },
  "gates": {
    "A_strict_passes_count": 0,
    "A_ci_pos_count": 0,
    "B_any_alpha": false,
    "C_any_alpha": false,
    "D_any_alpha": false
  },
  "verdict": "EXP25_FAIL"
}