{
  "variant": "all_attend_real",
  "seed": 2,
  "model": "Qwen/Qwen3-4B-Instruct-2507",
  "n_train": 120,
  "n_test": 120,
  "n_preload": 512,
  "bank_layer": 9,
  "rank": 64,
  "lr": 0.0002,
  "steps": 200,
  "K": 8,
  "retrieval_mode": "all",
  "use_random_bank": false,
  "query_mode": "mean_embed",
  "before": {
    "base": 12.020033383369446,
    "real": 11.935460615158082,
    "rand": 11.951251069704691,
    "zero": 11.983037960529327,
    "off": 12.020033383369446
  },
  "after": {
    "base": 12.020033383369446,
    "real": 6.770799648265044,
    "rand": 11.86788854598999,
    "zero": 11.983037960529327,
    "off": 12.020033383369446
  },
  "delta_real": -5.2492337351044025,
  "verdict": {
    "pass": null,
    "rule": "informational; see cross-variant comparison",
    "delta_signed": -5.2492337351044025
  },
  "loss_first25": [
    9.995189666748047,
    13.855765342712402,
    7.976606845855713,
    7.649372100830078,
    9.823586463928223,
    11.878583908081055,
    11.3030424118042,
    12.867758750915527,
    12.370070457458496,
    12.423462867736816,
    15.86638069152832,
    13.76950740814209,
    10.287120819091797,
    11.187324523925781,
    15.33079719543457,
    12.674341201782227,
    15.308929443359375,
    9.622895240783691,
    9.535547256469727,
    8.330131530761719,
    11.700161933898926,
    12.431466102600098,
    10.375401496887207,
    8.583517074584961,
    14.363967895507812
  ],
  "loss_last25": [
    12.242432594299316,
    13.668994903564453,
    9.312026023864746,
    8.354633331298828,
    2.1765952110290527,
    7.776349067687988,
    2.0881576538085938,
    5.208173751831055,
    5.735834121704102,
    6.498991966247559,
    5.166782855987549,
    3.4856574535369873,
    1.4321824312210083,
    7.955928802490234,
    7.8634796142578125,
    8.223126411437988,
    9.353265762329102,
    9.602540969848633,
    3.7036285400390625,
    3.3893373012542725,
    8.051094055175781,
    9.09836196899414,
    2.925830364227295,
    6.990116596221924,
    3.2002060413360596
  ],
  "n_train_params": 419876
}