{
  "variant": "topk_cosine_real_K8",
  "seed": 1,
  "model": "Qwen/Qwen3-4B-Instruct-2507",
  "n_train": 120,
  "n_test": 120,
  "n_preload": 512,
  "bank_layer": 9,
  "rank": 64,
  "lr": 0.0002,
  "steps": 200,
  "K": 8,
  "retrieval_mode": "cosine",
  "use_random_bank": false,
  "query_mode": "mean_embed",
  "before": {
    "base": 11.837605905532836,
    "real": 11.835601683457693,
    "rand": 11.83643593788147,
    "zero": 11.835938596725464,
    "off": 11.837605905532836
  },
  "after": {
    "base": 11.837605905532836,
    "real": 7.882427835464478,
    "rand": 11.773586932818095,
    "zero": 11.835938596725464,
    "off": 11.837605905532836
  },
  "delta_real": -3.9551780700683583,
  "verdict": {
    "pass": true,
    "rule": "\u0394_real <= -1.0 (single-run; full pass also requires post_real(all_attend_random_renorm15) >= post_real(topk_cosine_real_K8) + 1.0)",
    "delta_signed": -3.9551780700683583
  },
  "loss_first25": [
    10.82951545715332,
    14.874733924865723,
    15.037537574768066,
    11.335302352905273,
    7.979533672332764,
    11.571287155151367,
    7.489538669586182,
    11.925578117370605,
    12.20759105682373,
    7.9561872482299805,
    16.74031639099121,
    6.91231632232666,
    14.42806339263916,
    8.984753608703613,
    13.831642150878906,
    10.12707233428955,
    11.539243698120117,
    13.953998565673828,
    11.5538330078125,
    15.04491901397705,
    10.2473783493042,
    10.583131790161133,
    9.829551696777344,
    12.163801193237305,
    7.939638137817383
  ],
  "loss_last25": [
    5.533238887786865,
    6.095788955688477,
    11.303699493408203,
    7.377951622009277,
    11.009060859680176,
    12.403974533081055,
    5.143916130065918,
    5.44969367980957,
    8.104290008544922,
    8.148513793945312,
    7.917297840118408,
    3.531757116317749,
    10.326905250549316,
    6.692615032196045,
    5.648309707641602,
    10.362303733825684,
    8.240562438964844,
    13.50490665435791,
    6.98217248916626,
    8.361778259277344,
    10.20937728881836,
    14.723419189453125,
    10.668681144714355,
    6.209296703338623,
    6.254851341247559
  ],
  "n_train_params": 419876
}