{
  "variant": "topk_cosine_real_K8",
  "seed": 2,
  "model": "Qwen/Qwen3-4B-Instruct-2507",
  "n_train": 120,
  "n_test": 120,
  "n_preload": 512,
  "bank_layer": 9,
  "rank": 64,
  "lr": 0.0002,
  "steps": 200,
  "K": 8,
  "retrieval_mode": "cosine",
  "use_random_bank": false,
  "query_mode": "mean_embed",
  "before": {
    "base": 12.020033383369446,
    "real": 12.006374875704447,
    "rand": 12.014348963896433,
    "zero": 12.018840265274047,
    "off": 12.020033383369446
  },
  "after": {
    "base": 12.020033383369446,
    "real": 6.945373857393861,
    "rand": 11.99296422402064,
    "zero": 12.018840265274047,
    "off": 12.020033383369446
  },
  "delta_real": -5.074659525975585,
  "verdict": {
    "pass": true,
    "rule": "\u0394_real <= -1.0 (single-run; full pass also requires post_real(all_attend_random_renorm15) >= post_real(topk_cosine_real_K8) + 1.0)",
    "delta_signed": -5.074659525975585
  },
  "loss_first25": [
    9.841002464294434,
    13.815567016601562,
    7.377408981323242,
    7.597404479980469,
    10.046422004699707,
    11.961543083190918,
    11.47447395324707,
    12.81045913696289,
    12.29365348815918,
    12.52727222442627,
    15.784814834594727,
    14.042464256286621,
    10.308479309082031,
    11.174640655517578,
    15.35774040222168,
    13.512341499328613,
    15.351881980895996,
    9.772987365722656,
    9.604391098022461,
    8.36363697052002,
    11.609207153320312,
    12.477438926696777,
    10.518213272094727,
    8.61821460723877,
    14.567120552062988
  ],
  "loss_last25": [
    10.297407150268555,
    11.007896423339844,
    7.400097370147705,
    7.705448150634766,
    2.4693641662597656,
    8.298386573791504,
    2.689141273498535,
    3.6260952949523926,
    5.187443256378174,
    6.322186470031738,
    5.990047454833984,
    3.2440998554229736,
    1.6893646717071533,
    5.778467655181885,
    5.74859094619751,
    10.230779647827148,
    7.91710090637207,
    9.0969877243042,
    1.0891344547271729,
    5.116825103759766,
    9.504839897155762,
    8.84977912902832,
    0.8775871396064758,
    2.953392505645752,
    2.4178555011749268
  ],
  "n_train_params": 419876
}