{
  "variant": "topk_cosine_random_K8",
  "seed": 2,
  "model": "Qwen/Qwen3-4B-Instruct-2507",
  "n_train": 120,
  "n_test": 120,
  "n_preload": 512,
  "bank_layer": 9,
  "rank": 64,
  "lr": 0.0002,
  "steps": 200,
  "K": 8,
  "retrieval_mode": "cosine",
  "use_random_bank": true,
  "query_mode": "mean_embed",
  "before": {
    "base": 12.020033383369446,
    "real": 12.01291664838791,
    "rand": 12.014348963896433,
    "zero": 12.018840265274047,
    "off": 12.020033383369446
  },
  "after": {
    "base": 12.020033383369446,
    "real": 8.108740803351004,
    "rand": 11.966319644451142,
    "zero": 12.018840265274047,
    "off": 12.020033383369446
  },
  "delta_real": -3.9112925800184417,
  "verdict": {
    "pass": null,
    "rule": "informational; see cross-variant comparison",
    "delta_signed": -3.9112925800184417
  },
  "loss_first25": [
    9.832813262939453,
    13.917207717895508,
    7.489611625671387,
    7.557561874389648,
    10.073196411132812,
    11.982707023620605,
    11.474320411682129,
    12.808238983154297,
    12.161170959472656,
    12.509236335754395,
    15.815173149108887,
    14.073700904846191,
    10.326963424682617,
    11.225979804992676,
    15.367915153503418,
    13.479787826538086,
    15.29554271697998,
    9.855411529541016,
    9.63206672668457,
    8.359353065490723,
    11.574517250061035,
    12.573826789855957,
    10.571098327636719,
    8.659271240234375,
    14.566056251525879
  ],
  "loss_last25": [
    12.76313591003418,
    11.912354469299316,
    8.785079956054688,
    13.890727043151855,
    6.1305251121521,
    8.637906074523926,
    4.329433441162109,
    2.6097569465637207,
    7.842101097106934,
    9.835528373718262,
    6.279787540435791,
    7.87142276763916,
    2.136099100112915,
    5.246784687042236,
    4.830475807189941,
    10.288651466369629,
    8.339094161987305,
    10.806049346923828,
    3.5665924549102783,
    5.967000961303711,
    10.667330741882324,
    8.168428421020508,
    1.7334015369415283,
    12.815382957458496,
    3.5815131664276123
  ],
  "n_train_params": 419876
}