{
  "variant": "all_attend_real",
  "seed": 0,
  "model": "Qwen/Qwen3-4B-Instruct-2507",
  "n_train": 120,
  "n_test": 120,
  "n_preload": 512,
  "bank_layer": 9,
  "rank": 64,
  "lr": 0.0002,
  "steps": 200,
  "K": 8,
  "retrieval_mode": "all",
  "use_random_bank": false,
  "query_mode": "mean_embed",
  "before": {
    "base": 11.997906438509624,
    "real": 12.012680963675182,
    "rand": 12.011137080192565,
    "zero": 11.999729323387147,
    "off": 11.997906438509624
  },
  "after": {
    "base": 11.997906438509624,
    "real": 7.949304715792338,
    "rand": 11.470760508378346,
    "zero": 11.999729323387147,
    "off": 11.997906438509624
  },
  "delta_real": -4.048601722717286,
  "verdict": {
    "pass": null,
    "rule": "informational; see cross-variant comparison",
    "delta_signed": -4.048601722717286
  },
  "loss_first25": [
    10.954323768615723,
    11.35361099243164,
    11.76367473602295,
    9.976903915405273,
    10.29460620880127,
    12.805450439453125,
    11.259405136108398,
    10.268706321716309,
    9.414449691772461,
    9.596574783325195,
    10.415099143981934,
    12.267913818359375,
    14.70229434967041,
    12.75544261932373,
    10.32611083984375,
    15.306900978088379,
    9.69286060333252,
    14.902579307556152,
    7.623346328735352,
    9.881619453430176,
    11.93939208984375,
    9.326364517211914,
    16.174001693725586,
    9.164933204650879,
    10.068559646606445
  ],
  "loss_last25": [
    8.218927383422852,
    13.795201301574707,
    8.232261657714844,
    6.931334972381592,
    6.1426801681518555,
    12.10806655883789,
    6.52263069152832,
    8.880556106567383,
    11.236705780029297,
    6.520073890686035,
    5.571125030517578,
    5.135157108306885,
    8.877893447875977,
    8.710518836975098,
    5.614443302154541,
    3.8348329067230225,
    5.956777572631836,
    11.992198944091797,
    9.413187980651855,
    7.613929271697998,
    5.910435676574707,
    4.520596504211426,
    9.610888481140137,
    7.556243896484375,
    3.3258185386657715
  ],
  "n_train_params": 419876
}