{
  "variant": "all_attend_real",
  "seed": 1,
  "model": "Qwen/Qwen3-4B-Instruct-2507",
  "n_train": 120,
  "n_test": 120,
  "n_preload": 512,
  "bank_layer": 9,
  "rank": 64,
  "lr": 0.0002,
  "steps": 200,
  "K": 8,
  "retrieval_mode": "all",
  "use_random_bank": false,
  "query_mode": "mean_embed",
  "before": {
    "base": 11.837605905532836,
    "real": 11.759087129433949,
    "rand": 11.786057742436727,
    "zero": 11.822575994332631,
    "off": 11.837605905532836
  },
  "after": {
    "base": 11.837605905532836,
    "real": 7.09269606495897,
    "rand": 11.688251988093059,
    "zero": 11.822575994332631,
    "off": 11.837605905532836
  },
  "delta_real": -4.744909840573866,
  "verdict": {
    "pass": null,
    "rule": "informational; see cross-variant comparison",
    "delta_signed": -4.744909840573866
  },
  "loss_first25": [
    10.816810607910156,
    14.914209365844727,
    15.312031745910645,
    11.34181022644043,
    8.020801544189453,
    11.663951873779297,
    7.396833419799805,
    11.827956199645996,
    12.267276763916016,
    7.980579853057861,
    16.835620880126953,
    7.270388126373291,
    14.368841171264648,
    8.861303329467773,
    13.763594627380371,
    10.02295970916748,
    11.477862358093262,
    13.973938941955566,
    11.578194618225098,
    15.401084899902344,
    9.891839981079102,
    10.299177169799805,
    10.030949592590332,
    12.222026824951172,
    7.796593189239502
  ],
  "loss_last25": [
    6.003334045410156,
    5.879670143127441,
    11.94566535949707,
    6.231132507324219,
    8.933012008666992,
    11.362869262695312,
    4.833308219909668,
    7.629250526428223,
    6.786203384399414,
    8.04885196685791,
    6.225399971008301,
    3.16517972946167,
    11.872925758361816,
    6.540720462799072,
    4.958889007568359,
    10.292142868041992,
    6.870365142822266,
    12.527557373046875,
    6.4444990158081055,
    3.885559558868408,
    9.702512741088867,
    13.62204360961914,
    8.556360244750977,
    5.882245063781738,
    6.0290446281433105
  ],
  "n_train_params": 419876
}