{
  "variant": "topk_cosine_real_K8",
  "seed": 0,
  "model": "Qwen/Qwen3-4B-Instruct-2507",
  "n_train": 120,
  "n_test": 120,
  "n_preload": 512,
  "bank_layer": 9,
  "rank": 64,
  "lr": 0.0002,
  "steps": 200,
  "K": 8,
  "retrieval_mode": "cosine",
  "use_random_bank": false,
  "query_mode": "mean_embed",
  "before": {
    "base": 11.997906438509624,
    "real": 11.999759030342101,
    "rand": 11.996597651640574,
    "zero": 11.99899142185847,
    "off": 11.997906438509624
  },
  "after": {
    "base": 11.997906438509624,
    "real": 9.45950038631757,
    "rand": 11.978680662314098,
    "zero": 11.99899142185847,
    "off": 11.997906438509624
  },
  "delta_real": -2.5384060521920535,
  "verdict": {
    "pass": true,
    "rule": "\u0394_real <= -1.0 (single-run; full pass also requires post_real(all_attend_random_renorm15) >= post_real(topk_cosine_real_K8) + 1.0)",
    "delta_signed": -2.5384060521920535
  },
  "loss_first25": [
    10.936663627624512,
    11.378143310546875,
    11.862430572509766,
    9.954931259155273,
    10.224366188049316,
    12.501228332519531,
    11.264335632324219,
    10.252635955810547,
    9.598454475402832,
    9.560111999511719,
    10.48427677154541,
    12.580992698669434,
    14.809208869934082,
    12.785234451293945,
    10.202963829040527,
    15.005447387695312,
    9.822555541992188,
    14.868048667907715,
    7.793468475341797,
    10.028076171875,
    11.905067443847656,
    10.428037643432617,
    16.33286476135254,
    10.398085594177246,
    9.612639427185059
  ],
  "loss_last25": [
    10.300671577453613,
    14.324240684509277,
    11.047234535217285,
    7.159157752990723,
    4.661423683166504,
    13.421460151672363,
    7.592001438140869,
    10.191757202148438,
    10.955240249633789,
    6.721233367919922,
    6.189390659332275,
    6.325929641723633,
    9.646770477294922,
    13.516899108886719,
    7.399515628814697,
    4.961089611053467,
    11.16076374053955,
    14.024795532226562,
    12.473678588867188,
    6.829936981201172,
    6.2419891357421875,
    5.346654891967773,
    10.610735893249512,
    7.436949253082275,
    4.748591423034668
  ],
  "n_train_params": 419876
}