{
  "variant": "topk_random_indices_K8",
  "seed": 0,
  "model": "Qwen/Qwen3-4B-Instruct-2507",
  "n_train": 120,
  "n_test": 120,
  "n_preload": 512,
  "bank_layer": 9,
  "rank": 64,
  "lr": 0.0002,
  "steps": 200,
  "K": 8,
  "retrieval_mode": "random_indices",
  "use_random_bank": false,
  "query_mode": "mean_embed",
  "before": {
    "base": 11.997906438509624,
    "real": 11.995693023999532,
    "rand": 12.004554724693298,
    "zero": 11.99899142185847,
    "off": 11.997906438509624
  },
  "after": {
    "base": 11.997906438509624,
    "real": 10.509301149845124,
    "rand": 11.970612370967865,
    "zero": 11.99899142185847,
    "off": 11.997906438509624
  },
  "delta_real": -1.4886052886645,
  "verdict": {
    "pass": null,
    "rule": "informational; see cross-variant comparison",
    "delta_signed": -1.4886052886645
  },
  "loss_first25": [
    11.0382719039917,
    11.373571395874023,
    11.902240753173828,
    9.984537124633789,
    10.149337768554688,
    12.528918266296387,
    11.27236557006836,
    10.23226547241211,
    9.63053035736084,
    9.553078651428223,
    10.524497985839844,
    12.52415657043457,
    14.790376663208008,
    12.802539825439453,
    10.178051948547363,
    15.056565284729004,
    9.78954792022705,
    14.8507719039917,
    7.819196701049805,
    9.995282173156738,
    11.943893432617188,
    10.427976608276367,
    16.391647338867188,
    10.52854061126709,
    9.619897842407227
  ],
  "loss_last25": [
    11.235265731811523,
    15.230635643005371,
    11.036886215209961,
    9.437874794006348,
    7.66823673248291,
    14.742125511169434,
    10.844287872314453,
    11.571340560913086,
    13.806415557861328,
    9.787306785583496,
    7.432157516479492,
    9.188070297241211,
    10.114974975585938,
    14.512989044189453,
    10.086771965026855,
    7.163639545440674,
    10.51001262664795,
    15.528059005737305,
    12.774395942687988,
    10.844212532043457,
    9.497014045715332,
    8.324387550354004,
    12.518562316894531,
    7.403662204742432,
    6.5503740310668945
  ],
  "n_train_params": 419876
}