{
  "variant": "topk_cosine_real_K64",
  "seed": 0,
  "model": "Qwen/Qwen3-4B-Instruct-2507",
  "n_train": 120,
  "n_test": 120,
  "n_preload": 512,
  "bank_layer": 9,
  "rank": 64,
  "lr": 0.0002,
  "steps": 200,
  "K": 64,
  "retrieval_mode": "cosine",
  "use_random_bank": false,
  "query_mode": "mean_embed",
  "before": {
    "base": 11.997906438509624,
    "real": 11.997904948393504,
    "rand": 11.998652724424998,
    "zero": 12.003850495815277,
    "off": 11.997906438509624
  },
  "after": {
    "base": 11.997906438509624,
    "real": 8.791810516516367,
    "rand": 11.940041160583496,
    "zero": 12.003850495815277,
    "off": 11.997906438509624
  },
  "delta_real": -3.2060959219932563,
  "verdict": {
    "pass": null,
    "rule": "informational; see cross-variant comparison",
    "delta_signed": -3.2060959219932563
  },
  "loss_first25": [
    11.088153839111328,
    11.427807807922363,
    11.84157943725586,
    10.005887985229492,
    10.262175559997559,
    12.615335464477539,
    11.246917724609375,
    10.198877334594727,
    9.629500389099121,
    9.515396118164062,
    10.512327194213867,
    12.28786849975586,
    14.799967765808105,
    12.741104125976562,
    10.170886039733887,
    15.235218048095703,
    9.799795150756836,
    14.89171028137207,
    7.771244049072266,
    9.972929000854492,
    11.91049861907959,
    10.229918479919434,
    16.222305297851562,
    10.100471496582031,
    9.763219833374023
  ],
  "loss_last25": [
    9.635181427001953,
    14.581382751464844,
    10.043661117553711,
    6.964242935180664,
    7.180471897125244,
    13.922297477722168,
    7.891530513763428,
    9.11248779296875,
    11.379987716674805,
    7.6953125,
    6.4197845458984375,
    6.736613750457764,
    10.587614059448242,
    11.751651763916016,
    6.880371570587158,
    4.854427337646484,
    8.233100891113281,
    12.971281051635742,
    11.792317390441895,
    7.859212398529053,
    7.370634078979492,
    7.178239822387695,
    9.896709442138672,
    7.740649700164795,
    5.142565727233887
  ],
  "n_train_params": 419876
}