{
  "variant": "all_attend_random_renorm15",
  "seed": 0,
  "model": "Qwen/Qwen3-4B-Instruct-2507",
  "n_train": 120,
  "n_test": 120,
  "n_preload": 512,
  "bank_layer": 9,
  "rank": 64,
  "lr": 0.0002,
  "steps": 200,
  "K": 8,
  "retrieval_mode": "all",
  "use_random_bank": true,
  "query_mode": "mean_embed",
  "before": {
    "base": 11.997906438509624,
    "real": 12.007201325893401,
    "rand": 12.011137080192565,
    "zero": 11.999729323387147,
    "off": 11.997906438509624
  },
  "after": {
    "base": 11.997906438509624,
    "real": 6.283493422336566,
    "rand": 11.922306962807973,
    "zero": 11.999729323387147,
    "off": 11.997906438509624
  },
  "delta_real": -5.714413016173058,
  "verdict": {
    "pass": null,
    "rule": "informational; see cross-variant comparison",
    "delta_signed": -5.714413016173058
  },
  "loss_first25": [
    11.019579887390137,
    11.4600248336792,
    11.795303344726562,
    9.97769832611084,
    10.255446434020996,
    12.670516967773438,
    11.311915397644043,
    10.227690696716309,
    9.49946403503418,
    9.568620681762695,
    10.360217094421387,
    12.212432861328125,
    14.907875061035156,
    12.77861499786377,
    10.18861198425293,
    15.267171859741211,
    9.738758087158203,
    14.894857406616211,
    7.760099411010742,
    9.918094635009766,
    11.950671195983887,
    9.912605285644531,
    16.405317306518555,
    10.007740020751953,
    9.710209846496582
  ],
  "loss_last25": [
    3.639997959136963,
    12.878921508789062,
    4.7323503494262695,
    2.9186177253723145,
    0.8696500658988953,
    10.74388313293457,
    0.3295741081237793,
    8.161108016967773,
    7.006015777587891,
    3.1456193923950195,
    3.8063197135925293,
    1.244942545890808,
    8.315220832824707,
    3.3093771934509277,
    0.31236088275909424,
    1.2746431827545166,
    4.031980991363525,
    5.521438121795654,
    8.673003196716309,
    0.8487033247947693,
    1.6948015689849854,
    5.136194229125977,
    6.1119513511657715,
    8.0280122756958,
    0.17854256927967072
  ],
  "n_train_params": 419876
}