{
  "variant": "topk_cosine_random_K8",
  "seed": 1,
  "model": "Qwen/Qwen3-4B-Instruct-2507",
  "n_train": 120,
  "n_test": 120,
  "n_preload": 512,
  "bank_layer": 9,
  "rank": 64,
  "lr": 0.0002,
  "steps": 200,
  "K": 8,
  "retrieval_mode": "cosine",
  "use_random_bank": true,
  "query_mode": "mean_embed",
  "before": {
    "base": 11.837605905532836,
    "real": 11.839057485262552,
    "rand": 11.83643593788147,
    "zero": 11.835938596725464,
    "off": 11.837605905532836
  },
  "after": {
    "base": 11.837605905532836,
    "real": 9.290444167455037,
    "rand": 11.8124129931132,
    "zero": 11.835938596725464,
    "off": 11.837605905532836
  },
  "delta_real": -2.547161738077799,
  "verdict": {
    "pass": null,
    "rule": "informational; see cross-variant comparison",
    "delta_signed": -2.547161738077799
  },
  "loss_first25": [
    10.840795516967773,
    14.828546524047852,
    15.020112991333008,
    11.306985855102539,
    7.882749080657959,
    11.541849136352539,
    7.521344184875488,
    11.954267501831055,
    12.202204704284668,
    8.028463363647461,
    16.719058990478516,
    6.887397766113281,
    14.391704559326172,
    8.943647384643555,
    13.88644027709961,
    10.09942626953125,
    11.558504104614258,
    13.98767375946045,
    11.540160179138184,
    14.936166763305664,
    10.483920097351074,
    10.517709732055664,
    9.750659942626953,
    12.181647300720215,
    7.897440433502197
  ],
  "loss_last25": [
    9.217134475708008,
    4.727120399475098,
    11.574000358581543,
    8.807554244995117,
    8.859001159667969,
    10.204887390136719,
    7.6012139320373535,
    9.875535011291504,
    7.04052734375,
    8.284153938293457,
    9.977822303771973,
    5.826183319091797,
    12.904332160949707,
    7.033080577850342,
    4.334263801574707,
    15.487768173217773,
    12.460792541503906,
    12.47195053100586,
    9.240300178527832,
    6.183304786682129,
    11.487262725830078,
    13.00044059753418,
    11.27209758758545,
    6.791417598724365,
    4.734795093536377
  ],
  "n_train_params": 419876
}