{
  "variant": "topk_cosine_real_K1",
  "seed": 0,
  "model": "Qwen/Qwen3-4B-Instruct-2507",
  "n_train": 120,
  "n_test": 120,
  "n_preload": 512,
  "bank_layer": 9,
  "rank": 64,
  "lr": 0.0002,
  "steps": 200,
  "K": 1,
  "retrieval_mode": "cosine",
  "use_random_bank": false,
  "query_mode": "mean_embed",
  "before": {
    "base": 11.997906438509624,
    "real": 11.994554821650187,
    "rand": 11.999829041957856,
    "zero": 11.99655355612437,
    "off": 11.997906438509624
  },
  "after": {
    "base": 11.997906438509624,
    "real": 11.311293689409892,
    "rand": 12.001295840740204,
    "zero": 11.99655355612437,
    "off": 11.997906438509624
  },
  "delta_real": -0.6866127490997318,
  "verdict": {
    "pass": null,
    "rule": "informational; see cross-variant comparison",
    "delta_signed": -0.6866127490997318
  },
  "loss_first25": [
    11.156368255615234,
    11.37175464630127,
    11.891097068786621,
    9.984872817993164,
    10.16447925567627,
    12.541637420654297,
    11.311812400817871,
    10.262714385986328,
    9.707954406738281,
    9.590165138244629,
    10.52029037475586,
    12.643569946289062,
    14.778105735778809,
    12.820999145507812,
    10.17220687866211,
    15.006933212280273,
    9.849194526672363,
    14.870946884155273,
    7.839826583862305,
    10.002265930175781,
    11.913890838623047,
    10.517013549804688,
    16.39845848083496,
    10.415804862976074,
    9.541102409362793
  ],
  "loss_last25": [
    11.403487205505371,
    15.62474250793457,
    8.278964042663574,
    9.073108673095703,
    8.720009803771973,
    14.95821762084961,
    10.988018035888672,
    10.88437271118164,
    13.3438720703125,
    9.831502914428711,
    9.699353218078613,
    11.533578872680664,
    10.603194236755371,
    13.46065902709961,
    6.761033058166504,
    8.407123565673828,
    10.733705520629883,
    15.10383415222168,
    12.774417877197266,
    10.186908721923828,
    9.362886428833008,
    5.865004062652588,
    13.65078353881836,
    8.089826583862305,
    8.31947135925293
  ],
  "n_train_params": 419876
}