{
  "variant": "topk_cosine_random_K8",
  "seed": 0,
  "model": "Qwen/Qwen3-4B-Instruct-2507",
  "n_train": 120,
  "n_test": 120,
  "n_preload": 512,
  "bank_layer": 9,
  "rank": 64,
  "lr": 0.0002,
  "steps": 200,
  "K": 8,
  "retrieval_mode": "cosine",
  "use_random_bank": true,
  "query_mode": "mean_embed",
  "before": {
    "base": 11.997906438509624,
    "real": 11.99857501188914,
    "rand": 11.996597651640574,
    "zero": 11.99899142185847,
    "off": 11.997906438509624
  },
  "after": {
    "base": 11.997906438509624,
    "real": 7.571726979066928,
    "rand": 11.934323831399281,
    "zero": 11.99899142185847,
    "off": 11.997906438509624
  },
  "delta_real": -4.426179459442696,
  "verdict": {
    "pass": null,
    "rule": "informational; see cross-variant comparison",
    "delta_signed": -4.426179459442696
  },
  "loss_first25": [
    11.162409782409668,
    11.377737045288086,
    11.866789817810059,
    9.960575103759766,
    10.145641326904297,
    12.595361709594727,
    11.262293815612793,
    10.219905853271484,
    9.638401985168457,
    9.559734344482422,
    10.44302749633789,
    12.592996597290039,
    14.761601448059082,
    12.775189399719238,
    10.133862495422363,
    15.01980972290039,
    9.831884384155273,
    14.805798530578613,
    7.818675994873047,
    10.015161514282227,
    11.880603790283203,
    10.54498291015625,
    16.355876922607422,
    10.443061828613281,
    9.537349700927734
  ],
  "loss_last25": [
    10.344833374023438,
    13.790003776550293,
    4.664234161376953,
    3.6049580574035645,
    1.7443360090255737,
    11.538822174072266,
    9.009764671325684,
    7.225734710693359,
    11.637517929077148,
    6.056595802307129,
    2.1664845943450928,
    2.636652708053589,
    8.822681427001953,
    9.989032745361328,
    4.111453056335449,
    2.7922565937042236,
    5.052810192108154,
    15.162822723388672,
    10.714690208435059,
    4.642750263214111,
    3.5264732837677,
    2.630998373031616,
    7.845947742462158,
    7.332838535308838,
    0.17639026045799255
  ],
  "n_train_params": 419876
}