{
  "variant": "all_attend_random_renorm15",
  "seed": 1,
  "model": "Qwen/Qwen3-4B-Instruct-2507",
  "n_train": 120,
  "n_test": 120,
  "n_preload": 512,
  "bank_layer": 9,
  "rank": 64,
  "lr": 0.0002,
  "steps": 200,
  "K": 8,
  "retrieval_mode": "all",
  "use_random_bank": true,
  "query_mode": "mean_embed",
  "before": {
    "base": 11.837605905532836,
    "real": 11.77114159266154,
    "rand": 11.786057742436727,
    "zero": 11.822575994332631,
    "off": 11.837605905532836
  },
  "after": {
    "base": 11.837605905532836,
    "real": 7.082938515146574,
    "rand": 11.708588298161825,
    "zero": 11.822575994332631,
    "off": 11.837605905532836
  },
  "delta_real": -4.754667390386262,
  "verdict": {
    "pass": null,
    "rule": "informational; see cross-variant comparison",
    "delta_signed": -4.754667390386262
  },
  "loss_first25": [
    10.869792938232422,
    14.760151863098145,
    15.200698852539062,
    11.219566345214844,
    8.010645866394043,
    11.601556777954102,
    7.450185298919678,
    11.82083797454834,
    12.225410461425781,
    7.990977764129639,
    16.664260864257812,
    7.136490345001221,
    14.252906799316406,
    8.874605178833008,
    13.759095191955566,
    10.055447578430176,
    11.31511402130127,
    13.978105545043945,
    11.485801696777344,
    15.1795072555542,
    9.832881927490234,
    10.319828987121582,
    9.677355766296387,
    12.134584426879883,
    7.545222282409668
  ],
  "loss_last25": [
    3.335470199584961,
    4.718635082244873,
    10.810552597045898,
    7.066159725189209,
    13.02078628540039,
    13.298332214355469,
    4.8473334312438965,
    6.145623207092285,
    7.071764945983887,
    6.898134708404541,
    9.054368019104004,
    0.8145308494567871,
    14.00328254699707,
    6.9819769859313965,
    3.9019861221313477,
    10.54150104522705,
    10.661836624145508,
    12.880577087402344,
    8.044974327087402,
    4.835877418518066,
    9.37100887298584,
    13.902170181274414,
    10.004695892333984,
    5.341454029083252,
    7.00056791305542
  ],
  "n_train_params": 419876
}