{
  "variant": "all_attend_random_renorm15",
  "seed": 2,
  "model": "Qwen/Qwen3-4B-Instruct-2507",
  "n_train": 120,
  "n_test": 120,
  "n_preload": 512,
  "bank_layer": 9,
  "rank": 64,
  "lr": 0.0002,
  "steps": 200,
  "K": 8,
  "retrieval_mode": "all",
  "use_random_bank": true,
  "query_mode": "mean_embed",
  "before": {
    "base": 12.020033383369446,
    "real": 11.931007548173268,
    "rand": 11.951251069704691,
    "zero": 11.983037960529327,
    "off": 12.020033383369446
  },
  "after": {
    "base": 12.020033383369446,
    "real": 6.902067782233159,
    "rand": 11.874917483329773,
    "zero": 11.983037960529327,
    "off": 12.020033383369446
  },
  "delta_real": -5.117965601136287,
  "verdict": {
    "pass": null,
    "rule": "informational; see cross-variant comparison",
    "delta_signed": -5.117965601136287
  },
  "loss_first25": [
    9.960206985473633,
    13.860883712768555,
    7.8239264488220215,
    7.59731388092041,
    9.872200012207031,
    11.964479446411133,
    11.30299186706543,
    12.928738594055176,
    12.344903945922852,
    12.457420349121094,
    15.892308235168457,
    13.954858779907227,
    10.281185150146484,
    11.231216430664062,
    15.342802047729492,
    12.631375312805176,
    15.402546882629395,
    9.720107078552246,
    9.5557279586792,
    8.276762008666992,
    11.527994155883789,
    12.45741081237793,
    10.252951622009277,
    8.528754234313965,
    14.495221138000488
  ],
  "loss_last25": [
    12.715348243713379,
    13.130932807922363,
    9.772916793823242,
    9.73427963256836,
    2.348121166229248,
    5.94883394241333,
    1.2500311136245728,
    6.227370262145996,
    7.276096820831299,
    9.27042007446289,
    7.366544723510742,
    8.11215591430664,
    0.9627054333686829,
    5.847106456756592,
    5.533489227294922,
    10.822460174560547,
    9.809545516967773,
    8.540156364440918,
    5.4752936363220215,
    4.305383205413818,
    9.841439247131348,
    8.57620906829834,
    3.6753427982330322,
    4.366870880126953,
    5.249458312988281
  ],
  "n_train_params": 419876
}