{
  "arch": "hc",
  "alpha": 10.0,
  "seed": 3,
  "nll": 11.717969208955765,
  "n_attn_layers": 12,
  "mean_v_norm": 531.2836475372314,
  "wallclock_s": 2.5564327239990234
}