{
  "arch": "hc",
  "alpha": 1.0,
  "seed": 3,
  "nll": 7.965211123228073,
  "n_attn_layers": 12,
  "mean_v_norm": 488.7484618822734,
  "wallclock_s": 2.5393362045288086
}