{
  "arch": "hc",
  "alpha": 0.1,
  "seed": 3,
  "nll": 6.574179142713547,
  "n_attn_layers": 12,
  "mean_v_norm": 474.83100803693134,
  "wallclock_s": 2.5348150730133057
}