{
  "arch": "hc",
  "alpha": 2.0,
  "seed": 3,
  "nll": 10.06259298324585,
  "n_attn_layers": 12,
  "mean_v_norm": 509.7969237963359,
  "wallclock_s": 2.5476760864257812
}