{
  "arch": "hc",
  "alpha": 5.0,
  "seed": 3,
  "nll": 11.434596002101898,
  "n_attn_layers": 12,
  "mean_v_norm": 530.7185947100321,
  "wallclock_s": 2.542280912399292
}