{
  "arch": "hc",
  "alpha": 1.5,
  "seed": 3,
  "nll": 9.222154334187508,
  "n_attn_layers": 12,
  "mean_v_norm": 495.40174372990924,
  "wallclock_s": 2.826497793197632,
  "per_layer_norms_per_seg": [
    [
      73.24779510498047,
      1132.0457763671875,
      1285.489990234375,
      2935.745849609375,
      2984.623046875,
      3060.779052734375,
      3083.63818359375,
      3190.624755859375,
      3445.129638671875,
      3737.05224609375,
      4353.43994140625,
      5659.83935546875,
      10884.8720703125
    ],
    [
      70.76223754882812,
      1130.4862060546875,
      1239.578857421875,
      3126.807373046875,
      3124.49169921875,
      3138.129638671875,
      3165.269287109375,
      3303.909423828125,
      3568.801513671875,
      3730.476806640625,
      4211.63525390625,
      5417.9638671875,
      10570.0947265625
    ],
    [
      70.58892822265625,
      1105.13232421875,
      1191.6217041015625,
      2607.6279296875,
      2768.03515625,
      2765.527099609375,
      2860.534423828125,
      3011.2568359375,
      3570.14013671875,
      3977.268310546875,
      4812.13232421875,
      6608.125,
      12359.802734375
    ],
    [
      72.2454605102539,
      1085.626953125,
      1219.9156494140625,
      3008.792236328125,
      3037.109375,
      3085.361328125,
      3158.613037109375,
      3223.5673828125,
      3433.056396484375,
      3730.504638671875,
      4161.89892578125,
      5158.17041015625,
      10091.1005859375
    ],
    [
      72.68002319335938,
      1128.0074462890625,
      1230.7969970703125,
      3130.2822265625,
      3196.3798828125,
      3208.86767578125,
      3242.747802734375,
      3335.993408203125,
      3586.25634765625,
      3739.5478515625,
      4289.8671875,
      5652.97119140625,
      9866.7724609375
    ],
    [
      72.47300720214844,
      1106.0987548828125,
      1268.1212158203125,
      5053.8232421875,
      4896.01611328125,
      4735.29541015625,
      4636.00048828125,
      4631.38671875,
      4722.1064453125,
      4811.47021484375,
      5091.12060546875,
      5811.134765625,
      9947.9443359375
    ],
    [
      72.6986083984375,
      1133.7628173828125,
      1241.7667236328125,
      4107.35791015625,
      4070.545654296875,
      3926.8125,
      3850.650390625,
      3879.47314453125,
      3985.09765625,
      4146.56689453125,
      4392.3359375,
      5331.6123046875,
      9804.748046875
    ],
    [
      72.3822021484375,
      1105.848388671875,
      1240.4659423828125,
      2898.51611328125,
      2994.745361328125,
      3045.54736328125,
      3197.03466796875,
      3372.133056640625,
      3684.867431640625,
      3783.7080078125,
      4457.2646484375,
      5931.16796875,
      11913.31640625
    ],
    [
      72.20132446289062,
      1106.6175537109375,
      1230.21240234375,
      3259.759765625,
      3274.041748046875,
      3244.7158203125,
      3277.169677734375,
      3328.565673828125,
      3498.38037109375,
      3653.075439453125,
      4054.293701171875,
      5209.40234375,
      9726.31640625
    ],
    [
      73.9547348022461,
      1154.3509521484375,
      1243.9190673828125,
      2946.949462890625,
      2997.47119140625,
      2992.31640625,
      3079.596923828125,
      3271.998046875,
      3527.26123046875,
      3602.662109375,
      4008.767333984375,
      5426.4140625,
      11057.30859375
    ],
    [
      72.18881225585938,
      1121.0543212890625,
      1249.4437255859375,
      3336.52294921875,
      3315.35888671875,
      3309.135009765625,
      3323.38525390625,
      3418.787841796875,
      3595.4853515625,
      3844.302001953125,
      4292.64453125,
      5253.3203125,
      9390.4130859375
    ],
    [
      72.08097076416016,
      1118.508056640625,
      1272.9310302734375,
      3103.639404296875,
      3126.381103515625,
      3181.626953125,
      3266.26708984375,
      3305.29296875,
      3478.141845703125,
      3732.80078125,
      4166.01806640625,
      4983.37890625,
      9392.2119140625
    ],
    [
      71.5580825805664,
      1086.607421875,
      1208.2230224609375,
      3282.3681640625,
      3243.504638671875,
      3215.165283203125,
      3209.8779296875,
      3306.23291015625,
      3519.7041015625,
      3673.89599609375,
      4054.770263671875,
      5023.02001953125,
      9246.783203125
    ],
    [
      71.60842895507812,
      1104.9913330078125,
      1235.24462890625,
      3576.46435546875,
      3555.776123046875,
      3565.878662109375,
      3603.288330078125,
      3673.088134765625,
      3876.49951171875,
      4090.171875,
      4411.16796875,
      5738.802734375,
      10489.7509765625
    ],
    [
      71.75801849365234,
      1107.3692626953125,
      1218.0679931640625,
      3075.888916015625,
      3096.84716796875,
      3081.386962890625,
      3118.0498046875,
      3198.620361328125,
      3374.79052734375,
      3549.591552734375,
      4006.234619140625,
      5207.96728515625,
      9998.130859375
    ],
    [
      69.96076965332031,
      1088.9434814453125,
      1205.8770751953125,
      3142.247802734375,
      3137.0830078125,
      3151.21923828125,
      3214.009765625,
      3358.73876953125,
      3455.76416015625,
      3674.9208984375,
      4215.01123046875,
      5250.9345703125,
      8030.041015625
    ],
    [
      70.75146484375,
      1122.9857177734375,
      1248.1151123046875,
      2998.228515625,
      3043.512451171875,
      3051.165771484375,
      3095.255126953125,
      3245.90869140625,
      3555.6318359375,
      3615.287841796875,
      4211.8466796875,
      5531.119140625,
      10141.3359375
    ],
    [
      71.9738998413086,
      1094.3892822265625,
      1230.5802001953125,
      3375.143310546875,
      3356.51806640625,
      3371.136474609375,
      3334.46875,
      3451.86669921875,
      3660.80517578125,
      3851.11181640625,
      4171.3388671875,
      5242.73974609375,
      7739.22998046875
    ],
    [
      71.5245132446289,
      1114.2081298828125,
      1229.238525390625,
      3027.3271484375,
      3073.275390625,
      3105.082275390625,
      3158.266357421875,
      3274.727783203125,
      3455.131591796875,
      3611.89697265625,
      4289.86474609375,
      5437.19580078125,
      9677.1025390625
    ],
    [
      71.89740753173828,
      1101.59912109375,
      1205.9820556640625,
      2855.85107421875,
      2964.67626953125,
      2985.05810546875,
      3024.013916015625,
      3157.326904296875,
      3382.96728515625,
      3577.642578125,
      4130.208984375,
      5296.62060546875,
      8601.1015625
    ],
    [
      70.76575469970703,
      1088.438232421875,
      1234.972900390625,
      3722.001953125,
      3679.5517578125,
      3643.89111328125,
      3650.36865234375,
      3724.084228515625,
      3853.09716796875,
      4046.926025390625,
      4433.0302734375,
      5514.8984375,
      8302.5439453125
    ],
    [
      70.81363677978516,
      1113.8701171875,
      1230.1861572265625,
      3154.7177734375,
      3152.11181640625,
      3157.00341796875,
      3170.418212890625,
      3342.854248046875,
      3694.849609375,
      3771.07958984375,
      4252.3251953125,
      5572.9140625,
      11202.8896484375
    ],
    [
      72.58641815185547,
      1100.2274169921875,
      1235.355712890625,
      3423.48876953125,
      3411.855712890625,
      3424.705078125,
      3456.291748046875,
      3496.130615234375,
      3706.40673828125,
      3875.028076171875,
      4265.34228515625,
      5218.71923828125,
      8256.62109375
    ],
    [
      73.29633331298828,
      1124.188720703125,
      1237.275390625,
      3216.767822265625,
      3229.884521484375,
      3268.2841796875,
      3328.9697265625,
      3359.71435546875,
      3481.909912109375,
      3725.94482421875,
      4202.67138671875,
      5492.74169921875,
      9352.4091796875
    ],
    [
      70.76681518554688,
      1090.05078125,
