{
  "stats": {
    "base_model": {
      "n": 42,
      "n_margin": 42,
      "mean_margin": -4.287946417218163,
      "median_margin": -3.624999523162842,
      "ci95_margin_lo": -5.175883571874528,
      "ci95_margin_hi": -3.4281435746522178,
      "mean_recall_at_1": 0.0,
      "retrieval_accuracy": null,
      "mean_top_score": NaN
    },
    "oracle_correct": {
      "n": 42,
      "n_margin": 42,
      "mean_margin": -3.9434522674197243,
      "median_margin": -3.593749523162842,
      "ci95_margin_lo": -4.84088528071131,
      "ci95_margin_hi": -3.0758741976249784,
      "mean_recall_at_1": 0.0,
      "retrieval_accuracy": 1.0,
      "mean_top_score": 1.0
    },
    "oracle_random": {
      "n": 42,
      "n_margin": 42,
      "mean_margin": -3.9959076642990112,
      "median_margin": -3.499999761581421,
      "ci95_margin_lo": -4.879129356145859,
      "ci95_margin_hi": -3.1416665416388287,
      "mean_recall_at_1": 0.0,
      "retrieval_accuracy": 0.0,
      "mean_top_score": 0.793212354183197
    },
    "oracle_shuffled": {
      "n": 42,
      "n_margin": 42,
      "mean_margin": -3.1683407624562583,
      "median_margin": -2.8125,
      "ci95_margin_lo": -3.952571593437876,
      "ci95_margin_hi": -2.394633491266342,
      "mean_recall_at_1": 0.0,
      "retrieval_accuracy": 1.0,
      "mean_top_score": 1.0
    },
    "oracle_sign_flip": {
      "n": 42,
      "n_margin": 42,
      "mean_margin": -4.3924851304008845,
      "median_margin": -3.453125,
      "ci95_margin_lo": -5.262183767982891,
      "ci95_margin_hi": -3.558756511126246,
      "mean_recall_at_1": 0.0,
      "retrieval_accuracy": 1.0,
      "mean_top_score": 1.0
    }
  },
  "verdict": {
    "verdict": "STEERING_ONLY",
    "base_margin": -4.287946417218163,
    "oracle_correct_margin": -3.9434522674197243,
    "oracle_correct_ci_lo": -4.84088528071131,
    "oracle_random_margin": -3.9959076642990112,
    "oracle_shuffled_margin": -3.1683407624562583,
    "oracle_sign_flip_margin": -4.3924851304008845,
    "delta_vs_base": 0.3444941497984386,
    "gap_vs_strongest_control": -0.775111504963466
  }
}