{
  "arch": "mhc",
  "alpha": 1.0,
  "seed": 0,
  "nll": 8.842680752277374,
  "n_attn_layers": 12,
  "mean_v_norm": 352.80683128039044,
  "wallclock_s": 0.7818498611450195
}