phase,variant,n,mean_margin,ci_lo,ci_hi,median_margin,recall_at_1,mean_target_rank,js_drift,kl_drift,mean_bank_attention_mass,mode,beta
A1_mode_merged_beta_mhc_beta_0_10,correct_bank,300,-0.602388186454773,-0.9770966323216757,-0.24704967498779296,-0.4868278503417969,0.0,32561.023333333334,0.499852195084095,4.949428491592407,nan,merged_beta_mhc,0.1
A1_mode_merged_beta_mhc_beta_0_10,random_kv,300,-0.630645612080892,-0.9641975132624309,-0.31248635292053223,-0.31395792961120605,0.0,19672.16,0.39521146059036255,2.9197142032782235,nan,merged_beta_mhc,0.1
A1_mode_merged_beta_mhc_beta_0_10,random_K_correct_V,300,-0.8209660005569458,-1.1849178314208983,-0.47261492411295575,-0.7182345390319824,0.0,20012.793333333335,0.3721867930392424,2.6020126708348594,nan,merged_beta_mhc,0.1
