phase,variant,n,mean_margin,ci_lo,ci_hi,median_margin,recall_at_1,mean_target_rank,js_drift,kl_drift,mean_bank_attention_mass,mode,beta
A1_mode_merged_beta_mhc_beta_0_20,correct_bank,300,-0.7308251587549845,-1.1124820597966512,-0.3461119524637858,-0.7008113861083984,0.0,31451.23,0.5009704542160034,4.961770596504212,nan,merged_beta_mhc,0.2
A1_mode_merged_beta_mhc_beta_0_20,random_kv,300,-0.6410332918167114,-0.9867460441589355,-0.3127467203140259,-0.34070873260498047,0.0,19125.83,0.39438162207603455,2.9263740638891855,nan,merged_beta_mhc,0.2
A1_mode_merged_beta_mhc_beta_0_20,random_K_correct_V,300,-0.8050796826680501,-1.1693369817733765,-0.45560097535451255,-0.7109341621398926,0.0,20099.99,0.37324092715978624,2.624280123114586,nan,merged_beta_mhc,0.2
