phase,variant,n,mean_margin,ci_lo,ci_hi,median_margin,recall_at_1,mean_target_rank,js_drift,kl_drift,mean_bank_attention_mass,mode,beta
A1_mode_sep_beta_mhc_beta_0_50,correct_bank,300,-4.544265798978352,-5.078317591123438,-4.0337005166049735,-3.8323872089385986,0.0,3144.923333333333,0.0003254684263083618,0.0013009271607734264,nan,sep_beta_mhc,0.5
A1_mode_sep_beta_mhc_beta_0_50,random_kv,300,-4.548758369519297,-5.087169772060976,-4.035815598880484,-3.7964234352111816,0.0,3159.41,0.00032358301056471345,0.0012951653228568223,nan,sep_beta_mhc,0.5
A1_mode_sep_beta_mhc_beta_0_50,random_K_correct_V,300,-4.562328193869131,-5.099748722737422,-4.049805610342883,-3.8285727500915527,0.0,3183.7633333333333,0.00031538684112698926,0.00126221691200044,nan,sep_beta_mhc,0.5
