phase,variant,n,mean_margin,ci_lo,ci_hi,median_margin,recall_at_1,mean_target_rank,js_drift,kl_drift,mean_bank_attention_mass,mode,beta
A1_mode_merged_beta_mhc_beta_0_50,correct_bank,300,-0.8227857724825541,-1.1935003685951233,-0.4532032664616903,-0.7145905494689941,0.0,34514.583333333336,0.5066283065080642,4.988151936531067,nan,merged_beta_mhc,0.5
A1_mode_merged_beta_mhc_beta_0_50,random_kv,300,-0.6063317060470581,-0.9475104443232218,-0.2822735341389974,-0.24562692642211914,0.0,19879.23,0.39472757041454315,2.9186039292812347,nan,merged_beta_mhc,0.5
A1_mode_merged_beta_mhc_beta_0_50,random_K_correct_V,300,-0.8459890667597453,-1.2173160044352214,-0.49577921390533447,-0.7718133926391602,0.0,19549.226666666666,0.3726454119880994,2.6162632469336193,nan,merged_beta_mhc,0.5
