phase,variant,n,mean_margin,ci_lo,ci_hi,median_margin,recall_at_1,mean_target_rank,js_drift,kl_drift,mean_bank_attention_mass,mode,beta
A1_mode_merged_beta_mhc_beta_0_05,correct_bank,300,-0.6965003331502279,-1.0835097869237265,-0.32044264634450276,-0.49624061584472656,0.0,33474.03666666667,0.5002835035324097,5.079345817565918,nan,merged_beta_mhc,0.05
A1_mode_merged_beta_mhc_beta_0_05,random_kv,300,-0.5711486991246542,-0.9094247102737427,-0.24536092281341554,-0.28972673416137695,0.0,19352.44,0.39534193207820256,2.9323876519997913,nan,merged_beta_mhc,0.05
A1_mode_merged_beta_mhc_beta_0_05,random_K_correct_V,300,-0.8260189437866211,-1.1949207099278767,-0.47534989833831787,-0.7272047996520996,0.0,19756.33,0.3723619251946608,2.60731409907341,nan,merged_beta_mhc,0.05
