phase,variant,n,mean_margin,ci_lo,ci_hi,median_margin,recall_at_1,mean_target_rank,js_drift,kl_drift,mean_bank_attention_mass,mode,beta
A1_mode_sep_beta_mhc_beta_1_00,correct_bank,300,-4.551987884218106,-5.0875099433869275,-4.041226585978875,-3.8162444829940796,0.0,3146.9333333333334,0.00031577661662595346,0.0012627964705461637,nan,sep_beta_mhc,1.0
A1_mode_sep_beta_mhc_beta_1_00,random_kv,300,-4.558707303083113,-5.095546646875252,-4.046511821830645,-3.8063316345214844,0.0,3176.08,0.000298007856423889,0.001192967970079432,nan,sep_beta_mhc,1.0
A1_mode_sep_beta_mhc_beta_1_00,random_K_correct_V,300,-4.554816182629438,-5.0910168594145215,-4.042294157098901,-3.8179503679275513,0.0,3156.213333333333,0.00032420689240098,0.001298021066468209,nan,sep_beta_mhc,1.0
