phase,variant,n,mean_margin,ci_lo,ci_hi,median_margin,recall_at_1,mean_target_rank,js_drift,kl_drift,mean_bank_attention_mass,mode,beta
A1_mode_sep_beta_mhc_beta_0_10,correct_bank,300,-4.546279642842322,-5.082396072429062,-4.033460804815016,-3.7767428159713745,0.0,3181.74,0.0002808791989809833,0.0011277162929764018,nan,sep_beta_mhc,0.1
A1_mode_sep_beta_mhc_beta_0_10,random_kv,300,-4.550905731679328,-5.088631519182042,-4.039977063126086,-3.793505907058716,0.0,3166.0833333333335,0.0003457766115995279,0.0013838063186267392,nan,sep_beta_mhc,0.1
A1_mode_sep_beta_mhc_beta_0_10,random_K_correct_V,300,-4.559270312354202,-5.095206134633627,-4.047064548681179,-3.7742369174957275,0.0,3170.17,0.0002941793447340994,0.001177933040986924,nan,sep_beta_mhc,0.1
