phase,variant,n,mean_margin,ci_lo,ci_hi,median_margin,recall_at_1,mean_target_rank,js_drift,kl_drift,mean_bank_attention_mass,mode,beta
phase_b,correct_bank,2421,-0.4877948165186079,-0.6274844703965815,-0.3445684068806651,-0.2928352355957031,0.0,40238.88723667906,0.499852195084095,4.949428491592407,nan,merged_beta_mhc,0.1
phase_b,shuffled_bank,2421,-0.5301952770749974,-0.6668593814578838,-0.39187828758835347,-0.3991680145263672,0.0,40142.17596034696,0.5020588746666909,5.103968477249145,nan,merged_beta_mhc,0.1
phase_b,random_kv,2421,-0.22496161230434716,-0.3719487190246582,-0.07912456235921073,-0.016788482666015625,0.0,26054.63279636514,0.39521146059036255,2.9197142032782235,nan,merged_beta_mhc,0.1
phase_b,correct_K_random_V,2421,-0.5073466583600176,-0.6481752225260555,-0.366349022332325,-0.31334877014160156,0.0,40587.099132589836,0.505704701046149,5.008521137237549,nan,merged_beta_mhc,0.1
phase_b,random_K_correct_V,2421,-0.23839311164452587,-0.3814950683598477,-0.09071262943404905,-0.1305980682373047,0.0,25500.370095002065,0.3721867930392424,2.602012670834859,nan,merged_beta_mhc,0.1
