variant,n,mean_margin,ci_lo,ci_hi,recall_at_1,activation_rate,max_score,mean_score,min_score,score_std,top_minus_mean,top_memory_hit
base_model,42,-4.287946417218163,-5.149925532795134,-3.4315476474307833,0.0,nan,nan,nan,nan,nan,nan,0.0
correct_memory,42,-2.0357607773372104,-2.5320405392419723,-1.54248046875,0.0,0.9954648528780256,0.6183574284826007,0.5399979721932184,0.45073938227835153,0.04680675711660158,0.0783594562893822,0.14285714285714285
gate_off,42,-2.032040516535441,-2.5275762421744212,-1.5395042555672782,0.0,1.0,0.6183574284826007,0.5399979721932184,0.45073938227835153,0.04680675711660158,0.0783594562893822,0.14285714285714285
gate_uniform,42,-1.7230282511029924,-2.1195126374562583,-1.311197905313401,0.0,1.0,0.6183574284826007,0.5399979721932184,0.45073938227835153,0.04680675711660158,0.0783594562893822,0.14285714285714285
random_memory,42,-2.086297864005679,-2.5922502108982632,-1.585123686563401,0.0,0.9952380941027686,0.6112288804281325,0.5384267483438764,0.45073938227835153,0.04590945052249091,0.07280213208425612,0.0
shuffled_layers,42,-4.287202335539318,-5.160342227844965,-3.420386927468436,0.0,0.013605442518989245,0.21475207362146603,0.10836564820437204,0.06660973890462801,0.03663490286895207,0.106386425417094,0.40476190476190477
