variant,n,mean_margin,ci_lo,ci_hi,recall_at_1,activation_rate,max_score,mean_score,min_score,score_std,top_minus_mean,top_memory_hit
base_model,42,-4.287946417218163,-5.149925532795134,-3.4315476474307833,0.0,nan,nan,nan,nan,nan,nan,0.0
correct_memory,42,-3.5424107426688787,-4.341517874172756,-2.7615327551251365,0.0,0.7392290309071541,0.6183574284826007,0.5399979721932184,0.45073938227835153,0.04680675711660158,0.0783594562893822,0.14285714285714285
gate_off,42,-3.003348248345511,-3.6677827494485036,-2.3612352098737444,0.0,1.0,0.6183574284826007,0.5399979721932184,0.45073938227835153,0.04680675711660158,0.0783594562893822,0.14285714285714285
gate_uniform,42,-2.0613839285714284,-2.552734386353266,-1.5731026218051003,0.0,1.0,0.6183574284826007,0.5399979721932184,0.45073938227835153,0.04680675711660158,0.0783594562893822,0.14285714285714285
random_memory,42,-3.638020839009966,-4.446800600914728,-2.853050498735337,0.0,0.7309523829746813,0.6112288804281325,0.5384267483438764,0.45073938227835153,0.04590945052249091,0.07280213208425612,0.0
shuffled_layers,42,-4.2938987754640126,-5.157366014662243,-3.4393600793111894,0.0,0.0,0.21475207362146603,0.10836564820437204,0.06660973890462801,0.03663490286895207,0.106386425417094,0.40476190476190477
