variant,n,mean_margin,ci_lo,ci_hi,recall_at_1,activation_rate,max_score,mean_score,min_score,score_std,top_minus_mean,top_memory_hit
base_model,42,-4.287946417218163,-5.149925532795134,-3.4315476474307833,0.0,nan,nan,nan,nan,nan,nan,0.0
correct_memory,42,-3.0100446542104087,-3.6774553514662243,-2.36607141154153,0.0,0.9954648528780256,0.6183574284826007,0.5399979721932184,0.45073938227835153,0.04680675711660158,0.0783594562893822,0.14285714285714285
gate_off,42,-3.003348248345511,-3.6677827494485036,-2.3612352098737444,0.0,1.0,0.6183574284826007,0.5399979721932184,0.45073938227835153,0.04680675711660158,0.0783594562893822,0.14285714285714285
gate_uniform,42,-2.0613839285714284,-2.552734386353266,-1.5731026218051003,0.0,1.0,0.6183574284826007,0.5399979721932184,0.45073938227835153,0.04680675711660158,0.0783594562893822,0.14285714285714285
random_memory,42,-3.1685267970675515,-3.845982171240307,-2.50855659303211,0.0,0.9952380941027686,0.6112288804281325,0.5384267483438764,0.45073938227835153,0.04590945052249091,0.07280213208425612,0.0
shuffled_layers,42,-4.293526728947957,-5.157737998735337,-3.431547556604658,0.0,0.013605442518989245,0.21475207362146603,0.10836564820437204,0.06660973890462801,0.03663490286895207,0.106386425417094,0.40476190476190477
