phase,config,gap,verdict,base_model,correct_memory,gate_off,gate_uniform,random_memory,shuffled_layers
phase_a,eta_0_05_theta_0_30,-0.9486607256389803,STABILIZER_ONLY,-4.287946417218163,-3.0100446542104087,-3.003348248345511,-2.0613839285714284,-3.1685267970675515,-4.293526728947957
phase_a,eta_0_05_theta_0_50,-1.4810268140974503,STABILIZER_ONLY,-4.287946417218163,-3.5424107426688787,-3.003348248345511,-2.0613839285714284,-3.638020839009966,-4.2938987754640126
phase_a,eta_0_10_theta_0_30,-0.312732526234218,STABILIZER_ONLY,-4.287946417218163,-2.0357607773372104,-2.032040516535441,-1.7230282511029924,-2.086297864005679,-4.287202335539318
phase_a,eta_0_10_theta_0_50,-0.9064825092043196,STABILIZER_ONLY,-4.287946417218163,-2.629510760307312,-2.032040516535441,-1.7230282511029924,-2.7288992007573447,-4.2938987754640126
