{
  "arch": "mhc",
  "alpha": 0.1,
  "seed": 1,
  "nll": 6.5509945303201675,
  "n_attn_layers": 12,
  "mean_v_norm": 474.89183195432025,
  "wallclock_s": 3.987572193145752
}