{
  "arch": "mhc",
  "alpha": 1.0,
  "seed": 1,
  "nll": 7.629898980259895,
  "n_attn_layers": 12,
  "mean_v_norm": 483.81468121210736,
  "wallclock_s": 3.9358408451080322
}