{
  "arch": "mhc",
  "alpha": 0.5,
  "seed": 1,
  "nll": 6.842839941382408,
  "n_attn_layers": 12,
  "mean_v_norm": 478.2862552007039,
  "wallclock_s": 3.9780781269073486
}