{
  "arch": "mhc",
  "alpha": 5.0,
  "seed": 1,
  "nll": 11.660442680120468,
  "n_attn_layers": 12,
  "mean_v_norm": 539.1541922887167,
  "wallclock_s": 3.9606988430023193
}