{
  "experiment": "e05_cross_model",
  "model": "Qwen/Qwen3-4B-Instruct-2507",
  "model_type": "qwen3",
  "seed": 0,
  "n_layers": 36,
  "hidden_size": 2560,
  "n_train": 120,
  "n_test": 120,
  "n_preload": 512,
  "bank_layer": 9,
  "rank": 64,
  "lr": 0.0002,
  "steps": 5000,
  "dim_projection_applied": false,
  "dim_projection_note": "No projection needed (dimensions match)",
  "before": {
    "base": 12.03310783704122,
    "real": 12.016413486003875,
    "rand": 12.007412815093994,
    "zero": 12.021212871869405,
    "off": 12.03310783704122
  },
  "after": {
    "base": 12.03310783704122,
    "real": 8.061380892944142,
    "rand": 11.988838064670563,
    "zero": 12.021212871869405,
    "off": 12.03310783704122
  },
  "verdict": {
    "pass": true,
    "delta_real": 3.971726944097078,
    "delta_rand": 0.04426977237065621,
    "criterion_real": "\u0394_real \u2265 1.0 (signal exists)",
    "criterion_rand": "\u0394_rand \u2264 0.2 (random control flat)",
    "pass_real": true,
    "pass_rand": true
  },
  "loss_first25": [
    7.281546592712402,
    15.626753807067871,
    15.706698417663574,
    9.623486518859863,
    10.784015655517578,
    14.25307846069336,
    9.02173137664795,
    12.578508377075195,
    10.13485050201416,
    15.766711235046387,
    12.15389633178711,
    12.344810485839844,
    9.923087120056152,
    13.015974044799805,
    10.267977714538574,
    12.57909107208252,
    11.063088417053223,
    12.279481887817383,
    9.164240837097168,
    9.995054244995117,
    13.166497230529785,
    11.887778282165527,
    12.57325553894043,
    11.798707962036133,
    14.290302276611328
  ],
  "loss_last25": [
    0.13943585753440857,
    4.529942543740617e-06,
    0.0011037455406039953,
    0.0014748260146006942,
    0.01016227900981903,
    0.00014649747754447162,
    3.135155202471651e-05,
    0.0001560327800689265,
    9.250213042832911e-05,
    0.0005889588501304388,
    5.876845170860179e-05,
    0.00028904073406010866,
    0.0002189634833484888,
    0.000925112864933908,
    0.0017933252966031432,
    0.0012221017386764288,
    0.0008191090892069042,
    0.6965653300285339,
    0.042028915137052536,
    0.00026246439665555954,
    0.008840351365506649,
    0.0005584226455539465,
    0.0019151695305481553,
    0.0033173314295709133,
    0.0007711059297434986
  ],
  "n_train_params": 419876,
  "gate_stats_sample": {
    "layer0": {
      "w_norm": 0.0,
      "b": 0.0
    },
    "layer1": {
      "w_norm": 0.0,
      "b": 0.0
    },
    "layer2": {
      "w_norm": 0.0,
      "b": 0.0
    },
    "layer3": {
      "w_norm": 0.0,
      "b": 0.0
    },
    "layer4": {
      "w_norm": 0.0,
      "b": 0.0
    },
    "layer5": {
      "w_norm": 0.0,
      "b": 0.0
    }
  },
  "elapsed_sec": 886.786388874054
}