{
  "experiment": "e05_cross_model",
  "model": "Qwen/Qwen3-1.7B",
  "model_type": "qwen3",
  "seed": 0,
  "n_layers": 28,
  "hidden_size": 2048,
  "n_train": 120,
  "n_test": 120,
  "n_preload": 512,
  "bank_layer": 9,
  "rank": 64,
  "lr": 0.0002,
  "steps": 200,
  "dim_projection_applied": true,
  "dim_projection_note": "b-vectors projected from 2560\u21922048 via fixed Gaussian (seed=0), renorm L2=15.0",
  "before": {
    "base": 12.647424721717835,
    "real": 12.58666008313497,
    "rand": 12.59403771162033,
    "zero": 12.578367531299591,
    "off": 12.647424721717835
  },
  "after": {
    "base": 12.647424721717835,
    "real": 6.644214235122005,
    "rand": 12.599919621149699,
    "zero": 12.578367531299591,
    "off": 12.647424721717835
  },
  "verdict": {
    "pass": true,
    "delta_real": 6.00321048659583,
    "delta_rand": 0.04750510056813617,
    "criterion_real": "\u0394_real \u2265 1.0 (signal exists)",
    "criterion_rand": "\u0394_rand \u2264 0.2 (random control flat)",
    "pass_real": true,
    "pass_rand": true
  },
  "loss_first25": [
    8.29379653930664,
    15.68243408203125,
    16.429494857788086,
    8.794340133666992,
    10.855720520019531,
    15.058418273925781,
    9.725395202636719,
    18.53972053527832,
    9.085014343261719,
    13.55346393585205,
    11.400558471679688,
    12.721412658691406,
    9.03033447265625,
    14.181093215942383,
    9.783400535583496,
    14.033061981201172,
    13.121094703674316,
    13.183849334716797,
    10.395440101623535,
    11.777200698852539,
    10.372297286987305,
    11.15571403503418,
    9.806543350219727,
    10.850807189941406,
    16.21398162841797
  ],
  "loss_last25": [
    11.50694751739502,
    1.0325170755386353,
    4.523528099060059,
    11.003981590270996,
    10.208873748779297,
    7.34798526763916,
    5.325977802276611,
    5.152663230895996,
    4.359903812408447,
    2.638521194458008,
    6.630977630615234,
    10.707816123962402,
    11.777337074279785,
    2.818162441253662,
    7.669131278991699,
    7.999090194702148,
    4.744110584259033,
    5.149718284606934,
    7.291021347045898,
    4.336256980895996,
    11.168715476989746,
    6.730464935302734,
    3.9031267166137695,
    7.710949897766113,
    6.232087135314941
  ],
  "n_train_params": 319516,
  "gate_stats_sample": {
    "layer0": {
      "w_norm": 0.0,
      "b": 0.0
    },
    "layer1": {
      "w_norm": 0.0,
      "b": 0.0
    },
    "layer2": {
      "w_norm": 0.0,
      "b": 0.0
    },
    "layer3": {
      "w_norm": 0.0,
      "b": 0.0
    },
    "layer4": {
      "w_norm": 0.0,
      "b": 0.0
    },
    "layer5": {
      "w_norm": 0.0,
      "b": 0.0
    }
  },
  "elapsed_sec": 63.39628291130066
}