{
  "label": "run_mps_exp26b_subj2obj",
  "bank_size": 100,
  "chance": 0.01,
  "cells_total": 4800,
  "alphas": [
    {
      "alpha": 0.005,
      "n_facts": 300,
      "n_retrieval": 900,
      "A_mean": 0.4465042805671692,
      "A_lo": 0.28710337400436403,
      "A_hi": 0.6174422105153402,
      "C_mean": 0.13319484949111937,
      "C_lo": 0.029298538366953533,
      "C_hi": 0.23359307765960693,
      "D_mean": 0.17215042193730673,
      "D_lo": 0.08629687786102296,
      "D_hi": 0.26143542289733884,
      "retrieval_accuracy": 0.01888888888888889
    },
    {
      "alpha": 0.01,
      "n_facts": 300,
      "n_retrieval": 900,
      "A_mean": 0.35226697206497193,
      "A_lo": 0.20018244584401448,
      "A_hi": 0.532969442208608,
      "C_mean": 0.10458655595779419,
      "C_lo": 0.007899736563364665,
      "C_hi": 0.2054056215286255,
      "D_mean": 0.03664614200592041,
      "D_lo": -0.0708436910311381,
      "D_hi": 0.14598997354507445,
      "retrieval_accuracy": 0.022222222222222223
    },
    {
      "alpha": 0.02,
      "n_facts": 300,
      "n_retrieval": 900,
      "A_mean": 0.10405318975448609,
      "A_lo": -0.005804980595906575,
      "A_hi": 0.2199566109975179,
      "C_mean": -0.0485213828086853,
      "C_lo": -0.13628563404083252,
      "C_hi": 0.049003076553344724,
      "D_mean": 0.010705831050872803,
      "D_lo": -0.11122922420501709,
      "D_hi": 0.15214717388153076,
      "retrieval_accuracy": 0.021111111111111112
    }
  ]
}