{
  "label": "run_mps_exp26b_mistral_N100",
  "bank_size": 100,
  "chance": 0.01,
  "cells_total": 4800,
  "alphas": [
    {
      "alpha": 0.005,
      "n_facts": 300,
      "n_retrieval": 900,
      "A_mean": -0.004796035119516091,
      "A_lo": -0.013637735675253377,
      "A_hi": 0.004163894288297646,
      "C_mean": -0.003626194756179757,
      "C_lo": -0.009474258024019945,
      "C_hi": 0.0024740410084389927,
      "D_mean": -0.0024974872460340218,
      "D_lo": -0.008198075904068295,
      "D_hi": 0.0035791890457949195,
      "retrieval_accuracy": 0.1
    },
    {
      "alpha": 0.01,
      "n_facts": 300,
      "n_retrieval": 900,
      "A_mean": -0.005809776458545457,
      "A_lo": -0.01556449102001352,
      "A_hi": 0.003963939340816675,
      "C_mean": 0.014659227849278977,
      "C_lo": 0.007912200525734079,
      "C_hi": 0.021663296132004083,
      "D_mean": 0.012043297565020717,
      "D_lo": 0.005189697960310393,
      "D_hi": 0.019225222794587656,
      "retrieval_accuracy": 0.1
    },
    {
      "alpha": 0.02,
      "n_facts": 300,
      "n_retrieval": 900,
      "A_mean": 0.0016444075177514605,
      "A_lo": -0.007136275013269066,
      "A_hi": 0.010910114568305289,
      "C_mean": 0.0034192569542938144,
      "C_lo": -0.002889593826645675,
      "C_hi": 0.009694779858085287,
      "D_mean": 0.0013318317061475683,
      "D_lo": -0.005987810423284827,
      "D_hi": 0.008946939626503081,
      "retrieval_accuracy": 0.1
    }
  ]
}