{
  "B0_no_memory_kproj_attached": [
    {
      "seed": 0,
      "recall_at_1_mean": 0.35353535353535354,
      "per_fact": [
        0.0,
        0.16666666666666666,
        0.16666666666666666,
        0.6666666666666666,
        0.3333333333333333,
        0.3333333333333333,
        0.3333333333333333,
        0.3333333333333333,
        0.6666666666666666,
        0.5,
        0.5,
        0.8333333333333334,
        0.6666666666666666,
        0.6666666666666666,
        0.6666666666666666,
        0.5,
        0.6666666666666666,
        0.3333333333333333,
        0.5,
        0.5,
        0.6666666666666666,
        0.3333333333333333,
        0.5,
        0.0,
        0.0,
        0.0,
        0.0,
        0.16666666666666666,
        0.16666666666666666,
        0.16666666666666666,
        0.0,
        0.3333333333333333,
        0.0
      ]
    },
    {
      "seed": 1,
      "recall_at_1_mean": 0.35353535353535354,
      "per_fact": [
        0.0,
        0.16666666666666666,
        0.16666666666666666,
        0.6666666666666666,
        0.3333333333333333,
        0.3333333333333333,
        0.3333333333333333,
        0.3333333333333333,
        0.6666666666666666,
        0.5,
        0.5,
        0.8333333333333334,
        0.6666666666666666,
        0.6666666666666666,
        0.6666666666666666,
        0.5,
        0.6666666666666666,
        0.3333333333333333,
        0.5,
        0.5,
        0.6666666666666666,
        0.3333333333333333,
        0.5,
        0.0,
        0.0,
        0.0,
        0.0,
        0.16666666666666666,
        0.16666666666666666,
        0.16666666666666666,
        0.0,
        0.3333333333333333,
        0.0
      ]
    },
    {
      "seed": 2,
      "recall_at_1_mean": 0.35353535353535354,
      "per_fact": [
        0.0,
        0.16666666666666666,
        0.16666666666666666,
        0.6666666666666666,
        0.3333333333333333,
        0.3333333333333333,
        0.3333333333333333,
        0.3333333333333333,
        0.6666666666666666,
        0.5,
        0.5,
        0.8333333333333334,
        0.6666666666666666,
        0.6666666666666666,
        0.6666666666666666,
        0.5,
        0.6666666666666666,
        0.3333333333333333,
        0.5,
        0.5,
        0.6666666666666666,
        0.3333333333333333,
        0.5,
        0.0,
        0.0,
        0.0,
        0.0,
        0.16666666666666666,
        0.16666666666666666,
        0.16666666666666666,
        0.0,
        0.3333333333333333,
        0.0
      ]
    }
  ],
  "v3_period_kproj": [
    {
      "seed": 0,
      "recall_at_1_mean": 0.43434343434343436,
      "per_fact": [
        0.3333333333333333,
        0.3333333333333333,
        0.5,
        0.6666666666666666,
        0.16666666666666666,
        0.0,
        0.0,
        0.0,
        0.6666666666666666,
        0.8333333333333334,
        0.6666666666666666,
        0.8333333333333334,
        0.6666666666666666,
        0.6666666666666666,
        0.8333333333333334,
        0.8333333333333334,
        0.6666666666666666,
        0.8333333333333334,
        0.8333333333333334,
        0.8333333333333334,
        0.8333333333333334,
        0.6666666666666666,
        0.6666666666666666,
        0.0,
        0.0,
        0.0,
        0.0,
        0.0,
        0.3333333333333333,
        0.16666666666666666,
        0.0,
        0.5,
        0.0
      ]
    },
    {
      "seed": 1,
      "recall_at_1_mean": 0.43434343434343436,
      "per_fact": [
        0.3333333333333333,
        0.3333333333333333,
        0.5,
        0.6666666666666666,
        0.16666666666666666,
        0.0,
        0.0,
        0.0,
        0.6666666666666666,
        0.8333333333333334,
        0.6666666666666666,
        0.8333333333333334,
        0.6666666666666666,
        0.6666666666666666,
        0.8333333333333334,
        0.8333333333333334,
        0.6666666666666666,
        0.8333333333333334,
        0.8333333333333334,
        0.8333333333333334,
        0.8333333333333334,
        0.6666666666666666,
        0.6666666666666666,
        0.0,
        0.0,
        0.0,
        0.0,
        0.0,
        0.3333333333333333,
        0.16666666666666666,
        0.0,
        0.5,
        0.0
      ]
    },
    {
      "seed": 2,
      "recall_at_1_mean": 0.43434343434343436,
      "per_fact": [
        0.3333333333333333,
        0.3333333333333333,
        0.5,
        0.6666666666666666,
        0.16666666666666666,
        0.0,
        0.0,
        0.0,
        0.6666666666666666,
        0.8333333333333334,
        0.6666666666666666,
        0.8333333333333334,
        0.6666666666666666,
        0.6666666666666666,
        0.8333333333333334,
        0.8333333333333334,
        0.6666666666666666,
        0.8333333333333334,
        0.8333333333333334,
        0.8333333333333334,
        0.8333333333333334,
        0.6666666666666666,
        0.6666666666666666,
        0.0,
        0.0,
        0.0,
        0.0,
        0.0,
        0.3333333333333333,
        0.16666666666666666,
        0.0,
        0.5,
        0.0
      ]
    }
  ],
  "v3_address_kproj": [
    {
      "seed": 0,
      "recall_at_1_mean": 0.29292929292929293,
      "per_fact": [
        0.16666666666666666,
        0.16666666666666666,
        0.16666666666666666,
        0.3333333333333333,
        0.16666666666666666,
        0.0,
        0.16666666666666666,
        0.16666666666666666,
        0.5,
        0.3333333333333333,
        0.6666666666666666,
        0.8333333333333334,
        0.5,
        0.5,
        0.8333333333333334,
        0.3333333333333333,
        0.5,
        0.3333333333333333,
        0.6666666666666666,
        0.6666666666666666,
        0.6666666666666666,
        0.3333333333333333,
        0.3333333333333333,
        0.0,
        0.0,
        0.0,
        0.0,
        0.0,
        0.16666666666666666,
        0.16666666666666666,
        0.0,
        0.0,
        0.0
      ]
    },
    {
      "seed": 1,
      "recall_at_1_mean": 0.29797979797979796,
      "per_fact": [
        0.16666666666666666,
        0.16666666666666666,
        0.16666666666666666,
        0.3333333333333333,
        0.16666666666666666,
        0.0,
        0.16666666666666666,
        0.16666666666666666,
        0.5,
        0.3333333333333333,
        0.6666666666666666,
        0.8333333333333334,
        0.5,
        0.6666666666666666,
        0.8333333333333334,
        0.3333333333333333,
        0.5,
        0.3333333333333333,
        0.6666666666666666,
        0.6666666666666666,
        0.6666666666666666,
        0.3333333333333333,
        0.3333333333333333,
        0.0,
        0.0,
        0.0,
        0.0,
        0.0,
        0.16666666666666666,
        0.16666666666666666,
        0.0,
        0.0,
        0.0
      ]
    },
    {
      "seed": 2,
      "recall_at_1_mean": 0.29292929292929293,
      "per_fact": [
        0.16666666666666666,
        0.16666666666666666,
        0.16666666666666666,
        0.3333333333333333,
        0.16666666666666666,
        0.0,
        0.16666666666666666,
        0.16666666666666666,
        0.5,
        0.3333333333333333,
        0.6666666666666666,
        0.8333333333333334,
        0.5,
        0.5,
        0.8333333333333334,
        0.3333333333333333,
        0.5,
        0.3333333333333333,
        0.6666666666666666,
        0.6666666666666666,
        0.6666666666666666,
        0.3333333333333333,
        0.3333333333333333,
        0.0,
        0.0,
        0.0,
        0.0,
        0.0,
        0.16666666666666666,
        0.16666666666666666,
        0.0,
        0.0,
        0.0
      ]
    }
  ],
  "v3_multi_kproj": [
    {
      "seed": 0,
      "recall_at_1_mean": 0.38383838383838376,