{
  "stats": {
    "base_model": {
      "n": 42,
      "n_margin": 42,
      "mean_margin": -4.287946417218163,
      "median_margin": -3.624999523162842,
      "ci95_margin_lo": -5.175883571874528,
      "ci95_margin_hi": -3.4281435746522178,
      "mean_recall_at_1": 0.0,
      "retrieval_accuracy": null,
      "mean_top_score": NaN
    },
    "oracle_correct": {
      "n": 42,
      "n_margin": 42,
      "mean_margin": -3.720238061178298,
      "median_margin": -3.0,
      "ci95_margin_lo": -4.558054276165508,
      "ci95_margin_hi": -2.9072822380633587,
      "mean_recall_at_1": 0.0,
      "retrieval_accuracy": 1.0,
      "mean_top_score": 1.0
    },
    "oracle_random": {
      "n": 42,
      "n_margin": 42,
      "mean_margin": -3.9464285998117354,
      "median_margin": -3.203125238418579,
      "ci95_margin_lo": -4.777194995681445,
      "ci95_margin_hi": -3.1502046637591867,
      "mean_recall_at_1": 0.0,
      "retrieval_accuracy": 0.0,
      "mean_top_score": 0.793212354183197
    },
    "oracle_shuffled": {
      "n": 42,
      "n_margin": 42,
      "mean_margin": -0.4863048621586391,
      "median_margin": -0.390625,
      "ci95_margin_lo": -1.036179314340864,
      "ci95_margin_hi": 0.020153227306547526,
      "mean_recall_at_1": 0.0,
      "retrieval_accuracy": 1.0,
      "mean_top_score": 1.0
    },
    "oracle_sign_flip": {
      "n": 42,
      "n_margin": 42,
      "mean_margin": -4.72619046483721,
      "median_margin": -4.093750476837158,
      "ci95_margin_lo": -5.6585193110363825,
      "ci95_margin_hi": -3.8348214507102965,
      "mean_recall_at_1": 0.0,
      "retrieval_accuracy": 1.0,
      "mean_top_score": 1.0
    }
  },
  "verdict": {
    "verdict": "STEERING_ONLY",
    "base_margin": -4.287946417218163,
    "oracle_correct_margin": -3.720238061178298,
    "oracle_correct_ci_lo": -4.558054276165508,
    "oracle_random_margin": -3.9464285998117354,
    "oracle_shuffled_margin": -0.4863048621586391,
    "oracle_sign_flip_margin": -4.72619046483721,
    "delta_vs_base": 0.5677083560398648,
    "gap_vs_strongest_control": -3.233933199019659
  }
}